LabelName,DisplayName
/m/faba8d4a,50 Cent
/m/f52cabcb,A. J. Levin
/m/a1d5e220,A. J. Liebling
/m/006ef477,A. J. Sebastian
/m/9a4c1861,A.C. Green
/m/c3a12507,A.J. Mogis
/m/e9c8db96,A.J. Styles
/m/3ff27421,A.W. Tozer
/m/c82513e3,Aaliyah 
/m/a0bc3cd5,Aamir Khan
/m/1c0a11cc,Aaron
/m/505b1db2,"Aaron ""El Hefe"" Abeyta"
/m/cb325274,Aaron Barrett
/m/ff8654af,Aaron Brown
/m/9f836315,Aaron Carter
/m/8ee958ba,Aaron Comess
/m/3f84aecc,Aaron Copeland
/m/710e7d48,Aaron Eckhart 
/m/384e360f,Aaron Feinberg
/m/1afa9e67,Aaron Guerra 
/m/459eb4e1,Aaron Harnik
/m/0ca6fd97,Aaron Himelstein
/m/0caec177,Aaron Jay Kernis
/m/2bbdf267,Aaron Kamin of The Calling
/m/8468baad,Aaron Klug
/m/ea4a4ce5,Aaron Lewis
/m/fcfd2d71,Aaron Lopez
/m/599159be,Aaron North 
/m/e8e48f8f,Aaron Peirsol 
/m/38ca18bc,Aaron Pryor
/m/ebd1a455,Aaron Schock
/m/4d50c3ba,Aaron Siskind
/m/efd64959,Aaron Sorkin
/m/762e2536,Aaron Spelling
/m/900702b3,Aaron T. Beck
/m/c935c8f7,Aaron Wills
/m/7ab1545f,Aayla Secura
/m/3b826580,Abaye
/m/8baa2121,Abba Arika
/m/285cc035,Abba Eban
/m/1884cdd7,Abba Kovner
/m/22b40e38,Abba Mari
/m/203e2c0b,Abbahu
/m/bf67761c,Abbas Kiarostami
/m/3fd76dab,Abbey Rader
/m/fff976da,Abbie Hoffman
/m/46bc4bea,Abby Travis
/m/af9d2d4e,Abe Attell
/m/1f007aac,Abe Beame
/m/18b3c5cd,Abe Fortas
/m/e2ec0023,Abe Foxman
/m/f02ac0b9,Abe Saperstein
/m/91d0c1ed,Abel Gance
/m/2cbf115c,Abel Guier 
/m/d3820dba,Abel Kiviat
/m/ca762dc4,Abel Meeropol
/m/96db69b0,Abigail
/m/03d12bba,Abigail Adams
/m/02cad22e,Abigail Van Buren
/m/7fc7f047,Abner 'Longy' Zwillman
/m/c9af96c0,Abraham
/m/513677b2,Abraham Cahan
/m/7113e21c,Abraham Emanuel
/m/3d3c82e2,Abraham Foxman
/m/48fa87db,Abraham ibn Daud
/m/fe6b60f9,Abraham ibn Ezra
/m/1f6a3eae,Abraham Isaac Kook
/m/1b64b1a1,Abraham Joshua Heschel
/m/a3502858,Abraham Laboriel
/m/2f7cfa60,Abraham Lincoln
/m/be8fa145,Abraham Mapu
/m/9d413c82,Abraham Maslow
/m/b6d36c9a,Abraham Pais
/m/e0161ce1,Abraham Polonsky
/m/fc16a813,Abraham Ribicoff
/m/cfcfebb0,Abraham Robinson
/m/710386cc,Abraham Serfaty
/m/7ade9b7d,Abraham Sinkov
/m/59a7bda5,Abraham Zapruder
/m/59eb18e9,Abraham Zelmanowitz
/m/079d0cfa,"Acaba, Joseph M."
/m/d9416ef7,Ace Andres 
/m/6d7e6677,Ace Frehley
/m/0ba183c9,Acey Slade 
/m/51ce8752,Ada Lovelace
/m/ba569078,Adam Arkin
/m/1e85d986,Adam Brody
/m/84a489e2,Adam Clayton
/m/4d247b3c,Adam Czerniakow
/m/3792a74e,Adam Duritz of Counting Crows
/m/284a89d4,Adam Dutkiewicz 
/m/1228652f,Adam Gardner
/m/0bbadb73,Adam Gaynor
/m/39335a30,Adam Goldberg
/m/f6fc132d,Adam Gontier
/m/73c1a5dc,Adam Green
/m/06ddbd67,Adam Horovitz
/m/a57f6033,Adam Horwitz
/m/639179e5,Adam Jones
/m/4dd6c2c1,Adam Kury
/m/229ce4f9,Adam Levine
/m/cd6bc5ec,Adam Michnik
/m/f05f4a79,Adam Nussbaum 
/m/dfaa815a,Adam Sandler
/m/8e9ea8f6,Adam Schiff
/m/06bb9cf4,Adam Schlesinger
/m/33dc93a1,Adam Shapiro
/m/c86b0373,Adam Smith
/m/a4b4769f,Adam Stanler
/m/6460be08,Adam Stern
/m/04d0f93e,Adam von Buhler 
/m/69acc86f,Adam Worth
/m/3d77e74a,Adam Yauch
/m/7797f84c,Adele Goldberg
/m/e57fe7d0,Adele Goldstine
/m/7644ab77,Adin Steinsaltz
/m/e00bcb51,Ad-Mike D 
/m/ac4ed250,Admiral Ackbar
/m/538bad96,Admiral Isard
/m/bfb205ea,Admiral Motti
/m/3a15227d,Adolf Abraham Halevi Fraenkel
/m/540dea05,Adolf Hitler
/m/03341168,Adolf von Baeyer
/m/63671623,"Adolfo ""Fofi"" Lancha"
/m/32a2a69f,Adolph Gottlieb
/m/57cc8581,Adolph Green
/m/ca5cda48,Adolph Ioffe
/m/efea95e0,Adolph Ochs
/m/6a82d669,Adolph Sutro
/m/79c75583,Adolph Zukor
/m/3773646e,Adolphus Solomons
/m/6f1954d9,Adrian Belew 
/m/14cd9e1a,Adrian Fenty
/m/b967beef,Adrian Jackson 
/m/c27e12b6,Adrian Lambert
/m/2e3053b4,Adrian Lamo
/m/5d397ba8,Adrian Pucey
/m/8a472b96,Adrian Smith
/m/394171f5,Adriana Lima
/m/da0e901a,Adriane Pieczonka
/m/27654c82,Adrien Brody
/m/ce68da0a,Adrienne Rich
/m/14c569a8,Ad-Rock 
/m/14029f1f,Aemilia Lanyer
/m/bd5d020d,Agatha Christie
/m/40acce02,Agnetha Fältskog
/m/5d141807,Agostino Marangolo
/m/5bc02d58,Agustín Barrios 
/m/851d192e,Ahad Ha'am
/m/04c2e906,Aharon Kotler
/m/4aac2d6c,Aharon Lichtenstein
/m/39e29a88,Ahmad Suradji
/m/8e1b1828,Ahsoka Tano
/m/81b5d657,ail Kim
/m/90080482,Aileen Wuornos 
/m/6543bfd8,Aimee Mann 
/m/e35d7795,Aki Kaurismaki
/m/024bd7ca,Akiba Eger
/m/ca1abc0c,Akiba Rubinstein
/m/27433002,Akira Fudo/Devilman
/m/1dbfa322,Akira Kongou
/m/30e785ec,Akira Kurosawa
/m/549169d7,Akira Takasaki 
/m/52faeedf,Akira Tana
/m/fa06c627,Akon
/m/a932e643,Al Alvarez
/m/b5e20f2e,Al Capp
/m/1fbfeba6,Al Casey 
/m/74c38417,Al Cisneros 
/m/e6dc8b13,Al Davis
/m/c245ba5f,Al Di Meola 
/m/7218a42e,Al Franken
/m/54b8a3e2,Al Gore
/m/c110038e,Al Green
/m/be5b08e5,Al Gross
/m/32f20033,Al Hibbler
/m/47f0c2de,Al Hirschfeld
/m/4d50a096,Al Jardine
/m/2de7e1f4,Al Jolson
/m/e75ffe79,Al Kasha
/m/c8bdacbb,Al Kooper 
/m/fc3815f8,"Al Kooper of Blood, Sweat and Tears and The Blues Project"
/m/e0224afe,Al Lewis
/m/58d4ef34,Al McKay
/m/14c21257,Al Michaels
/m/ff5f108e,Al Neiman
/m/1c990950,Al Pacino
/m/e43f0e9b,Al Pitrelli
/m/f3d0a082,Al Rosen
/m/2d522e47,Al Schnier
/m/cd199bdc,Al Stewart 
/m/1f81124d,Al Waxman
/m/46fd091a,Alain Caron
/m/0073f258,Alain Chabat
/m/68df466e,Alain Johannes
/m/47ec9e92,Alain Resnais
/m/774b1f67,Alain Rieder
/m/6546d004,Alan Arkin
/m/a72a1faa,Alan Autry
/m/d27bbbfc,Alan Berg
/m/1c36b2c8,Alan Bergman
/m/33817970,Alan Brinkley
/m/f7961034,Alan Colmes
/m/b5a25236,Alan Davey 
/m/6c346d46,Alan Dershowitz
/m/dfcdda3f,Alan Emslie
/m/7d3e1a4e,Alan Feinberg
/m/6dab4a44,Alan Freed
/m/496560b0,Alan Gelfand
/m/77856c4f,Alan Greenspan
/m/97d38177,Alan Guth
/m/46a30501,Alan Heeger
/m/b9e5fbae,Alan J. Pakula
/m/5edca839,Alan J. Perlis
/m/da9c9a9e,Alan Jackson
/m/b244acb4,Alan Jackson 
/m/5edb0c8f,Alan Jay Lerner
/m/197d89cd,Alan Keyes
/m/f6840da8,Alan King
/m/6fd94a05,Alan Lancaster 
/m/425b9697,Alan Longmuir 
/m/3692398d,Alan Menken
/m/449bc85b,Alan Miller
/m/1ffa1a56,Alan Moore
/m/dff01b2b,Alan Oppenheimer
/m/dedfa371,Alan Paul
/m/87c9788e,Alan Price 
/m/deaa738e,Alan Rickman
/m/ac779c56,Alan Scott
/m/14b54dfe,Alan Sherman
/m/436b86f7,Alan Sokal
/m/c342cdb7,Alan Turing
/m/68a9bc5a,Alan White
/m/d3c1e043,Alan Wilson
/m/19ebb064,Alanis Morissette
/m/82bd4d62,"Alastor ""Mad Eye"" Moody"
/m/bf967137,Albe Bonacci
/m/6a408c48,Albert Abraham Michelson
/m/614e4727,Albert Axelrod
/m/07cbcb10,Albert Bernstein
/m/5ec668dd,Albert Brooks
/m/f43c151d,Albert Collins 
/m/9e83e077,Albert De Salvo 
/m/7560afa1,Albert Einstein
/m/b9123dfb,Albert Fish:
/m/1191d3d1,Albert Goldbarth
/m/a5786988,Albert Hammond 
/m/3485d05e,Albert Kahn
/m/602284d4,Albert King
/m/bf4c5dcd,Albert Lasker
/m/cc2edbf1,Albert Lee 
/m/9b165a5c,Albert Libchaber
/m/6df95dfc,Albert Michelson
/m/bfb8e46c,Albert Pujols
/m/0220424a,Albert S. Bregman
/m/181602d9,Albert Sabin
/m/5f530b8e,Albert Schatz
/m/c26d129f,Albert Von Tilzer
/m/6286f5a0,Alberto Moravia
/m/d8a8a24e,Alberto Ponce 
/m/6fd4c824,Albus Dumbledore
/m/963db6ac,Aldo Romano
/m/23c61f15,Alec Baillie
/m/cad24260,Alec Baldwin
/m/8280c7d4,Alec Templeton
/m/a1224dc4,Alejandro Jodorowsky
/m/cc854f53,Aleksander Sergeyevich Pushkin
/m/43147a86,Alessandra Belloni
/m/9cc7e5a2,Alessandra Gambini
/m/8123af87,Alessandro Casci
/m/0fa51805,Alessandro Del Piero
/m/5d423ebb,Alessandro Fabbri 
/m/b9e2db4c,Alessandro Nesta 
/m/da813074,Alessandro Vanzini
/m/ca48ff01,Alessia Mattalia
/m/93f00c6a,Alex Acuña
/m/3051595d,Alex Band of The Calling
/m/f0d22387,Alex Barberis
/m/7c834cfa,Alex Borstein
/m/1c011e32,Alex Chiu
/m/f2da05ad,Alex Greenwald 
/m/50e9fcc3,Alice in Wonderland
/m/a4435073,Alex Haley
/m/b37bc415,Alex James 
/m/e378e4b6,Alex Kapranos 
/m/be75f44e,Alex Lifeson
/m/395795cb,Alex Moore
/m/6419c050,Alex North
/m/2fda9056,Alex Pertout
/m/326b8786,Alex Pinelli
/m/206245fa,Alex Poletti
/m/8ee13e8b,Alex Riel
/m/5fac8be8,Alex Sanguinetti
/m/06c9f859,Alex Skolnick 
/m/604e702b,Alex Sonchez
/m/cce97599,Alex Turner
/m/d5c4f946,Alex Webster
/m/6e9d0a21,Alex Winter
/m/7d66cf79,Alexander Anderson
/m/89b49101,Alexander Belyavsky
/m/11dccdfd,Alexander Dumas
/m/4db2837f,Alexander Fleming 
/m/ccbf74d8,Alexander Graham Bell
/m/eedd8fae,Alexander Harkavy
/m/f8e17626,Alexander Julian
/m/51146d09,Alexander Kent 
/m/987d2d33,Alexander Khalifman
/m/be3074c7,Alexander Kutikov 
/m/21ace2f3,Alexander Luria
/m/7924c798,Alexander Mutnick
/m/233a9162,Alexander Nikolayevich Scriabin 
/m/ed7851a0,Alexander Shulgin
/m/6ac868db,Alexander Sokurov
/m/84166fdb,Alexandra Gherard Garcia
/m/06a05b13,Alexandre
/m/68faff30,Alexandrina Pendatchanska
/m/c3fd235c,Alexei Alexeevich Abrikosov
/m/82f14277,Alexei Sayle
/m/18722313,Alexi Laiho 
/m/fc08dba6,Alf  
/m/86703fde,Alfred
/m/840046ed,Alfred Adler
/m/0dd87a17,Alfred Dreyfus
/m/d874d03b,Alfred E. Neuman
/m/02a6a1cc,Alfred Eisenstaedt
/m/a70e81f0,Alfred G. Gilman
/m/e5e64413,Alfred Hajos
/m/e205d7c2,Alfred Hitchcock
/m/0255b6c9,Alfred Kazin
/m/52be2abe,Alfred Knopf
/m/461cec7c,Alfred Lion
/m/c3d9c4d7,Alfred Lowenstein
/m/4285b621,Alfred Mordechai
/m/b7ad3fc3,Alfred Newman
/m/7e3efa9b,Alfred Nobel 
/m/eac88ae8,Alfred Schnittke
/m/7d33cd37,Alfred Schutz
/m/d4f304ac,Alfred Stieglitz
/m/236992e7,Alfred Tarski
/m/c03898d6,Alfred Taubman
/m/23d6ece6,Alfred Tennyson
/m/f912ad06,Alfred Uhry
/m/ceb8aab7,Alguff the Awful
/m/9d01b31b,Ali G
/m/d3fd60fe,Ali Landry
/m/a19205aa,Ali MacGraw
/m/14fa51ea,Ali McMordie
/m/b43b03d1,Alice B. Toklas
/m/3b2dd2f1,Alice Braga
/m/56514c87,Alice Cooper
/m/6af12f11,Alice Longbottom
/m/f00f1b60,Alice Miller
/m/3cbe1ce2,Alice Nelson
/m/730b1376,Alicia Keys
/m/d65d117f,Alicia Ostriker
/m/855d6e15,Alicia Silverstone
/m/a42bb560,Alicia Spinnet
/m/0a7505b9,Alicia Warrington
/m/b210ebde,Alisha
/m/d09c509b,Alison Krauss
/m/d66094ef,Alistair Maclean
/m/343c0803,Alita
/m/27c24fea,Alix Dobkin
/m/9591092b,All the Ronin Warriors
/m/0649f32d,Alla Nazimova
/m/f9583251,Allan Arbus
/m/e9fdee43,Allan Arkush
/m/355d2fa8,Allan Clarke
/m/08d5f8ac,Allan Holdsworth
/m/1163ae6a,Allan Sherman
/m/bff2016d,Allan Stewart
/m/e0b1c61e,Allan Zavod 
/m/41fa4b30,Allard K. Lowenstein
/m/1ca80cb2,Allen Arbus
/m/517785de,Allen Collins
/m/76bca4ad,Allen Covert
/m/cfd42445,Allen Funt
/m/a46c73b7,Allen Garfield
/m/9782d6b4,Allen Ginsberg
/m/382c483f,Allen Iverson
/m/2b5313c4,Allen Klein
/m/4716973b,Allen Lanier 
/m/7c23e033,Allen McKenzie 
/m/00fe234d,Allen Ravenstine 
/m/704698e3,Allie 
/m/6b0921d9,Allie DiMeco
/m/667ef9e0,Allison Crowe 
/m/98b47a94,Allison Gopnik
/m/56018cc7,Allison Miller
/m/4b6aee23,Allison Robertson 
/m/d51fcf07,Ally McBeal 
/m/256bb61e,Ally Sheedy
/m/15317f75,Allyson Schwartz
/m/d4e16e89,Alonso Mudarra 
/m/2cf95f32,Alora Lanzillotta
/m/f7165406,Alphonse Elric 
/m/e7eae826,Alphonse Lazard
/m/9999aeb4,Alphonse Mouzon
/m/ea4ebe82,Alphonso Johnson 
/m/2fa5bbc4,Alter Esselin
/m/030360ba,Althea Gibson
/m/74b6f8dd,Alucard
/m/dd795091,Alvaro Jardón
/m/d17885c0,Alvin
/m/4505f8df,Alvin Lee
/m/30b1b3b9,Alvin Queen 
/m/c2f08f83,Alvy Moore
/m/778384f6,Alyson Hannigan
/m/e24f1fd6,Alyson Michalka
/m/a925c207,Alyson Stoner
/m/ffdbd49e,Alyssa Barlow
/m/e1e392a8,Alyssa Milano
/m/2c506af8,Amagumo
/m/2901ea32,Amanda Bynes
/m/1c14a667,Amanda Congdon
/m/84979733,Amanda Marshall
/m/3b02b462,Amanda Michalka 
/m/d2e8c6b3,Amanda Peet
/m/b092be66,Amanda Woodward 
/m/703a2ede,Amber Benson
/m/2628d1e4,Ambrosius Flume
/m/bcbcca80,Amedeo Modigliani
/m/020a0f44,Amelia Earhart
/m/fa3b7a5e,Amelia Susan Bones
/m/d910238d,Aminoss 
/m/e5a8fd3d,Amir Derakh 
/m/aacef83e,Amira Hass
/m/932dfd6c,Amitabh Bachchan
/m/c9f4afd2,Amitai Etzioni
/m/9deaf9b5,Amos Diggory
/m/3171c988,Amos Gitai
/m/1cb82177,Amos Milburn
/m/254ef602,Amos Oz
/m/486122f1,Amos Tversky
/m/00f78142,Amram
/m/462efc9b,Amram Gaon
/m/eac1fd58,Amy Acuff
/m/70d762a1,Amy Alcott
/m/6aa4a7c1,Amy Carmichael
/m/0a4134d8,Amy Dumas 
/m/ac1edba4,Amy Goodman
/m/9298c8c6,Amy Grant
/m/7a58338c,Amy Heckerling
/m/ffb7e2b4,Amy Irving
/m/a715c3ba,Amy Levy
/m/26a4dc39,Amy Millan
/m/e5dcbf80,Amy Pascal
/m/c87effe7,Amy Weber
/m/f6034276,Amy Weisberger
/m/a79381eb,Amy Winehouse
/m/e8776104,Anakin Solo
/m/4f814457,Anan ben David
/m/3080755a,Anatol Rapoport
/m/e8f6d542,Anatole Litvak
/m/91dc30b4,Anatoly Onoprienko
/m/52813654,Anders Iwers 
/m/ed0b8373,Andras Csaki 
/m/d6860c58,Andre Agassi
/m/eca3d421,Andre Citroen
/m/123d7099,André Cymone
/m/186396a9,André De Toth
/m/e6a6b77e,Andre Gregory
/m/ee68bf78,Andre Kertesz
/m/6c9563e4,Andre Lwoff
/m/f1435d25,Andre Previn
/m/f7345201,Andre the Giant
/m/d58abcfc,Andre Ward
/m/57670350,Andre Weil
/m/ca85d6ab,Andrea Bocelli
/m/5f9886d8,Andrea Centazzo
/m/8d144b61,Andrea Dworkin
/m/ac03a8c7,Andrea Marcelli
/m/367c66ce,Andrea Mazzanti
/m/8bd74dea,Andreas Paolo Perger 
/m/65cb9c0d,Andreas Wallan Wahl 
/m/f69ae10d,Andrei Chikatilo
/m/6263fe58,Andrei Codrescu
/m/5d8c35c6,Andrei Krylov 
/m/48277d80,Andrei Lilienthal
/m/cbdecbac,Andrei Shleifer
/m/ba3bea0f,Andrei Tarkovsky
/m/ed5926f7,Andrej Romanowitsch Chikatilo
/m/3cd288fb,Andrés Bretel 
/m/33043f53,Andrés Segovia 
/m/d9e246f4,"Andrew ""Dice"" Clay"
/m/59391d6f,Andrew Beacock
/m/9f98db2d,Andrew Bergman
/m/a2608f26,Andrew Card
/m/87078c5c,Andrew Carnegie 
/m/5ae54fe9,Andrew Cheshire 
/m/cb61e9a5,Andrew Cyrille 
/m/d41b2ea1,Andrew Farriss
/m/abc0b629,Andrew Fastow
/m/d25fc331,Andrew Goodman
/m/250ab328,Andrew Grove
/m/e522768a,Andrew Hewitt
/m/3335c4ca,Andrew Kirke
/m/79aa8c1c,Andrew Lamarche
/m/1039cadc,Andrew Latimer
/m/a69aaaa1,Andrew Meltzoff
/m/9f892a6d,Andrew Murray
/m/413f1801,Andrew Sachs
/m/5dec6d10,Andrew Shives
/m/9137df5b,Andrew Shue
/m/93748d10,Andrew Stockdale
/m/cebb1980,Andrew Strominger
/m/93fed423,Andrew V. Schally
/m/8eef2363,Andrew Vajna
/m/f612f77f,Andrew Viterbi
/m/2a6ff118,Andrew Weiss
/m/aa244b78,Andrew White
/m/f0f4eb7a,Andrew Young
/m/7def3e7b,Android 18 
/m/23108098,Andromeda Blackv
/m/def9613e,Andros the Invincible
/m/48df0dfa,Andy Bell
/m/10bcfadd,Andy Cousin 
/m/ed7a491b,Andy Dunlop 
/m/244ca96c,Andy Edwards
/m/c13b2ff8,Andy Fraser 
/m/0b5ec02b,Andy Garcia
/m/a90c5f96,Andy Gibb 
/m/3d8054a9,Andy Griffith
/m/31cd0d61,Andy Grove
/m/e215df63,Andy Hertzfeld
/m/13ca35b3,Andy Huxley 
/m/75a940f5,Andy James
/m/1ada31bd,Andy Kaufman
/m/3de0974d,Andy Kent 
/m/c99a78c3,Andy Kim
/m/e336f255,Andy Kulberg of The Blues Project
/m/6f860225,Andy McCluskey 
/m/43d7c7ba,Andy Montanez
/m/f894cbef,Andy Moore
/m/3f92a65b,Andy Pettitte 
/m/742b7d71,Andy Rooney
/m/de8a0e07,Andy Rourke 
/m/0dc33b48,Andy Shernoff of The Dictators
/m/a47c89f8,Andy Summers 
/m/1e65f539,Andy Taylor
/m/66901a7e,Andy Timmons 
/m/fc876ecb,Andy Vellacott
/m/024e8033,Andy Warhol
/m/034b5162,Andy Warren 
/m/ee2ec6d3,Ang Lee
/m/c973d4a3,Angel
/m/865a0900,Angel Ibarra 
/m/27664a8e,Angel Manfredy
/m/c9d9db95,Angel Resendez 
/m/ad74e540,Angela Merkel
/m/b9b03bc9,Angelica Pickles
/m/d44207f4,Angelika Kirchschlager 
/m/ca2c851e,Angelina Johnson
/m/4a70176c,Angelina Jolie
/m/53127a48,Angelyne
/m/d2848c36,Angus Clark 
/m/466058f2,Angus Young
/m/63231542,Ani DiFranco
/m/6db248f7,Anja Harteros
/m/623994fb,Ann Landers
/m/035dacfa,Anna Benson
/m/1826fd60,Anna Chlumsky 
/m/af65a6a1,Anna Freud
/m/17dc009f,Anna Halprin
/m/ff1ed6ad,Anna Held
/m/80ad82af,Anna Kournikova
/m/b2fc6816,Anna Nicole Smith
/m/a239e516,Anna Popplewell
/m/5bb7611b,Anna Quindlen
/m/49fb3f91,Anna Seghers
/m/77ca4d09,Anna Smashnova
/m/fea041e8,Anna Sokalaw
/m/6f1b00d3,Anna Sokolow
/m/82b1408d,Anne B. Davis  
/m/532253b1,Anne Bancroft
/m/d35cd270,Anne Frank
/m/96810c70,Anne Meara
/m/4474abef,Anne Murray
/m/b4dfb5fb,Anne Roiphe
/m/b82512e8,Anne Schwanewilms
/m/7333a984,Annette Strauss
/m/12aeb281,Annie Clark
/m/d7e1e00c,Annie Duke
/m/1912a620,Annie Holland 
/m/56cf25fa,Annie Leibovitz
/m/0703b456,Annie Sprinkle
/m/fdda7be1,Annie Wilkes 
/m/4aed050a,Anni-Frid Lyngstad
/m/2d327106,Anouk Aimee
/m/87a645c6,Antal Dorati
/m/8924ada7,Anthony Beilenson
/m/258d4ef8,Anthony Cerabino
/m/9cd0f3bb,Anthony Ervin
/m/fa791d1c,Anthony Field
/m/482ed027,Anthony Hecht
/m/59d77686,Anthony Hopkins
/m/8787eb60,Anthony Jackson 
/m/3231e32a,Anthony Kledis
/m/a98b618c,Anthony Mann
/m/016b3c99,Anthony Michelli
/m/f39c64e4,Anthony Newley
/m/8e78c982,Anthony Ocaña 
/m/a52a0ff9,Anthony Phillips 
/m/ca633e9c,Anthony Sher
/m/d66c3d94,Anthony Weiner
/m/b9f016d6,Anton Bruckner
/m/9c0d8c68,Anton Chekhov
/m/053209b2,Anton LaVey
/m/6a8ef573,Anton Rubinstein
/m/b1b7b1f0,Anton Walbrook
/m/40ef562f,Anton Webern 
/m/cdc64a14,"Antonelli, Dominic A."
/m/ba588796,Antoni Slonimski
/m/9422f6c6,Antonin Dvorak
/m/5481cade,Antonio Banderas
/m/904d20e1,Antonio Carlos Jobim 
/m/27725433,António Chainho 
/m/1bfd82a3,Antonio Di Lorenzo
/m/f67dea77,Antonio Gentile
/m/5419e3af,Antonio Lauro 
/m/4e91833d,Antonio Thomas
/m/13162354,Antonio Villaraigosa
/m/2d798485,Antonio Vivaldi
/m/bbe190eb,Antony Genn 
/m/3b35811a,Antony Hopkins
/m/4704ebb0,Antony Wolfe
/m/2e6ec80b,Apache Chief
/m/d8b4097e,Apichatpong Weerasethakul
/m/a272353a,Apolo Anton Ono
/m/fda95bca,Apu 
/m/127609a1,Aquaman
/m/0a10078e,Arabella Figg
/m/bcc144e6,Aragog
/m/663c8bbc,Aragorn
/m/5dd0ccef,Araki Mataemon 
/m/6c07b3a1,Aram Bedrosian
/m/e92f5400,Archangelo Corelli 
/m/1c8b1a4f,Archibald Alphonso Alexander
/m/93c4a933,Archie
/m/7ad59c6f,Archie Andrews
/m/b8d42fd8,Aretha Franklin
/m/b2ce8537,"Argel Medina Cota ""Arhkota"""
/m/71e65f84,Argus Filch
/m/2831553b,Ari Fleischer
/m/54e6633c,Arie Eldad
/m/871a9272,Ariel Durant
/m/293885f8,Ariel Sharon
/m/91228505,Arielle Dombasle
/m/4036d6b0,Arion Salazar 
/m/798a01f2,Aristotle
/m/de2c26b8,Arkady Strugatsky
/m/0e5afa17,Arlen Specter
/m/12a671a6,Arlo Guthrie
/m/b3618a19,Armand Hammer
/m/6f2cd124,Armando Alejandro Oestrada
/m/535e5a54,Armik 
/m/e6f5a067,Armin Shimerman
/m/b2a5bc13,Arne Duncan
/m/d756a485,Arne Jacobsoen
/m/eff93c8a,Arnie Kantrowitz
/m/ca2f04ab,Arno Allan Penzias
/m/1011713b,Arno Penzias
/m/d24d17e3,Arnold
/m/3728f21e,Arnold Brunner
/m/7d1f9af5,Arnold Denker
/m/2f097a36,Arnold Marinissen
/m/972d1f75,Arnold Newman
/m/7a25aea3,Arnold Palmer
/m/3c672d93,Arnold 'Red' Auerbach
/m/d3cdced6,Arnold Rosner
/m/c537195c,Arnold Rothstein
/m/d7bf79f9,Arnold Schoenberg
/m/c8d96c6f,Arnold Schwarzenegger
/m/b043df73,Arnolt Schlick
/m/d374614a,Aron Nimzowitsch
/m/df5f2149,Art Alexakis
/m/80ec1051,Art Blakey
/m/bc1e9f1e,Art Garfunkel
/m/5ce9a4d8,Art Heyman
/m/7012a142,Art Modell
/m/885a6bef,Art Neville
/m/b026399a,Art Rupe
/m/5cd0c1d2,Art Spiegelman
/m/e1955de1,Art Tatum
/m/7fc2f87d,Art Verdi
/m/7109eb89,Arthur Ashe
/m/70183168,Arthur Barrow 
/m/da63ba2f,Arthur Berger
/m/373533df,Arthur Bisguier
/m/7ff12d31,Arthur Blank
/m/66970730,Arthur C. Clarke
/m/323879d8,Arthur Chaskalson
/m/59b497e3,Arthur Danto
/m/b8f0c735,Arthur DeMoss 
/m/ec0c7507,Arthur Fiedler
/m/2452c850,Arthur Hailey
/m/b5961d11,Arthur Hayes Sulzberger
/m/f8829aea,Arthur Hiller
/m/222c1d00,Arthur Hull
/m/723d22d8,Arthur J. Goldberg
/m/ccf182ea,Arthur Kane 
/m/f3e19e08,Arthur Koestler
/m/f6854009,Arthur Kopit
/m/aa11352c,Arthur Korn
/m/3bb6fab4,Arthur Kornberg
/m/032c6437,Arthur Laurents
/m/b0fffb94,Arthur Miller
/m/a998498c,Arthur Murray
/m/724f2461,Arthur Rock
/m/56461eee,Arthur Rothstein
/m/6fe346bd,Arthur Rubinstein
/m/d3f02ba2,Arthur Schwartz
/m/2ebe2cb7,Arthur Seligman
/m/0657d1f9,Arthur Spingarn
/m/4033c422,"Arthur Sulzberger, Jr."
/m/118570e7,Arthur Szyk
/m/ee5e5d92,Arthur Weasley
/m/961b7256,Arthur Zimmermann
/m/91bf0e82,Artie Shaw
/m/8ac93d2a,Artur Schnabel
/m/b12f81b4,Arwen
/m/0bfa76ba,Arye Gross
/m/7ef18f5b,Aryeh Kaplan
/m/31e06567,Aryeh Neier
/m/77c11e7c,Asajj Ventress
/m/fcaeca07,Asamoah Gyan 
/m/8898fb4c,Ash Soan
/m/a9dc61d2,Ashanti
/m/f4dbf8bf,Asher ben Jehiel
/m/5e04dd96,Ashitaka
/m/e2bda6c6,Ashlee Simpson
/m/8e8aff55,Ashley Montagu
/m/bbde0857,Ashley Tisdale
/m/9527fc91,Ashton Kutcher
/m/724b8b4c,Aston Barrett
/m/2440b35d,Astral Projection
/m/da5e1343,Astro
/m/aa6bb957,Asuka Langley Soryu 
/m/1b1cc8af,Ato Egoyan
/m/0d218a68,Atom
/m/70517e87,Atom Ant 
/m/e9e1bd7b,Atom Ellis 
/m/fc3eda43,Audrey Hepburn
/m/16fdf55b,August Belmont
/m/68fc21c2,Augusta Longbottom
/m/a0d8c73a,Auguste Lumiere
/m/f833dfb2,Augustus 
/m/a183edbf,Aunt May
/m/438bddfd,Aurra Sing
/m/4c65b8bb,Austen O'Brian 
/m/65655502,Austin Peck  
/m/7decca51,Austin Powers 
/m/6342d7eb,Ava Gardner
/m/21bcaf9b,Avery Johnson
/m/3a527596,Avi Wigderson
/m/a991c001,Avishai
/m/d64b2542,Aviva Kempner
/m/28298167,Avner
/m/c418e152,Avraham B. Yehoshua
/m/233312a9,Avraham Itzjak Kook
/m/1a361eff,Avraham Marcus Klingberg
/m/32aeeec5,Avraham Stern
/m/9887d969,Avram Goldstein
/m/b64a9394,Avril Lavigne
/m/4f413bb9,Avshalom
/m/44a793bd,Avtalyon 
/m/bb6c0553,Axl Rose
/m/c3c8375f,Ayatollah Khomeini
/m/44ddd70b,Ayeka Masaki Jurai 
/m/2fcb3314,Ayn Rand
/m/e3d046df,Aynsley Dunbar
/m/4e085776,Ayre Gross
/m/0b51aab0,Ayub Bachchu 
/m/332e21f9,Azharlevi Sianturi 
/m/32e6a526,Azim Premji 
/m/57da79b5,Azriel Hildesheimer
/m/7657db6a,Azriel Rosenfeld
/m/de353109,B la Kun
/m/91db13a3,B.B. King
/m/67315e0d,Babatunde Olatunji
/m/270a01c3,Babbie Mason 
/m/3875acc0,Babe Ruth
/m/067277ca,Babydaddy
/m/78c5c07d,Bahya ibn Paquda
/m/92d88e50,Bail Organa
/m/c11bff53,Bailey Gatzert
/m/2b6a803e,Bakithi Kumalo 
/m/d50cc2bd,Balsac the Jaws of Death
/m/3c619150,Balthus
/m/8960ec3c,Bam Margera
/m/1a33f5cc,Bamm-Bamm
/m/d50a9ad3,Barabara Stanwyck
/m/efa52b69,Barack Obama
/m/0657eb13,Barbara Bach
/m/016bd7c1,Barbara Bain
/m/bfcdd4dd,Barbara Barrie
/m/9885f97a,Barbara Boxer
/m/123dd939,Barbara Cartland
/m/d0aafcea,Barbara Ehrenreich
/m/1c799a8f,Barbara Fairchild  
/m/9d4bf250,Barbara Gordon
/m/362221a9,Barbara Hershey
/m/7339c18e,Barbara Mandrell 
/m/e0c6e652,Barbara Pewterschmidt
/m/95a5e0f6,Barbara Streisand
/m/ac445cf4,Barbara Tuchman
/m/d15e57ac,Barbara Tversky
/m/e71da6a9,Barbara Walters
/m/b1b98c54,Barbecue Bob 
/m/7a4b8082,Barbi Benton
/m/286fa68d,Barney Dreyfuss
/m/bdb7408b,Barney Frank
/m/b37285b1,Barney Gumble 
/m/90d02095,Barney Kessel
/m/b7cc69cb,Barney Ross
/m/29922caa,Barney Rossett
/m/cbca31e5,Barney Rubble
/m/a0b01d1e,Barney Sedran
/m/9f68e949,Barney Stinson 
/m/c5ee8ac1,Barny the Fruitbat
/m/956ed2c9,Baron Browne 
/m/7e14e872,Barriss Offee
/m/9f540f42,Barry Adamson
/m/dc9305e4,Barry Allen
/m/22329f5b,Barry Bangemout
/m/863bdd83,Barry Bonds
/m/0a5839cb,Barry Cohen
/m/27f75050,Barry Diller
/m/b6cd1b15,Barry Gibb 
/m/db4f85a8,Barry Goldwater
/m/6ff887da,Barry Gordon
/m/59e78067,Barry Greenstein
/m/66b8541a,Barry Levinson
/m/e35d99a0,Barry Manilow
/m/6062b60a,Barry Mann
/m/7de601bc,Barry Mazur
/m/3b5a96b6,Barry Melton
/m/14bada9a,Barry Miller
/m/da19d77b,Barry Newman
/m/f5318817,Barry Scheck
/m/51440200,Barry Sonnenfeld
/m/6f1c4dad,Barry Sparks
/m/8d6e3e46,Barry White
/m/6f0a7de1,Bart Berman
/m/1bcbb114,Bart Elliott
/m/203c4486,Bart Simpson
/m/864c8648,Bart Simpson 
/m/3c4f5191,Bartemius Crouch Jr.
/m/a75f9559,Bartemius Crouch Senior
/m/8c6dd4b0,Baruch Blumberg
/m/135eff85,Baruch de Spinoza
/m/c2ec6444,Baruch Epstein
/m/8217a89a,Baruch Goldstein
/m/e4c190e8,Baruch Kimmerling
/m/bf3d1679,Baruch Spinoza
/m/d0cfbb76,Baruj Benacerraf
/m/5b92b0fb,Bashiri Johnson
/m/e5c13f54,Bastila Shan
/m/7662cdcb,Bathsheba
/m/b97a8fa0,Batistuta 
/m/4a456669,Batman
/m/404827bd,Battling Levinsky
/m/e74509fb,Bayard Taylor
/m/22c131a5,Bea Arthur
/m/8023727f,Beast
/m/2cc83ffc,Beastie Boys
/m/0621307b,Beatrice Alexander
/m/bb918599,Beatrix Potter
/m/aab29696,Beavis
/m/38927ea8,Bebe Neuwirth
/m/d8e619fc,BeBe Winans 
/m/91ff46dd,Beck
/m/27d44f0e,Beck Hansen 
/m/621dd356,Bedrick Smetana  
/m/3293b7e4,Beethoven
/m/792b1dc0,Beetle Baily 
/m/46fe47c0,"Behnken, Robert L."
/m/b20485e9,Béla Bartók  
/m/594eaee7,Bela Fleck
/m/06c1269f,Bela Kun
/m/956ea045,Bela Schick
/m/ce983284,Belatrix Black
/m/d9063b5c,Belinda 
/m/a71045b9,Bella Abzug
/m/01701778,Bella Swan
/m/247c0bfb,Bellatrix Lestrange
/m/f358034b,Belle Gunness 
/m/a3e99488,Ben Affleck
/m/8b3b4ab3,Ben Bernanke
/m/44b8a6aa,Ben Campbell 
/m/cde85d29,Ben Cardin
/m/6f1e4076,Ben Cohen
/m/c5efa211,Ben Davidson
/m/76520e0e,Ben Dreyfuss
/m/a39e2c66,Ben Dunkelman
/m/c1435466,Ben E King 
/m/51394d14,Ben Ely
/m/e482c8d2,Ben Folds
/m/4dbbf90b,Ben Folds 
/m/ac968974,Ben Folds 
/m/d73e9211,Ben Foster
/m/9adef690,Ben Franklin
/m/b746a6bd,Ben Gibbard 
/m/390afbf2,Ben Hecht
/m/ac3d2573,Ben Heppner
/m/0322513b,Ben Kasica 
/m/ce9c468b,Ben Katchor
/m/3000a9f7,Ben Kenney 
/m/20fd1394,Ben King 
/m/890d855f,Ben Kingsley
/m/4a532f95,Ben Kinshlo
/m/68cebbb2,Ben Kweller
/m/31aac93b,Ben L. Salomon
/m/4eb19270,Ben Mink 
/m/98142736,Ben Moreel
/m/54d2fe84,Ben Perowsky
/m/4fe5a1ed,Ben Roethlisberger
/m/b2e74af2,Ben Rosen
/m/2dd16908,Ben Roy Mottelson
/m/aa0a63a1,Ben Savage
/m/7841112a,Ben Shahn
/m/07e5ef2c,Ben Shepherd 
/m/8180a500,Ben Sidran
/m/3228c4f6,Ben Sira
/m/86e1a8ea,Ben Skywalker
/m/ba630292,Ben Stein
/m/e28dd029,Ben Stiller
/m/b6d2dcb5,Ben Vereen  
/m/38d7b2e9,Benazir Bhutto 
/m/fbe412cf,Benicio Del Toro
/m/c83ccad3,Benjamin A. Gilman
/m/3029c3be,Benjamin Britten
/m/ede507f9,Benjamin 'Bugsy' Siegel
/m/126d8f04,Benjamin Disraeli
/m/9ebdd9ac,Benjamin F. Jonas
/m/0adfdaf2,Benjamin Frankel
/m/96111476,Benjamin Franklin
/m/e011154d,Benjamin L. Cardin
/m/069cbc3e,Benjamin Lees
/m/a1f97e92,Benjamin Masten
/m/ea93f3bb,Benjamin N. Cardozo
/m/bc792503,Benjamin Netanyahu
/m/160f01a0,Benjamin Oliver Davis Sr.
/m/1c240de8,Benjamin Orr
/m/e597979b,Benmont Tench
/m/0c91a1da,Bennett Cerf
/m/369203a7,Bennie Smith 
/m/f6b31472,Benny Andersson
/m/34556bc5,Benny Bass
/m/099054ef,Benny Friedman
/m/7beb8f0b,Benny Goodman
/m/6d3eb1ea,Benny Hinn
/m/b141bbe7,Benny Leonard
/m/caeab79c,Benny Lom
/m/40a7aafb,Benny Morris
/m/e0c691c7,Benoit Mandelbrot
/m/17456f4c,Beny Alagem
/m/c1d87219,Ber Borochov
/m/7d8bfe65,Berek Joselewicz
/m/fab68fd6,Bernard Bailyn
/m/c1446057,Bernard Berenson
/m/3de76e21,Bernard Butler 
/m/37dbcd57,Bernard Edwards 
/m/5f97de54,Bernard Gimbel
/m/b4eec03d,Bernard Gorcey
/m/1c827cc3,Bernard Gordon
/m/c4e7c026,Bernard Herrmann
/m/fb72781d,Bernard Katz
/m/a6c68ac8,Bernard Lagat
/m/172b9050,Bernard Langer 
/m/a961dc23,Bernard Lewis
/m/75566370,Bernard Lown
/m/f2939357,Bernard M. Baruch
/m/36abaff8,Bernard Malamud
/m/f976846d,Bernard Morin
/m/f4ec714c,Bernard Odum 
/m/8c679940,Bernard Purdie 
/m/c9787e05,Bernard Sumner 
/m/ab524a9a,Bernard-Henri Levy
/m/ca9f7c10,Bernardo Bertolucci
/m/d5e9e6b4,Bernd Schneider
/m/b9a43989,Bernhard Horwitz
/m/c76a08e7,Bernie Calvert 
/m/2ee10a77,Bernie Ecclestone
/m/8c0620ab,Bernie Fine
/m/d3b4ad21,Bernie Kopell
/m/5e476677,Bernie Mac 
/m/85865768,Bernie Marcus
/m/a275fc68,Bernie Sanders
/m/37be4922,Bernie Worrell 
/m/57b45a1e,Berry Oakley 
/m/be6b195a,Bert & Ernie
/m/f287a52f,Bert Berns
/m/3ca9d6af,Bert Jansch 
/m/20d6c5eb,Bert Lahr
/m/918c1a93,Bertha Jorkins
/m/62ede2ac,Bertie Bott
/m/fd078845,Bertold Goldschmidt
/m/bd650a92,Bertram Turetzky
/m/22064d27,Diego Milito
/m/3898a476,Steve Gadd
/m/3a56ca2b,Steve Goldsmith
/m/1e7323de,Steve Green 
/m/320031ed,Steve Griffin
/m/e993dd98,Steve Grimes  
/m/dfdd4b2a,Steve Guttenberg
/m/d90471c6,Steve Hackett 
/m/654d1820,Steve Hanley 
/m/e8649528,Steve Hansgen 
/m/63adf455,Steve Harris
/m/697fad03,Steve Hass
/m/c28dafea,Steve Hill
/m/454c3514,Steve Hillage 
/m/55683bbd,Steve Houghton
/m/a3658f0e,Steve Howe  
/m/586af05c,Steve Irwin
/m/843f7b60,Steve Israel
/m/80a9268d,Steve Jansen
/m/42049cb8,Steve Jay 
/m/7f76ff86,Steve Jobs
/m/4b64f510,Steve Jones  
/m/dc81865a,Steve Katz 
/m/b499b6bf,Steve Kilbey 
/m/523215e6,Steve Kmak 
/m/c6a857fa,Steve Lacy
/m/e4956a6f,Steve Lang 
/m/94556930,Steve Largent 
/m/3edd2cf8,Steve Lawrence
/m/7a6ef54e,Steve Lawson
/m/f7354f34,Steve Lukather  
/m/d1545a40,Steve Mackey 
/m/f3bc6e03,Steve Marker  
/m/84c6df60,Steve Marriott  
/m/739c34c1,Steve Martin 
/m/ba92865e,Steve Mazur  
/m/cc61f86a,Steve McQueen
/m/10d5acab,Steve Miller  
/m/82339655,Steve Missal
/m/8a03623c,Steve Morse
/m/e917147b,Steve Nieve 
/m/c49a62fe,Steve Ouimette 
/m/aac60ad3,Steve Pedulla  
/m/efa271ee,Steve Priest 
/m/d321f0a3,Steve Reich
/m/24e194d6,Steve Reid
/m/707dc076,Steve Roberts
/m/cee58686,Steve Rodby 
/m/6a519afa,Steve Rothman
/m/5976f932,Steve Schiff
/m/f6e7d4f8,Steve Severin 
/m/597fc4e9,Steve Smith
/m/02334bd5,Steve Stevens  
/m/c04ec471,Steve Stone
/m/c1d0ce79,Steve Swallow
/m/e9e99ddd,Steve Vai
/m/c76b9c42,Steve Van Zandt  
/m/5b02b1de,Steve Vantsis 
/m/891104c0,Steve Westly
/m/e1651aec,Steve White
/m/6f116122,Steve Winwood 
/m/622ee31c,Steve Wong 
/m/51aba84d,Steve Wozniak
/m/09c9d254,Steve Wynn
/m/a01c3592,Steven Adler
/m/840f69fe,Steven Bochco
/m/9215a5a4,Steven Chu
/m/244e03c8,Steven Cojocaru
/m/e6ca592c,Steven Curtis Chapman 
/m/48617372,Steven Engel
/m/8d2331f8,Steven F. Zambo
/m/2d1c2804,Steven Gerrard 
/m/d89d144c,Steven Hill
/m/54338689,Steven Levitt
/m/12875239,Steven Levy
/m/b0fb7e51,Steven Lopez
/m/60012a10,Steven M. Bornstein
/m/e3da817b,Steven Page 
/m/eab6e254,Steven Pinker
/m/52431142,Steven Seagal
/m/b9afdf08,Steven Strait
/m/5e5a4eb0,Steven T. Katz
/m/a012c359,Steven Weber
/m/1d9dd9a8,Steven Weinberg
/m/42691d88,Steven Wilson  
/m/9f658224,Steve-O
/m/9e142994,Stevie Benton 
/m/50aae4dc,Stevie Ray Vaughan
/m/c22fc4a7,Stevie Wonder
/m/b898e322,Stewart Copeland
/m/63fd6da0,Stewie Griffin 
/m/ef58043f,Stieg Larsson
/m/3ccca65d,Sting
/m/af8b7a0a,Stockard Channing
/m/494becb5,Stokely Carmichael
/m/76c3e57e,Stone Gossard  
/m/b7e1e212,Stonewall Jackson 
/m/fdcf3cdc,Storm
/m/5e28d71c,"Stott, Nicole P."
/m/e4712f73,Stratum
/m/3fae7a81,Stu Cook 
/m/722a984f,Stu Ungar
/m/b92ba053,Stuart Adamson  
/m/a025eb50,Stuart Chatwood 
/m/2d7e9283,Stuart Damon
/m/a7e49e2a,Stuart David 
/m/6b01f952,Stuart Hamm
/m/d5a35434,Stuart John Wood  
/m/ffc7a05f,Stuart Rosenberg
/m/bc5c6c02,Stuart Sutcliffe 
/m/6bd9691b,Stuart Zender 
/m/a3d7db1d,Studs Terkel
/m/f090444b,"Sturckow, Frederick W."
/m/a52c4685,Sue Bird
/m/5031823f,Sue Hadjopoulos
/m/6568eae5,Sue Sylvester
/m/8ebe3271,Sue Townsend
/m/92fa2161,Sugar Ray Leonard
/m/0d186fb1,Suikakuju 
/m/95e863cc,Sulley Ali Muntari
/m/1d2bc2c5,Sully Sullenberger
/m/6a3ec2db,Sumner Redstone
/m/f55afd38,Supergirl
/m/527d60cd,Superman
/m/a7331c47,Surdas
/m/1d5ba9c8,Surender Koli 
/m/fc587f39,Susan Ashton
/m/734658d2,Susan B. Anthony
/m/5a94e91c,Susan Block
/m/8973c9d5,Susan Bones
/m/8c7736e2,Susan Davis
/m/839e1b76,Susan Faludi
/m/799d0679,Susan Graham
/m/df26cbf8,Susan Jacoby
/m/7ad495be,Susan Polgar
/m/0756b0d2,Susan Rothenberg
/m/e8631bf1,Susan Sarandon
/m/a286a414,Susan Sontag
/m/a9d9822b,Susan Strassberg
/m/e7adb360,Susan Wales
/m/7b41caa6,Susana Wesley
/m/fe66c182,Susanna Hoffs  
/m/fde746e2,Susanna Wesley
/m/f677bfad,Susannah Hoffs
/m/e314ecf1,Susanoh 
/m/01dcbd9e,Susie Ibarra
/m/a9ec25fd,Suzanne Pleshette
/m/8eeb27ad,Suzanne Vega 
/m/b82fb772,Suzi Quatro
/m/429f885e,Suzyn Waldman
/m/20c625ac,Swami Vivekananda
/m/077a3506,"Swanson, Steven R."
/m/d22f7c25,Syd Barrett 
/m/f93c1d6a,Syd Nathan
/m/8911730c,Sydney Brenner
/m/aa3af8d6,Sydney Bristow 
/m/b9bc01a1,Sydney Pollack
/m/ff045250,Sylvain Sylvain
/m/4d7903bd,Sylvan Goldman
/m/560607c9,Sylvester and Tweetie Pie
/m/bafc9abb,Sylvester Stallone
/m/6a5a85c1,Sylvia Cuenca
/m/77fb628e,Sylvia Plath
/m/944ed29b,Synyster Gates  
/m/f7d448d6,Szmul Zygielbojm
/m/baad2d85,T. Lavitz 
/m/36ce3cc5,T. S. Eliot
/m/41e69cd4,T.I. 
/m/e289db72,Tab Hunter
/m/b584a591,Tad Kinchla 
/m/12c4a87f,Tadeus Reichstein
/m/4cf0019f,Taeko Okajima 
/m/82929c5a,Taiji Sawada 
/m/1d5d31f7,Taisou  
/m/2222ff76,Tak Matsumoto  
/m/3463ba7b,Taka Hirose 
/m/d5193314,Takahiro Yamada 
/m/36d97552,Takeshi Ueda 
/m/e9a0e15b,Tal Wilkenfeld 
/m/e1f3858a,Talena Atfield 
/m/024ef896,Talon Karrde
/m/d9b1139b,Tamar
/m/375537c3,Tamara de Lempicka
/m/d401dec3,Tamera Mowry
/m/8a8337ee,Tami Inuyama 
/m/94466b93,Tammy Cochran
/m/e7a6fd64,Tammy Lynn Sytch
/m/f4e614af,"Tani, Daniel M."
/m/446805f5,Tanya Reinhart
/m/923b1c0d,Tanya Roberts
/m/51f9843d,Tara Lapinski
/m/dd60a48f,Tara Reid
/m/8634b18f,Tarja Turunen
/m/daf828d1,Tarjiri
/m/4de84836,Tarzan
/m/21aaa2c7,Taylor Dayne 
/m/98270543,Taylor Negron
/m/9b925f35,Taylor Swift 
/m/d7e96660,Ted Bundy
/m/32a032e7,Ted Koppel
/m/71db5d57,Ted Kotcheff
/m/7ee3f22b,Ted Lewis
/m/a2c16209,Ted Lundström 
/m/133fb9e2,Ted Nugent
/m/9a3d7dae,Ted Raimi
/m/bcb61413,Teddy Geiger
/m/49df7b8a,Teenage Mutant Ninja Turtles
/m/3b235b22,Teller
/m/c1977adf,Ten no koe 
/m/9f3be3bd,Tenchi Masaki
/m/c82b20ed,Tera Patrick
/m/91345d4e,Terence Davies
/m/227b410f,Teresa Stratas
/m/979441bc,Teri Hatcher
/m/354bf90b,Terje Rypdal 
/m/e3515dd8,Terji Skibenæs  
/m/cf00ddf9,Terl Bryant
/m/1c01cc2d,Terri Clark
/m/f32224ff,Terri Runnels 
/m/9df262ea,Terry Balsamo  
/m/4e0f1e96,Terry Bozzio
/m/bcbf29a1,Terry Bradshaw
/m/331733aa,Terry Britten 
/m/55decb5a,Terry Corso  
/m/64959ba8,Terry Gross
/m/ceb5d24f,Terry Kath
/m/7a147b3f,Terry Lyne Carrington
/m/67ad5e9f,Terry Moore  
/m/d3be825b,Terry Nichols
/m/040fabff,Terry Pendleton 
/m/73d2752e,Terry Silverlight
/m/fe11fdc8,Terry Sylvester
/m/2efcfdfc,Terry Winograd
/m/265f3e7e,Terry Zwigoff
/m/5ff722cb,Tetsu Yamauchi 
/m/de706f41,Tetsuo Sakurai 
/m/efe69d67,Tetsuya Ogawa 
/m/8aef724a,Tex Avery
/m/63c4f032,The Bloody Barron
/m/19e375e1,The Brady Bunch
/m/86536b05,The Bride 
/m/b240223d,The Cat in the Hat
/m/74ae66fa,The Doctor
/m/f043b778,The Drumologist
/m/c8764b68,The Edge
/m/98be6306,The Great Gazoo
/m/c1dc23ec,The Grinch
/m/45e584b5,The Iron Giant
/m/8d0c6151,The Lion King
/m/7fd62c1c,The Little Mermaid
/m/9a044202,The Night Stalker
/m/7bea9b03,The Phantom
/m/76811bbb,The Pink Panther
/m/6d2590cb,The Professor 
/m/0df9b357,The Ren and Stimpy Show
/m/49d9de14,The Rock
/m/a6823c4c,The Rostov Ripper
/m/883b4b82,The Silver Jews
/m/2d3ca100,The Snowman
/m/15926699,The Tokens
/m/313e1ee4,The Trix Rabbit
/m/2bf48627,The Undertaker
/m/6b1d0a86,The Xenomorph
/m/f670b46b,The Zodiac Killer
/m/e7aac453,Theda Bara
/m/713479be,Thelma and Louise
/m/2b42d880,Thelma Griffin
/m/0b69c187,Theo Epstein
/m/6d52477a,Theodor Adorno
/m/34c57fd2,Theodor Herzl
/m/869185f2,Theodor Reik
/m/8a7bad7e,Theodore Bikel
/m/98fdfd7b,Theodore Maiman
/m/483d5178,Theodore Nott
/m/84e9b19a,Theodore von Karman
/m/5567d78d,Thierry Amar
/m/ff81a1c5,Thierry Arpino 
/m/e9b8078a,Thierry Henry 
/m/dfca0e71,Thing
/m/371c8cc2,Thom Yorke  
/m/18360677,Thomas A. Dorsey
/m/875813b1,Thomas Edison
/m/b598abdc,Thomas Erak 
/m/3cbda3c6,Thomas Gainsborough
/m/7e77521b,Thomas Gold
/m/e8d3326b,Thomas Gore
/m/6ada2b91,Thomas Gould
/m/b9ec42a1,Thomas Jefferson
/m/acf45bcf,Thomas Kuhn
/m/7abae8dc,Thomas L. Friedman
/m/22d9cf43,Thomas Lang
/m/5a724363,Thomas Leeb 
/m/11726adc,Thomas Miller 
/m/f58c1339,Thomas Nagel
/m/06a219b8,Thomas Newman
/m/e8ef0601,Thomas of Celino
/m/70c971b1,Thomas Seltzer 
/m/a6c00496,Thomas Tallis 
/m/6e21f596,Thomas Thacker 
/m/a92da8d9,Thor
/m/3afaa5e7,Thurgood Marshall
/m/183fbc77,Thurston Moore 
/m/2762226a,Tia and Tamer Mowry 
/m/10207178,Tia Mowry
/m/df61cb63,Tico Torres
/m/6c190106,Tiffani Thiesen
/m/0b9780db,Tiffany Cohen
/m/bfcfaae8,Tiffany Evans
/m/c764d86e,Tiger Flowers
/m/e67c141d,Tiger Woods
/m/c0265df5,Tigger 
/m/072907af,Tilly Aston
/m/b417f731,Tim Alexander
/m/76e325f2,Tim Armstrong 
/m/65b0e493,Tim Berner Lee 
/m/de3e4c4f,Tim Blake Nelson
/m/be99fd81,Tim Bogert 
/m/a35a3a2a,Tim Burton
/m/e57e1e10,Tim Butler 
/m/e41fdcfa,Tim Chandler 
/m/46c8dd8c,Tim Commerford
/m/6bc7a6a9,Tim Cordes
/m/4768aeba,Tim Donahue
/m/7a3d5514,Tim Drake
/m/6d855cf3,Tim Duncan
/m/4842daca,Tim Farriss 
/m/647bfce0,Tim Foreman 
/m/e5f55a57,Tim Gaines
/m/1e5e32b7,Tim Gane
/m/6e6ec721,Tim Geithner
/m/62aca576,Tim Harries 
/m/100f2a9e,Tim Kingsbury 
/m/df6e1477,Tim LaHaye 
/m/949cda38,Tim Landers 
/m/e35afcb2,Tim Lloyd
/m/371b87e1,Tim McGraw
/m/5cb5e4e5,Tim McIlrath 
/m/d7dd3895,Tim Renwick 
/m/2340fc7f,Tim Rice-Oxley 
/m/f7f8d9c1,Tim Riggins 
/m/ac709f2b,Tim Skipper 
/m/a9085ca6,Tim Skold 
/m/7e229fe0,Tim Sparks 
/m/aa78d90e,Tim Ward 
/m/0cc1b044,Tim Wheeler 
/m/2d11077a,Tim Wise
/m/1ea02eb6,Timberland
/m/8e8bbcdd,Timi Hansen 
/m/025ba519,Timm Biery
/m/0f667b81,Timo Tolkki 
/m/5cf9d1ce,Timon
/m/6f639162,Timoteo Rosales III 
/m/a9b236e7,Timothy B. Schmit 
/m/30344fbe,Timothy McVeigh 
/m/ce72ca9d,Tina Louise
/m/756f6b17,Tina Turner 
/m/28decb08,Tina Weymouth 
/m/bb378a54,Tintin
/m/ee6d691a,Tiny Tim 
/m/ab95d926,Tiran Porter 
/m/3af3fc51,Titian
/m/88df673d,Tito Gobbi
/m/1efa8950,Tito Jackson 
/m/1e7b8f91,Tito Larriva 
/m/c831e3ae,Tiziano Tononi
/m/9646d50a,Tobey Maguire
/m/dc0ad858,Tobias Asser
/m/d6063e85,Tobias Exxel 
/m/34acd80c,Tobias Ralph
/m/51643614,Tobias Sammet 
/m/6b545de3,Toby Keith  
/m/0e18f7ee,Todd Barry
/m/e1f31a3d,Todd Bosley
/m/2005c6b7,Todd Fancey 
/m/cf7da803,Todd Grisham
/m/7450784e,Todd Grubbs 
/m/f176c21b,Todd Haynes
/m/c26540b9,Todd Homer
/m/02aa18c6,Todd Huston  
/m/1150beaf,Todd Rundgren
/m/ffd16bf8,Todd Solondz
/m/0f7e16c4,Todd Sucherman
/m/4bef128a,Toki Wartooth 
/m/d82a0a0d,Tom  (Tom&Jerry)
/m/0008a369,"Tom ""T-Bone"" Wolk"
/m/f5f2fa9c,Tom Anderson
/m/4076a5e0,Tom Angelripper
/m/c25f0918,Tom Araya
/m/153fd741,Tom Arnold
/m/a8aa1bd0,Tom Baker
/m/5e5adf97,Tom Bosley
/m/4a4cdcc2,Tom Brechtlein
/m/f6d467ee,Tom Brokaw
/m/fe0b3560,Tom Clancy
/m/a372b8fd,Tom Cochrane
/m/1999adda,Tom Cruise
/m/563afe23,Tom Daschle
/m/78a1dbc0,Tom DeLonge 
/m/77b8837a,Tom Dumont 
/m/c5f0b0dd,Tom Evans 
/m/3575418b,Tom Felton
/m/9f510515,Tom Fletcher 
/m/20963b6f,Tom Fogerty 
/m/db90cf32,Tom Fowler 
/m/1cbb1eb5,Tom Hamilton 
/m/a009bc4c,Tom Hanks
/m/2e6ed6e5,Tom Hingley
/m/03ec54a1,Tom Keeley 
/m/d4ce85d8,Tom Landry 
/m/1a8fe99f,Tom Lantos
/m/1fbf1cc5,Tom Larson
/m/0197ad3a,Tom Lehman
/m/02582cd9,Tom Lehrer
/m/730fe1bb,Tom Lester
/m/a1cde765,Tom Linton 
/m/094fe0d3,Tom Lister Jr.
/m/2daf1840,Tom McGuinness 
/m/4bbeb9b7,Tom Morello
/m/b2c1e8c0,Tom Paxton 
/m/eb5bbac5,Tom Petersson 
/m/60a3aaed,Tom Petty
/m/65217975,Tom Pryor 
/m/d40e04c5,Tom Riddle
/m/094d08fe,Tom Roady
/m/18774692,Tom Scholz 
/m/a8ab0c4e,Tom Teasley
/m/d388fffe,Tom Terrific
/m/b48f2485,Tom Verlaine 
/m/291b6fca,Tom Waits
/m/b24cf973,Tom Wolfe
/m/b89aeebf,Tom Wright 
/m/b972719b,"Tomasz ""Orion"" Wróblewsky"
/m/4485ba0f,"Tommy ""Mugs"" Cain"
/m/a4867063,Tommy Aldridge
/m/eb8ba84c,Tommy Bolin 
/m/188dcdfc,Tommy Campbell
/m/348caa97,Tommy Cogbill
/m/ed4929e6,Tommy Emmanuel 
/m/7d8ab9e2,Tommy Igoe
/m/97fa053a,Tommy Lee
/m/806b3998,Tommy Lee Jones
/m/8ed22e78,Tommy Ramone
/m/541dd03c,Tommy Rettig
/m/7c65b522,Tommy Shannon 
/m/dc25fe16,Tommy Shaw 
/m/686757cc,Tommy Stinson 
/m/2e311b9f,Tommy Thayer 
/m/362f686d,Tommystix
/m/57201bd5,Tomo Milicevic 
/m/6287b3b8,Tomoyasu Hotei 
/m/12f6c4da,Tonea Stewart
/m/a94fb154,Toni Braxton
/m/44cab098,Toni Cannelli
/m/4a289947,Toni Morrison
/m/0fdffd7b,Tony Banks 
/m/518b6612,Tony Barber 
/m/e33e59f2,Tony Bennett
/m/4cc9c9d8,Tony Bienert
/m/9e64907b,Tony Blair
/m/aa1178c5,Tony Butler 
/m/99cdaf4c,Tony Campollo
/m/9cc4298b,Tony Campos 
/m/f2de1f10,Tony Carey 
/m/4e59c135,Tony Cerqua
/m/a0fd2024,Tony Choy
/m/dcb261ba,Tony Cigna
/m/0ab682fc,Tony Curtis
/m/3d92b4a7,Tony Evans
/m/09d78ba0,Tony Fredianelli 
/m/2132ace4,Tony Goldwyn
/m/475f4cfc,Tony Hawk
/m/4c19860d,Tony Hicks
/m/d02f2209,Tony Hymas 
/m/53e052c8,Tony Iommi
/m/eddddb64,Tony James
/m/67a8d056,Tony Kanal
/m/30e1081c,Tony Kaye 
/m/e8877252,Tony Kornheiser
/m/0b827724,Tony Kushner
/m/eae0e52e,Tony Le Rhodes
/m/7d94fd01,Tony Leon
/m/a149bb09,Tony Levin
/m/5ee4e589,Tony Lombardo
/m/d88c7589,Tony MacAlpine 
/m/a9fefcf7,Tony Maimone 
/m/91ba5a04,Tony Martin
/m/969cb9ac,Tony McManus 
/m/1ecfe528,Tony Medeiros
/m/979018ab,Tony Randall
/m/4d7b451f,Tony Reedus
/m/d2f9a1f1,Tony Reeves 
/m/532e571d,Tony Rice 
/m/04e285dd,Tony Roberts
/m/1003f92c,Tony Royster Jr.
/m/dcffff28,Tony Scalzo 
/m/42493b6a,Tony Soprano 
/m/f800b609,Tony Stark 
/m/ab553a78,Tony Stevens 
/m/3cce2b9a,Tony Tiger
/m/78723a9d,Tony Verderosa
/m/c2316fa4,Top Cat
/m/481e3928,Tori Spelling
/m/cae65bdb,Torrie Wilson
/m/ae65674d,Tosafists
/m/b96e5d8b,Toshiya 
/m/5ab4432c,Toss Panos
/m/1006ef56,Toucan Sam
/m/f01785a6,Tovah Feldshuh
/m/004d42da,Traa Daniels 
/m/8aa5d3eb,Trace Adkins
/m/40b72373,Tracey Byrd
/m/eb750949,Tracey Ellis Ross
/m/d6f395cb,Tracii Guns 
/m/b542a45b,Tracy Ferrie 
/m/e042e98c,Tracy Flannigan
/m/e08592e2,Tracy Flick 
/m/6e610406,Tracy Jordan 
/m/b7cd449f,Tracy Pollan
/m/8e1ad5ad,Travis Stever 
/m/557ce373,Travis Tritt
/m/9543eeb1,Tre Cool
/m/6a738a33,Treebeard
/m/53aac643,Trent Dilfer
/m/2a2e2b04,Trent Reznor 
/m/8bd9b760,Trett Lott
/m/29b67a93,Trevor
/m/fd8e320e,Trevor Bolder 
/m/a65d54f9,Trevor Dunn 
/m/c4fdf7e9,Trevor Murdoch
/m/a21d4105,Trevor Rabin 
/m/027af93d,Trevor Williams 
/m/c5d11154,Trey Anastasio 
/m/1c1d80d1,Trey Azagthoth 
/m/35018ca2,Trey Gunn 
/m/d0462f59,Trey Spruance 
/m/c057dbb7,Tribe Called Quest
/m/a4cd563d,Tricia Helfer
/m/387a6cb5,Trina Robbins
/m/76251506,Trina Schart Hyman
/m/806d1689,Triple H
/m/e082d7e2,Tripp Eisen 
/m/1cbcad38,Tris Imboden
/m/3932895a,Trish Stratus
/m/5afd48a8,Tristan Tzara
/m/7f9484c9,Troy Aikman 
/m/530a9937,Troy McClure 
/m/4189f6d8,Troy McLawhorn
/m/d0f8f515,Troy Polumulu 
/m/6af0215a,Troy Sanders 
/m/94f952f7,Troy Van Leeuwen 
/m/8a9fae38,Truman 
/m/d314c898,Trunks 
/m/303aa6bb,Tsutomu Shimomura
/m/f1fd448d,Tuli Kupferberg
/m/4534e14f,Tullio De Piscopo
/m/57f110d6,Tullio Levi-Civita
/m/8675fa39,Tundra 
/m/9b6f11d8,Tupac Shakur
/m/07c41288,Tusken Raiders
/m/3edaada2,Tuxedo Mask/Moonlight Knight 
/m/2931aac4,Tweety Bird
/m/f1be327d,Twiggy Ramirez 
/m/323d79c6,Twila Paris  
/m/d33a96fb,Twinkie the Kid
/m/bf44cc07,Twist Turner
/m/de8ef336,Two-Gun Cohen
/m/f08a9945,Ty Dennis
/m/5cd3602d,Ty Tabor 
/m/56514b4f,Tyler Connolly 
/m/312e6769,Tyler Durden 
/m/f9a63be9,Tyler Perry
/m/f82f79ea,Tyra Banks
/m/06a3d1d7,Tyson Beckford
/m/7abfc27a,Tyson Gay
/m/0ef65a44,Tyson Tomko
/m/66fda776,Uday Hussein
/m/719c6b83,Uli Jon Roth
/m/c45587fd,Uli Jon Roth 
/m/98526f07,Ulric Neisser
/m/36f736f8,Ulrich Neisser
/m/2b70f334,Uma Thurman
/m/dc0cc3e5,Umberto Cassuto
/m/b997d9ec,Umberto Trombetta
/m/0e75425c,Uncle Owen
/m/3ce72bd9,Uncle Scrooge
/m/baff377d,Underdog 
/m/1650ae21,Uri Caine
/m/6bced039,Uri Geller
/m/c1c55cdf,Uri Orlev
/m/4e3f38a7,Uriah Duffy
/m/939e0429,Uriah P. Levy
/m/3cd66e8d,Uriel Acosta
/m/e9d1ef5b,Uriel Weinreich
/m/d6049044,Urquhart
/m/c1e8f444,Ursula Bellugi
/m/02e6b906,Usher
/m/738cbe43,Utena Tenjou 
/m/100bcdf6,Utsutsu Mujuurou 
/m/4d0c5142,Uwe Wessel 
/m/a9aa72f4,Uziel Gal
/m/08b6c113,V. S. Naipaul
/m/5573581e,V. Volodarsky
/m/ad83900e,Vaden Todd Lewis 
/m/c42420f9,Vadim Zilberstein
/m/82c943a4,Vaiben Solomon
/m/47bd9109,Val Kilmer
/m/0abbc9c2,Val Venis
/m/b2626e7c,Valentino Rossi
/m/fbd09b2c,Valerie Harper
/m/23c32edf,Valerie Jarrett
/m/ba98b243,Valter Popa 
/m/9775cae2,Van Conner
/m/bca24012,Van Fanel 
/m/0aa0fe70,Van Morrison
/m/6a6c92ad,Vance DeGeneres 
/m/8e3d541d,Vanessa Anne Hudgens
/m/837a420e,Vanessa Carlton
/m/f23c999b,Vanessa Williams
/m/bc800e6f,"Varg ""Count Grishnackh"" Vikernes "
/m/a95627de,Vasco Rossi
/m/7a008b24,Vash the Stampede 
/m/fb0d1b07,Vasili Komaroff
/m/e23589ed,Vasily Smyslov
/m/779dc43a,Vassily Grossman
/m/947af28b,Vegeta
/m/071dbd41,Venom
/m/0e75185f,Venus Williams
/m/a8c65c89,Vera Katz
/m/b8526f48,Verdine White 
/m/c421fb57,Vernon Dursley
/m/7f9ee45a,Vernon Reid 
/m/93704272,Veronica Lodge
/m/92985726,Veronique Gens
/m/2181821f,Veruca Salt
/m/61b98521,Vesselina Kasarova
/m/322f9337,Vic Hershkowitz
/m/4d2c7d35,Vic Mackey 
/m/f1f27b69,Vic Morrow
/m/260457a3,Vic Stevens
/m/8696cc9e,Vicious 
/m/a6945aa3,Vicki Blue 
/m/d1b02f9a,Vicki Genfan 
/m/0c9d7c84,Vicki Peterson 
/m/af91de0f,Vicki Valentine
/m/bd6d7764,Victor Bailey 
/m/56d2ff84,Victor Borge
/m/98c532a8,Victor David Brenner
/m/e347114e,Victor Garber
/m/71e9af0e,Victor Gruen
/m/fca25421,Victor Hugo
/m/d5031827,Victor Kraatz  
/m/01937166,Victor L. Berger
/m/1667090d,Victor Moritz Goldschmidt
/m/9eec578e,Victor Niederhoffer
/m/50a4571d,Victor Vekselberg
/m/c9cc9bb6,Victor Weisskopf
/m/acfc3c22,Victor Wooten 
/m/ee18f38e,Victor Young
/m/8dfb26ca,Victoria Beckham
/m/9db37559,Victoria Frobisher
/m/96798dc7,Victoria Justice
/m/07beea8e,Victoria Pope
/m/5ba3020c,Vida Guerra
/m/adf5cb3a,Vidal Sassoon
/m/a49b8e53,"Vidmenir ""Knu"" Knume "
/m/21fd339a,Viktor Frankl
/m/d016c4c5,Viktor Korchnoi
/m/e36116a2,Viktor Krum
/m/e864be09,Ville Sorvali 
/m/b47ee2f9,Vince Carter
/m/bc9c591f,Vince Carter  
/m/c810383f,Vince Gill
/m/d85da82b,Vince McMahon
/m/9f5a25f7,Vince Russo
/m/26b96bc5,Vince White 
/m/84092976,Vincent Crabbe
/m/02f9a919,Vincent Crane 
/m/8b320ca0,Vincent Van Gogh
/m/e9bfe059,Vincent Vega
/m/ae8cd1fe,Vincenzo Lanzo
/m/507f8f10,Vinnie Appice
/m/481eebe4,Vinnie Colaiuta 
/m/27b4b077,Vinnie Hornsby
/m/b90b7e4c,Vinnie Vincent 
/m/6cc47a24,Vinny Burns 
/m/80f11871,Violet
/m/cc4fd673,Violet Nine
/m/fbad7055,Violet Weston 
/m/5e96a7b2,Virgil Donati
/m/4d30ab28,Virgin Mary
/m/184fe24b,Virginia Woolf
/m/ce427891,"Virts, Terry W., Jr."
/m/4ffc374e,Viscera
/m/99a0628d,Vision
/m/b9440912,Vitaly Lazarevich Ginzburg
/m/942a9a53,Vito Bratta 
/m/edd4e15a,Vittorio De Sica
/m/283f3db1,Vivian Campbell 
/m/234bc61b,Vivian Leigh
/m/8e61b452,Vivian Ward 
/m/6f58285c,Vizhnitz Rebbes
/m/fd16c2b3,Vladimir Antonov
/m/29f9f2e9,Vladimir Ashkenazy
/m/73f7322c,Vladimir Gusinsky
/m/e43b6060,Vladimir Horowitz
/m/187b448d,Vladimir Jabotinsky
/m/17e02b6b,Vladimir Lenin 
/m/b7e6fd66,Vladimir Levin
/m/ce39fe19,Vladimir Nabokov
/m/ac783b8c,Vladimir Putin
/m/6ee87ef1,Vladimir Zhirinovsky
/m/c785f077,Volker Schlondorff
/m/75205c02,W. H. Auden
/m/dd83d1ad,W. Michael Blumenthal
/m/a47f9a20,W.C. Fields
/m/ec370273,W.C. Handy
/m/d2579ac2,W.E.B. DuBois
/m/7fc5ce75,Wacky Races
/m/6f44d056,Waddy Wachtel 
/m/5e0ef665,Wade
/m/a5a08943,Wade MacNeil 
/m/315403e3,Waldo Frank
/m/13b99d82,Walfredo Reyes Jr.
/m/dbe9b68c,Walfredo Reyes Sr.
/m/785f556c,"Walheim, Rex J."
/m/f657206a,Wallace and Gromit
/m/3239136b,Wallace Berman
/m/cb346639,Wallace Shawn
/m/f83591fe,Wally West
/m/c800ced9,Walt Disney
/m/f6cb46d6,Walt Weiss  
/m/bfb5a30f,Walt Whitman
/m/a34489f3,Walter Abish
/m/c7fef6ca,Walter Annenberg
/m/b45e9351,Walter Becker
/m/f4dbe1bd,Walter Benjamin
/m/5ae56061,Walter Braunfels
/m/f7bf3bca,Walter Calloni
/m/46fee1be,Walter Cronkite
/m/d004dc50,Walter Gilbert
/m/9e1687d5,Walter Kaufmann
/m/7925fbb0,Walter Koenig
/m/f705aebd,Walter Kohn
/m/54b9c7fc,Walter Lippmann
/m/44138d45,Walter Martin
/m/dee3fd0b,Walter Matthau
/m/b3483ee5,Walter Mischel
/m/c6fd95fd,Walter Mondale
/m/d31f7faa,Walter Mosley
/m/11bcd23f,Walter White
/m/3ff3039f,Walter Winchell
/m/3fdab002,Walters Barbara
/m/30362e0c,Walther Rathenau
/m/46acb671,Waltraud Meier
/m/296c75fc,Wanda Landowska
/m/56edbb63,"Warren ""Baby"" Dodds"
/m/a832fadd,Warren Barfield 
/m/2c5f1fc0,Warren Buffet
/m/6c87be6b,Warren DeMartini 
/m/044954c8,Warren Duffy  
/m/ff78e9cc,Warren Fitzgerald 
/m/bc965e55,Warren Haynes 
/m/74228f47,Warren Rudman
/m/3c3514d8,Warren Smith
/m/92ef6793,Warren Zevon
/m/da2fdc35,Washington Irving
/m/f8e7b57f,Washu Hakubi 
/m/5a2121f3,Wasp
/m/7984839f,Wassily Kandinsky
/m/0a5b1c52,Wassily Leontief
/m/ff29e993,Watership Down
/m/b2aeb7a9,Watto
/m/8da8c7b1,Wayne Gretzky
/m/6fb1c84d,Wayne Johnson 
/m/6efef4b0,Wayne Kramer 
/m/9b01e5f3,Wayne Rooney
/m/53f14dc9,Wayne Williams
/m/a049a936,Wedge Antilles
/m/c31f5053,Weegee
/m/03398df8,Weird Al Yankovick
/m/e179c2b5,Wendy Melvoin 
/m/6869683b,Wendy Penney 
/m/428a4b38,Wendy Wasserstein
/m/bb174059,Werner Herzog
/m/10614610,Werner Klemperer
/m/d4463ba2,Wes Borland  
/m/c33e81df,Wes Crawford
/m/1b6038be,Wes Montgomery 
/m/a9b3e349,Wesley Clark
/m/8b8e8d02,Wesley Snipes
/m/bfede567,White Hat Hackers 
/m/7369ca55,Whitney Houston
/m/85a7536d,Whoopi Goldberg
/m/9e8cc999,Wicket
/m/b28fbb20,Wikus van de Merwe 
/m/74a2f0af,Wilbur Wright
/m/c3f5d8f6,Wil-Dog Abers
/m/e2222671,Wile E. Coyote
/m/d7acd208,Wilhelm Conrad Rontgen
/m/833a116c,Wilhelm Steinitz
/m/2ceef11d,Wilhelmina
/m/abfff3b4,Will Boyd 
/m/74bdeaeb,Will Calhoun
/m/a66fb5b3,Will Carruthers 
/m/1050d19f,Will Denton
/m/4aa0bc80,Will Eisner
/m/1cbc0e8d,Will Ferrall
/m/860a3f38,Will I Am
/m/9cdb7aca,Will Kennedy
/m/9323cd12,Will Lee
/m/dd78e579,Will Rahmer
/m/eecdd625,Will Self
/m/27252c61,Will Smith
/m/b73f89b5,Willey Mays
/m/f6173b88,William Ackerman 
/m/86396813,William Butler Yeats
/m/fba876eb,William Byrd
/m/b458b8fc,William Castle
/m/f6122bb1,William Cohen
/m/72ea2640,William Colgate
/m/07449798,William F. Buckley Jr.
/m/abdf3b8b,William F. Friedman
/m/390fd71e,William Faulkner
/m/46858186,William Feller
/m/1d33d006,William Finn
/m/4c84593a,William Fox
/m/9663890c,William Friedkin
/m/a3292966,William Gaines
/m/a2123f48,William Goetz
/m/9b7a7538,William Goldman
/m/e001fa97,William Hartston
/m/8f25cb59,William Herschel
/m/9418f4d9,William Holden
/m/38060892,William Hurt
/m/3f90d63f,William James
/m/2103ccaf,William James Sidis
/m/ef3053ad,William Kahan
/m/31cdc678,William Kapell
/m/dbf5b6e3,William Klein
/m/80fd9e0c,William Kristol
/m/283c83f1,William Kunstler
/m/061c6a54,William Labov
/m/5647138d,William Powell
/m/a7df8a34,William Prescott
/m/ffbcb46d,William Rosenberg
/m/54c22c27,William S. Burroughs
/m/cf8299ef,William S. Paley
/m/3011dca5,William Safire
/m/c4d8bda4,William Schuman
/m/019e95a7,William Shakespeare
/m/f24a4d48,William Shatner
/m/069cbe5d,William Shawn
/m/bae68d75,William Steig
/m/b1d822cf,William Stein
/m/652349ce,William Wordsworth
/m/3b3b39e8,William Wyler
/m/ad4612bf,William-Adolphe Bouguereau 
/m/9f596e60,"Williams, Jeffrey N."
/m/84d77826,"Williams, Sunita L."
/m/b8e79f9f,"Willie ""The Lion"" Smith"
/m/ab33dcff,Willie Aames 
/m/dd518447,Willie Adler 
/m/6a243c82,Willie Brown
/m/86199a71,Willie Lewis 
/m/cd5af6f1,Willie Mays
/m/601c37bc,Willie Nelson
/m/fe53037d,Willie Nile 
/m/56f10c3b,Willie Weeks 
/m/c929f78f,Willo the Wisp
/m/b981cad3,"Wilmore, Barry E."
/m/50370eec,Wilson Laurencin
/m/e33c3a7e,"Wilson, Stephanie D."
/m/5e053e0a,Wilt Chamberlain
/m/95ec569e,Wim Wenders
/m/ad685536,Winard Harper
/m/f8779236,Wind in the Willows
/m/8680e8bb,Winky
/m/c98167bc,Winnie the Pooh
/m/8439a050,Winona LaDuke
/m/4dad2848,Winona Ryder
/m/f013e7e0,Winston Churchill 
/m/ffd9f52f,Witch King
/m/1acd3234,Wladyslaw Szpilman
/m/0fd2d2d1,Wolf Blitzer
/m/692595f0,Wolf Hoffmann 
/m/7d855aa1,Wolfang Haffner
/m/e9aa3f55,Wolfgang Pauli
/m/de140fc7,Wolfgang Van Halen
/m/7b5f17f0,Wolverine
/m/e8cd8a9e,Wonder Man
/m/8137db50,Wonder Woman
/m/33f66f1b,Wong Kar Wai
/m/9b56897c,Woodchuck 
/m/ee55b218,Woody 
/m/72da736c,Woody Allen
/m/15c17239,Woody Woodpecker
/m/f7099bb7,Wormtongue
/m/7f1f250d,Wu-Tang Clan
/m/85f56680,WWE Divas
/m/1dab752e,Wyclef Jean
/m/5317391e,Wyne June 
/m/76578a03,Wynona Ryder
/m/2924ddf7,Xellos 
/m/53880fa6,Xiahou Dun
/m/c64f731b,Ya'acov Al-Kirkisani
/m/26871978,Yaakov Agam
/m/05d9d9f2,Yaddle
/m/be932882,Yağmur Sarıgül 
/m/26617e31,Yagyu Jubei Mitsuyoshi
/m/c37894ed,Yair Bacharach
/m/8b61be6c,Yakov I. Perelman
/m/e191a560,Yakov Smirnoff
/m/86ceecd0,Yakov Smirnov
/m/d137f0ce,Yankel Rosenbaum
/m/adfe1e2f,Yaphet Kotto
/m/1346da10,Yasaburo Manajiri 
/m/8e6c4951,Yasmine Bleeth
/m/32e36c90,Yasser Arafat 
/m/c2c1a984,Yasujiro Ozu
/m/9c82eef2,Yavuz Çetin 
/m/ae36311d,Yechiel Michel Epstein
/m/74468eb0,Yefim Bronfman
/m/eb700ded,Yehoshua Bar-Hillel
/m/6d274a6b,Yehoshua Porath
/m/521b0017,Yehuda Amichai
/m/ba991fb9,Yehuda Halevi
/m/a29938e9,Yehudi Menuhin
/m/189e5549,Yeshayahu Liebowitz
/m/ea00636b,Yevgeny Primakov
/m/9348d35a,Yigal Amir
/m/246a2f3a,Yip Harburg
/m/03f0d87c,Yisrael Lipkin Salanter
/m/93a5c7b9,Yisrael Meir Kagan
/m/28f7464e,Yitschak Rabin
/m/b20c9d30,Yitzchok Hutner
/m/78c1ef52,Yitzhak Rabin
/m/52c2e105,Yitzhak Shamir
/m/7831db4e,Yngwie J. Malmsteen 
/m/bbbd1b65,Yo Yo Ma 
/m/66a7ce48,Yoav
/m/fff94efd,Yoda
/m/880c8f92,Yogi Bear
/m/717c91f3,Yohanan ben Zakkai
/m/2ce38547,Yoko Ono
/m/147073d4,Yolanda Vadiz
/m/72a65ece,Yoni Netanyahu
/m/0e0bf0ef,Yoron Israel 
/m/88b872d4,Yosef Karo
/m/f21169a1,Yosef Trumpeldor
/m/e67f0fd3,Yoshikatsu Kawaguchi 
/m/46ead879,Youji Yagami 
/m/ec691212,Young Jeezy
/m/044a373b,Youzou Torii 
/m/7376daf4,Yuki Sohma 
/m/8eb174a7,Yukino Miyazawa
/m/535e4d2c,Yuri Averbakh
/m/0dd8015d,Yuri Gagarin
/m/c066b72e,Yuri Landman 
/m/c35b0c97,Yuval Gabay
/m/74d3611c,Yves Montand
/m/09d114c5,Yvonne
/m/ca7e4bad,Zac Efron
/m/26d8907b,Zac Posen
/m/a6e60ac2,Zach Braff
/m/2fde5d40,Zach Smith
/m/ce28fb09,Zacky Vengeance
/m/520144cd,Zak Starkey
/m/403130de,Zakk Wylde
/m/605e7b8c,Zal Cleminson 
/m/9b965e2f,Zal Yanovsky 
/m/2458c8b5,Zam Wesell
/m/d0a351fa,Zander Schloss
/m/5790473f,Zang Yimou
/m/24d536d8,Zecharias Frankel
/m/8f29ccb2,Ze'ev Jabotinsky
/m/1bc88abf,Zeke Carey 
/m/7b28f70b,Zeke Martin
/m/ba161454,Zelda Rubinstein
/m/8896714d,Zellig Harris
/m/4e999ee3,Zelman Cowen
/m/337c131c,Zeppo Marx
/m/5e0f87a3,Zero Mostel
/m/5999f0da,Zerubbabel
/m/478e1d05,Zev Siegal
/m/66c2e9e3,Zig Ziggler  
/m/f9780829,Zigaboo Modeliste
/m/618406d8,Ziggy Ellman
/m/b0a106c2,Zilpah
/m/de4ddc66,Zipporah
/m/8be980cb,Zoe Saldana
/m/23eb1681,Zoe Wanamaker
/m/320e64fd,Zohar Sharon
/m/e9e9b10c,Zora Arkus-Duntov
/m/f1d20540,Zora Neale Hurston
/m/a1d1cdfb,Zoran Redžić 
/m/5085f738,Zoro
/m/23d5735d,Zoroaster
/m/2adeeec0,Zsa Zsa Gabor
/m/eaac3b70,Zsofia Polgar
/m/b2b44e98,Zucchero
/m/d68f0e88,Zucker
/m/3a06ac1d,Bertrand Tavernier
/m/4c410891,Bess Myerson
/m/7e7ae557,Bessie Coleman
/m/3ee71ee4,Beth Phoenix
/m/61266e1d,Bette Davis
/m/5c582e6a,Bette Greene
/m/a81a2ea9,Bette Midler
/m/b0d4050e,Betty Boop 
/m/209f0795,Betty Comden
/m/a728748c,Betty Cooper
/m/4209a3cd,Betty Friedan
/m/6b5fd621,Beverly Breckenridge 
/m/5a583fdc,Beverly Sills
/m/9de3276c,Beyonce Knowles
/m/210ae96d,Bezalel Ashkenazi
/m/82a2526f,Bhaichung Bhutia 
/m/ce0a46a1,Bib Fortuna
/m/97f5fd93,Bibbe Hansen
/m/9d694a75,Big Bad Wolf
/m/ff8e02ca,'Big' Jim Sullivan 
/m/26e91a2b,Big L
/m/70945237,Big Pun
/m/182db1b3,Big Show
/m/f9bc1ef9,Big Tom 
/m/6d20ba60,Biggie Smalls
/m/eca8f1f9,Biggs Darklighter
/m/5f4286c4,Bilbo Baggins
/m/13ac87e3,Bilhah
/m/fa271966,"Bill ""The Buddha"" Dickens"
/m/5b30dbd6,Bill Bernbach
/m/e20688a8,Bill Black 
/m/beb7571b,Bill Bright
/m/d5c6bd76,Bill Bruford
/m/2b89eb1f,Bill Champlin 
/m/3ed85cfc,Bill Church 
/m/a7ff9e85,Bill Clinton
/m/433a04a8,Bill Cosby
/m/b4624bc5,Bill Dana
/m/c1a17be1,Bill Finger
/m/82d82fef,Bill Frisell 
/m/d21f8a7b,Bill Gaither  
/m/be917358,Bill Gates
/m/02ca9a5f,Bill Goldberg
/m/74d70826,Bill Graham
/m/e9b98adf,Bill Hicks
/m/52327007,Bill Hybels
/m/80ff52b5,Bill Johnson 
/m/c94704ab,Bill Kelliher 
/m/c243a0ff,Bill Kirchen 
/m/fee189dc,Bill Kristol
/m/1e25110e,Bill Laswell
/m/65f2775c,Bill Leen 
/m/6352a7e5,Bill Lordan
/m/8d8e8c39,Bill Lumbergh
/m/dbb2aa2b,Bill Lustig
/m/c51d0512,Bill MacCormick 
/m/ba0ed853,Bill Macy
/m/02ca4f04,Bill Maher
/m/7cdb93af,Bill McCartney
/m/e1aa8fbe,Bill Medley 
/m/da764915,Bill Murray
/m/f5d03e60,Bill Nye
/m/622d80eb,Bill Payne 
/m/8f70ff8a,Bill Ray 
/m/0128e564,Bill Richardson
/m/e93646ec,Bill Rosenberg
/m/5b23107f,Bill Rotella
/m/c59d5646,Bill Russell 
/m/b69fe8b2,Bill Spooner 
/m/399022a7,Bill Stern
/m/abfee50e,Bill Vockeroth
/m/92e8f8d7,Bill Weasly
/m/bd8826da,Bill Wyman 
/m/8d050a31,Billie Holiday
/m/283cf981,Billie Joe Armstrong
/m/2496041a,Billie Joel
/m/71914c4b,Billy Ashbaugh
/m/85f7cb04,Billy Barty Jusine Bateman 
/m/5269c812,Billy Bass Nelson 
/m/ff2f62ac,Billy Batson
/m/d8bbf0fb,Billy Blanks
/m/058d85e3,Billy Cobham
/m/a55d1508,Billy Corgan 
/m/57405a1b,Billy Cox 
/m/4eb7fffb,Billy Crystal
/m/f1391952,Billy Drummond
/m/8d397bfe,Billy Duffy 
/m/a903bae8,Billy Eisenberg
/m/be83d364,Billy Gibbons 
/m/2f499af1,Billy Gould 
/m/df615a41,Billy Graham
/m/c1e811f2,Billy Greer 
/m/b27c4ccc,Billy Halop
/m/b4cf30ab,Billy Hawn
/m/56a2ce75,Billy Howerdel 
/m/7875985c,Billy Idol
/m/ae730278,Billy Joel
/m/f089a5d7,Billy Kilson
/m/ba00b95a,Billy Mohler
/m/314a27ac,Billy Powell 
/m/0ba88b1a,Billy Preston
/m/041f9725,Billy Ray Sirus
/m/07f73246,Billy Sheehan 
/m/bb75d6cd,Billy Squier 
/m/e0bd1aab,Billy Steinberg
/m/aa2bda6c,Billy Sunday
/m/bf17cf55,Billy Walker 
/m/cfbf3e36,Billy Ward
/m/f77887a1,Billy Wilder
/m/cd5b21bb,Binyamin Ze'ev Kahane
/m/f2f8e777,Birtha Jorkins
/m/b878dcb6,Björn Gelotte 
/m/f66c8083,Björn Strid 
/m/f0a139cf,Björn Ulvaeus
/m/530de1d8,Black Canary
/m/68aed070,Black Eyed Peas
/m/60adf12d,Black Francis 
/m/f1b3c70a,Black Panther
/m/ae7de4b2,Black Pete
/m/48b5f8e8,Black Shadow 
/m/278eff1c,Black Widow
/m/fc1c5d51,Blackie Lawless 
/m/f5a32bdf,Blair Thornton
/m/c4d3473a,Blaise Zabini
/m/7572870d,Blanche Knopf
/m/6f3d1047,Blas Elias
/m/a25665fe,Blasko 
/m/dcb16963,Blind Lemon Jefferson
/m/8b734f0c,Blind Willie McTell
/m/4a880bd4,Blondie
/m/763fee08,Bloody Barron
/m/0aaad6ae,Blue October
/m/6efb9861,Bo Belinsky
/m/7a7d4315,Bo Diddley
/m/e0dc18e7,Boaz
/m/105676d7,Boaz Keysar
/m/1b4d8aa8,Boaz Yakin
/m/ba674e3f,Bob Arum
/m/a233baec,Bob Babbitt
/m/86c6a103,Bob Balaban
/m/d4c48185,Bob Barker
/m/9ac3034f,Bob Bennett 
/m/8ac05315,Bob Berg
/m/128655c9,Bob Birch 
/m/f3e7a956,Bob Brozman
/m/6e965744,Bob Carlisle 
/m/75d7eb1b,Bob Casale
/m/13f83e90,Bob Daisley 
/m/789d688e,Bob Denver
/m/6c6859ea,Bob Dishy
/m/92753b5e,Bob Dole
/m/d58fee37,Bob Dylan
/m/ccb69e62,Bob Fairfoull 
/m/56520b0a,Bob Filner
/m/bc1f9c45,Bob Fitzsimmons
/m/fbc97886,Bob Frankston
/m/52baff34,Bob Hope
/m/944ddc9e,Bob Kahn
/m/efc33fb4,Bob Kane
/m/4b1f2eb2,Bob Kaufman
/m/9e25c726,Bob Knarley 
/m/03f39d44,Bob Kraft
/m/fd03da92,Bob Larson  
/m/d2d1a48e,Bob Lewis 
/m/e7646f69,Bob Marley
/m/ec756a88,Bob Mayo
/m/f1ef2471,Bob Merrill
/m/3f69ce89,Bob Mothersbaugh 
/m/5e35e5f7,Bob Nastanovich
/m/ab2f1018,Bob Newhart
/m/2f02fdc3,Bob Ogden
/m/81fbc839,Bob Saget
/m/69d05da8,Bob Seger
/m/6997bbdf,Bob Siebenberg
/m/269c7726,Bob Sinclair
/m/987eecc0,Bob Stinson 
/m/1e0f2b5d,Bob Tisch
/m/a6cdf10a,Bob Weinstein
/m/b76b052d,Bob Welch 
/m/b1bf6e9c,Bob Weston 
/m/68428243,Bob Woodward
/m/49eeb89d,Bob Wootton 
/m/ea1b5bb9,Boba Fett
/m/4f06e023,Bobby Borg
/m/4a4e2ab0,Bobby Brown
/m/0fbbf60b,Bobby Chouinard
/m/f916c025,Bobby Colomby 
/m/35813579,Bobby Czyz
/m/ce109fb4,Bobby Dall 
/m/0bf9f020,Bobby Elliott
/m/9585ec42,Bobby Fischer
/m/fa786c1c,Bobby Fuller 
/m/bdf45cf2,Bobby Jarzombek
/m/abfba67e,Bobby Moore 
/m/9d13d2e7,Bobby Previte
/m/1140a6a6,Bobby Rock
/m/4113f871,Bobby Seale
/m/f837d9f8,Bobby Slayton
/m/3e4594ec,Bobby Whitlock 
/m/033bc268,Bobby Womack
/m/737ee9f1,Bobzilla 
/m/3a8bc1e7,"Boe, Eric A."
/m/ba592ce6,Bojan Pečar 
/m/ceacdee4,Bone Thugs N Harmony
/m/a6575b62,Bones Hillman
/m/49f3a26c,Bonnie and Clyde
/m/2e523d5b,Bonnie Franklin
/m/6fc0987d,Bono Vox
/m/a8d1b025,Boo Boo 
/m/d9ee7676,Booker T. Jones
/m/22f6f6bb,Booker T. Washington
/m/02156d7b,Bootsy Collins 
/m/7188c7f6,Borat
/m/65746641,Borgin
/m/d627cfc7,Boris Alterman
/m/fd5106f8,Boris Badenov 
/m/422cede9,Boris Becker
/m/a4d94b5a,Boris Berezovsky
/m/6c890638,Boris Gulko
/m/fc5c1977,Boris Karloff
/m/fe92db64,Boris Pasternak
/m/d77b03f9,Boris Sagal
/m/f5226384,Boris Spassky
/m/4d655f89,Boris Strugatsky
/m/b27e792c,Boris Thomashevsky
/m/1ba2f3ea,Boromir
/m/53df0a5e,Boss Nass
/m/c192764d,Bossk
/m/5ba3146d,Bow Wow
/m/4c2edcaf,"Bowen, Stephen G."
/m/3828f60e,Boyd Martin
/m/055cb098,Boz Burrell 
/m/2b0c0900,Boz Scaggs
/m/297a6944,Bozo
/m/3a038815,Brad Ausmus
/m/c50fd886,Brad Delson 
/m/42f5fe16,Brad Dutz 
/m/6dabb8b7,Brad Garrett
/m/2d27a3e9,Brad Gilbert
/m/f0106230,Brad Houser 
/m/f8c1bb7d,Brad Paisley
/m/62598b6d,Brad Pitt
/m/35a785f6,Brad Sherman
/m/cff58000,Brad Whitford
/m/4027a80c,Brad Wilk
/m/8dfb8f70,Bradley Fish 
/m/b81abb24,Bradley Nowell
/m/bbe9ef26,Bradley Webb
/m/7c4f9b5f,Bram Cohen
/m/dad5b60a,Brandon Routh
/m/72a055b4,Branko Lustig
/m/e6680545,Breaking Point
/m/d8031b3e,Brenda K. Starr
/m/77e3bfb3,Brenda Song
/m/d3e82909,Brendan Bayliss 
/m/9b2222ec,Brendan Benson 
/m/bd46bcd8,Brendan Fraser
/m/bf6e7d6e,Brendan O' Carroll
/m/f59748db,Brennan Manning
/m/6ccb76a8,Brent Hinds
/m/f32c99a5,Brent Mason 
/m/62a17ab7,Brent Spiner
/m/a0e16cdb,Brett Butler  
/m/f91ba666,Brett Clark
/m/a779f1da,Brett Farve
/m/60136375,Brett Gurewitz 
/m/d3deda20,Brett Lee 
/m/86c88163,Brett Ratner
/m/092cea91,Brett Rogers
/m/9a51c522,"Brian ""Big Hands"" O'Conner "
/m/b085c530,Brian Asawa
/m/64cb689e,Brian Baker
/m/0b5daa47,Brian Bell
/m/6d4117d3,Brian Brater
/m/b7af10da,Brian Bromberg
/m/5cb978bb,Brian Cashman
/m/d798cbc3,Brian Chase 
/m/1213b9e3,Brian David Josephson
/m/61c3646c,Brian de Palma
/m/93a160aa,Brian Downey
/m/6b580a8e,Brian Eno
/m/0e6010df,Brian Epstein
/m/ba88273a,Brian Evans 
/m/06f95aea,Brian Fair 
/m/eca720d9,Brian Gibson 
/m/7173d3b1,Brian Gottfried
/m/0a25a24b,Brian Griffin
/m/f401a683,Brian Helicopter 
/m/15541fad,Brian Johnson
/m/49ceaf9f,Brian Jones 
/m/69984623,Brian Lane 
/m/88c33fc4,Brian Littrell
/m/06536c4b,Brian Locking 
/m/277397dc,Brian Marshall
/m/42cc7016,Brian May
/m/4a7fb086,Brian Michael Bendis
/m/4b6433e9,Brian Molko 
/m/0b3fe9d0,Brian Pillman
/m/524ce47e,Brian Ray 
/m/fba5be43,Brian Ritchie 
/m/265c453a,Brian Robertson 
/m/d34ee253,Brian Rosenworcel
/m/34d719dd,Brian Setzer 
/m/84a7afbe,Brian Stephens
/m/a7090bcb,Brian Wandell
/m/782b5f55,Brian Welch 
/m/3357d5df,Brian Williams
/m/582a2d84,Brian Wilson
/m/ed679102,Brian Wooten 
/m/3d8b3f71,Brian Yale
/m/347fa13d,Brian Yandrisovitz
/m/65649361,Bridget Jones 
/m/b4125b99,Brie Larson
/m/cccf551f,Britney Spears
/m/f8a47206,Brodie Foster Hubbard 
/m/c63395bd,Brody Dalle 
/m/8e6a1b8a,Broncho Billy Anderson
/m/f2402298,Bronislaw Geremek
/m/8bf5b2b9,Bronson Pinchot
/m/96134d7b,Brooke Burke
/m/841de0e4,Brooke Hogan
/m/46b4299b,Brooke Valentine
/m/a0c64035,Brown Mark 
/m/d06bc1cc,Bruce Cockburn 
/m/2729dc57,Bruce Dickinson
/m/afe44efa,Bruce Fleisher
/m/9eae0768,Bruce Foxton
/m/f38c5e18,Bruce Gary
/m/6723b452,Bruce Geller
/m/e9e3f02b,Bruce Gordon 
/m/ac325500,Bruce Hall 
/m/765e66dc,Bruce Jenner
/m/19956d6e,Bruce Johnston 
/m/501e7c76,Bruce Kovner
/m/96bccfc5,Bruce Kulick
/m/d19e6395,Bruce Lee
/m/6b2decec,Bruce Marchianot 
/m/b9d80270,Bruce Nielsen
/m/e646a3a4,Bruce Palmer 
/m/3d6004de,Bruce Paltrow
/m/b198458f,Bruce Perens
/m/c9c20b01,Bruce Ratner
/m/bdb25b3f,Bruce Rutherford 
/m/8eba785c,Bruce Schneier
/m/fcbb413e,Bruce Springsteen
/m/bb3337d9,Bruce Sundlun
/m/eb45e303,Bruce Thomas 
/m/a304a3a7,Bruce Vilanch
/m/2d8621ce,Bruce Wasserstein
/m/66b2f5c3,Bruce Wayne
/m/42c8a7b2,Bruce Willis
/m/fac72de6,Bruno Bergonzi
/m/e854469a,Bruno Bettelheim
/m/f8c1a63f,Bruno Kreisky
/m/7c828a60,Bruno Ludke
/m/6cf844a2,Bruno Sammartino
/m/ea303e55,Bruno Schulz
/m/636719d7,Bruno Walter
/m/7b8e61e2,Bryan Adams
/m/437d103f,Bryan Beller 
/m/b600bc21,Bryan Breaux
/m/19b9cd5a,Bryan Hitt
/m/0f2c566f,Bryan Singer
/m/71f4538f,Bryan Sutton 
/m/983008f2,Bryce Avary 
/m/92d1d081,Bryce Soderberg
/m/f437d344,Bryher
/m/0ef1a726,Bryn Terfel
/m/5ecda4ed,BTK- Dennis Rader
/m/95e2d7fb,Buck Henry
/m/18cd676a,Buck Williams
/m/d2e2e90e,Buckbeak
/m/d752c633,Buckethead 
/m/7292ebf9,Bucky Barnes
/m/b41b9ddd,Bud Abbott
/m/510dbf1c,Bud Cockrell 
/m/decaa7f2,Bud Selig
/m/e2cace7d,Budd Schulberg
/m/070f23e8,Buddy Blue 
/m/7b40ef6c,Buddy Gibbons
/m/206916dc,Buddy Guy 
/m/c89caaa0,Buddy Hackett
/m/5891e243,Buddy Harman
/m/cb5a3c6d,Buddy Holly
/m/9490e8a7,Buddy Miles
/m/adc9e312,Buddy Myer
/m/7aa242e7,Buddy Rich
/m/49381fdb,Buddy Zabala 
/m/c5c969f6,Budy Hackett
/m/2fcdff76,Buffy 
/m/2a4458a7,Bugs Bunny
/m/a880f60b,Bugsy Siegel
/m/cb1a2dd1,Bullwinkle 
/m/b62a128e,Bumblefoot 
/m/129c4710,Bunny Brunel 
/m/32480f19,"Burbank, Daniel C."
/m/9967c0cf,Burhan Öçal
/m/f2c6418b,Burk
/m/76c8441c,Burt Bacharach
/m/651f5e9c,Burt Balaban
/m/4033b80d,Burton Baskin
/m/c86ea8a0,Burton Cummings 
/m/7a28e146,Burton Lane
/m/e2e0f387,Burton Richter
/m/1bd84b1a,Bushwick Bill
/m/21b93a1e,Busta Rhymes
/m/bb827402,Buster Keaton
/m/2242918f,Butt Head 
/m/0bd421b8,Buwi Meneses 
/m/75a65f02,Buzz Osborne 
/m/f28defe7,Byron Janis
/m/c0fbb070,Byron Stroud 
/m/a7387c0d,C. C. DeVille 
/m/25cc4fa0,C. G. Jung
/m/3fe90712,C. S. Lewis
/m/3bcf5981,C.A.R Hoare
/m/46ffb243,C.B. Hudson
/m/cb636360,C.J. Ramone 
/m/98338d14,C-3PO
/m/09d6acc2,Cable
/m/e89bf27f,Cad Bane
/m/f547da75,Cade Skywalker
/m/6c5de51e,Cafu 
/m/3ac6e56c,Cait O'Riordan 
/m/51921a5c,Cal Abrams
/m/80112ef3,Cal Stephanides 
/m/e35fd0fb,"Caldwell Dyson, Tracy E."
/m/d46262d5,Calogero Marrali
/m/d3dd207d,Calos Santana
/m/722e310a,Calvin Johnson Jr.
/m/ba56feb3,Calvin Klein
/m/6f47b286,Cameron Diaz
/m/4b2a6d4d,Cameron Kerry
/m/0c68faeb,Cameron Muncey 
/m/feb6ed5f,Camille Dreyfus
/m/5c4ab7d9,Camille Pissarro
/m/faf5832f,Camille Saint-Saëns 
/m/9bbac572,Camillo Berneri
/m/5562d76a,Camryn Manheim
/m/d7df311c,Candace Cameron
/m/22465905,Canderous Ordo
/m/933cb50f,Candice Michelle
/m/e7496932,Cannonball
/m/b03b0418,Capers Funnye Jr
/m/6ecf18e0,Cap'n Crunch
/m/71ba2137,Cap'n Crunch 
/m/e6a0cfbf,Caprice Bourret
/m/bece2982,Capt. Mitsuru Konishi 
/m/8b6a76dc,Captain America
/m/48e08c40,Captain Caveman 
/m/701be87c,Captain Kirk Douglas 
/m/2197c5db,Captain Pugwash
/m/b500b912,Captain Rex
/m/3a741d18,Captain Sensible 
/m/a038ece7,Captain Sky
/m/204f6137,Caravaggio
/m/e1572443,Carl 
/m/1264a4c8,Carl Allen
/m/9c06686d,Carl Barat 
/m/96ce577c,Carl Bernstein
/m/50d5bd54,Carl Clarfalio  
/m/f998d3d6,Carl Djerassi
/m/e55ddab7,Carl Dreyer
/m/507443e9,Carl Hunter 
/m/c57e6bbb,Carl Icahn
/m/360ba4f0,Carl Johan Grimmark 
/m/82d51528,Carl Koller
/m/e12d402d,Carl Laemmle
/m/0bce4c2b,Carl Levin
/m/50f95447,Carl Lewis
/m/e1dfaf19,Carl Maria von Weber
/m/bb26b933,Carl Newman 
/m/1022723e,Carl Palmer 
/m/dcc4d57f,Carl Perkins 
/m/f5553b1c,Carl Philipp Emanuel Bach 
/m/12b18f17,Carl Radle 
/m/9362d2f0,Carl Rakosi
/m/c5582470,Carl Reiner
/m/cccc3a95,Carl Sagan
/m/412c50c5,Carl Wilson 
/m/b4b288b5,Carlene Begnaud 
/m/4a9c61b5,Carles Benavent 
/m/d68ab810,Carlito
/m/b4ad6dcd,Carlo Alberto Canevali
/m/3345b60e,Carlo Little
/m/7d4b7b6d,Carlo Marchione 
/m/e9121c7b,Carlo Von Sexron
/m/09c0eea3,Carlos Alomar 
/m/920b46d3,Carlos Baerga
/m/441aeeae,Carlos Cavazo
/m/9ea49c02,Carlos Dengler 
/m/227180b1,Carlos Santana
/m/04ab8a43,Carlos Slim Helú 
/m/1a3895a2,Carly Simon
/m/2839c548,Carman 
/m/9c1311a1,Carmen Electra
/m/61badd0c,Carmine Appice
/m/8aabd2e6,Carol Burnett
/m/75c3b9ec,Carol Gilligan
/m/2483ee94,Carol Harris-Shapiro
/m/99f87dff,Carol Kane
/m/22994758,Carol Kaye
/m/0f3966ef,Carol Lawrence 
/m/659983db,Carol Leifer
/m/3351b893,Carol Pewterschmidt
/m/7bca7206,Carol Reed
/m/53ee628d,Carol Swain
/m/894759ca,Carol Vorderman
/m/14daf3b9,Carole Bayer Sager
/m/7617621b,Carole King
/m/69fc1422,Caroline Taylor
/m/c1e04251,Carolyn Drake
/m/204c1359,Carolyn Jones
/m/510f2a26,Carolyn Leigh
/m/158efe0a,Carolyn Mervis
/m/edd74dbc,Carolyn S Shoemaker
/m/22aadc0a,Carrie Bradshaw 
/m/456e5335,Carrie Brownstein of Sleater-Kinney
/m/1f2b0c4a,Carrie Fisher
/m/60797354,Carrie Underwood
/m/0c4b8d23,Carroll O'Connor
/m/b96937a1,Carter Beauford
/m/6721acbd,Carter Pewterschmidt
/m/3c96be08,Cartman
/m/eacef35c,Cary Grant
/m/d1bb6d44,Cash Money Millionaires
/m/129f18f3,Casimir Funk
/m/6a4ee1bf,Casper the Friendly Ghost
/m/52953cb0,Casper Weinberger
/m/73a8357b,Cass Elliot
/m/83155766,Cassandra Jill Warlock 
/m/0b142af3,"Cassidy, Christopher J."
/m/3568d14d,Cassius Warrington
/m/fe72788a,Cat in the Hat
/m/cdf13c83,Cat Stevens 
/m/70dc70c4,Cate Blanchett
/m/215e5d63,Catherine Bell
/m/d76fe74e,Catherine Marshall
/m/189bba57,Catherine Trammell
/m/ee92a44f,Catherine Zeta Jones
/m/7649bfbe,Catwoman
/m/ecdd2bde,CeCe Winans 
/m/edacef99,Cecil B. DeMille
/m/fad1f882,Cecil Day  
/m/b44e73d9,Cecilia Bartoli
/m/b44e73d9,Cecilia Bartoli
/m/30b4094a,Cedric Diggory
/m/11d5d223,C'el Revuelta 
/m/ea4f9c82,Celine Dion
/m/90108d17,César Franck 
/m/077682d8,Cesar Milstein
/m/545b7086,Cha Cha Maru Master 
/m/c60780fa,Chad Hurley
/m/677a9d7d,Chad I Ginsburg 
/m/6b9a1508,Chad Kroeger 
/m/4c646b0a,Chad Larson 
/m/ecfb1ff5,Chad Michael Murray
/m/696495dd,Chad Urmston 
/m/0a764f61,Chad Wakerman
/m/2d519358,Chaim Grade
/m/55e82b13,Chaim Herzog
/m/655431db,Chaim Michael Dov Weissmandl
/m/1fc542e9,Chaim Potok
/m/89c1a502,Chaim Rumkowski
/m/51d7a30d,Chaim Soutine
/m/80c5860d,Chaim Topol
/m/21162993,Chaim Weizmann
/m/50b1aced,"Chamitoff, Gregory E."
/m/8e435735,Chandra Levy
/m/584dd68a,Channing Tatum
/m/0a233639,Chantal Akerman
/m/86d4704e,Chappii Eda 
/m/4cd579d7,Charlas Schwab
/m/184222c3,Charles Austin
/m/2a5ec9cc,Charles Babbage
/m/2c174f69,Charles Barkley
/m/e075a045,Charles Bernstein
/m/2e87e86a,Charles Birger
/m/9ef22994,Charles Bronfman
/m/34ec1dba,Charles Castronovo
/m/65e4199d,Charles Cullen
/m/72fffe57,Charles Darwin 
/m/55ab720a,Charles Denner
/m/1aa60ea6,Charles Dickens
/m/14cd4859,Charles Drew
/m/1ac52228,Charles Everett Koop
/m/af06afc4,Charles Fefferman
/m/6e65af4d,Charles Finney
/m/f392e88b,Charles Ginsburg
/m/4b11d554,Charles Goren
/m/a7a09234,Charles Grodin
/m/4369d296,Charles Guggenheim
/m/719f9512,Charles Hedger
/m/6aab64f6,Charles Henry Turner
/m/d10c6c6c,Charles Herbert
/m/7d17342e,Charles Kelman
/m/9debe442,Charles Krauthammer
/m/28f5de23,Charles Lazarus
/m/9d07be33,Charles Lubin
/m/f3246402,Charles Manson
/m/3142023f,Charles Revson
/m/bca5efa3,Charles Reznikoff
/m/1ffc14bb,Charles Schumer
/m/434b7a41,Charles Sobhraj 
/m/f57fb967,Charles Spurgeon
/m/8147d1b5,Charles Stanley
/m/63483cce,Charles Strauss
/m/059a3670,Charles Strouse
/m/85a22705,Charles Weissmann
/m/140b76c7,Charles Yanofsky
/m/c6ff57b9,Charles Yeager
/m/8250736b,Charles Zi Britannia 
/m/45552781,Charles-Valentin Alkan
/m/ec731f6f,Charley Goldman
/m/5b3a941d,Charlie Adams
/m/acd83436,Charlie Brown
/m/2daaddc3,Charlie Burchill 
/m/5172e80f,Charlie Chaplin
/m/7a08ac80,Charlie Crist
/m/79499758,Charlie Daniels
/m/b1b0f77e,Charlie Kaufman
/m/81e1d726,Charlie Moniz 
/m/16d6d220,Charlie Morgan
/m/5fed083f,Charlie Peacock 
/m/d4f08577,Charlie Plumb  
/m/e00d2177,Charlie Reid 
/m/4d4142a1,Charlie Sexton 
/m/c9f6c786,Charlie Sheen
/m/dea1c5da,Charlie Simpson 
/m/51d0fa78,Charlie Tuna
/m/dbe211c5,Charlie Watts
/m/91c4026f,Charlie Waymire
/m/f350f427,Charlie Weasley
/m/49a30a72,Charlie Zaa
/m/f25fa024,Charlize Theron
/m/adc713b0,Charlotte Arnold
/m/0b670931,Charlotte Buresova
/m/71f970c4,Charlotte Caffey
/m/f2f46d83,Charlotte Hatherley 
/m/2778320f,Charlotte Rae
/m/97dd4fe7,Charlton Heston
/m/8d23b141,Charo 
/m/0c9b2f1d,Chas Chandler 
/m/6a129f54,Cheetah Girls
/m/253e6483,Chelsea Noble
/m/76a7b929,Chely Right
/m/03d6df6b,Chen Ing-hau
/m/c0bcc8c4,Chen Kaige
/m/892edcc7,Cher
/m/39e6c26c,Chester Bennington 
/m/8cacc894,Chester Cheetah
/m/5df1c536,Chester Kallman
/m/dbb3eade,Chester Thompson
/m/cc34719c,Chet Atkins 
/m/baea8a19,Chet Powers
/m/1a26bb65,Chevalier d'Autriche 
/m/e8f9d893,Chevy Chase
/m/471ac46d,Chewbacca
/m/e6096e61,Cheyenne Kimball
/m/3397adac,Chi Cheng 
/m/9ea4883b,Chic Hecht
/m/2dc7523b,Chicken Run
/m/cf4ece75,Chico Marx
/m/9995ef03,Chief Ilita 
/m/63747a66,Chief O'Hara
/m/b0302d0b,Chief Wiggum
/m/62bbc518,Chief X 
/m/bd70bbaf,Chino Moreno
/m/e61e34b4,Chip
/m/5def4674,Chip Douglas 
/m/5b543089,Chiyochichi
/m/d70236c5,Cho Chang
/m/5ad25931,Chris Barron
/m/6af58d35,Chris Berman
/m/8ffa051a,Chris Blackwell
/m/04cb5c9b,Chris Botti 
/m/1d3bd234,Chris Brien
/m/86517b0d,Chris Brown
/m/5aa2dbe5,Chris Brubeck 
/m/d4fb590c,Chris Burgess 
/m/ef0834bc,Chris Burney 
/m/b02be0b1,Chris Byrd
/m/a688b18b,Chris Caffery 
/m/f99ba07b,Chris Cain 
/m/31fa2dc1,Chris Cappelli 
/m/876e3638,Chris Carrabba
/m/bfd49a6d,Chris Chaney 
/m/3feee8b7,Chris Christie
/m/8db12bfb,Chris Collingwood 
/m/e5c22a93,Chris Cornell 
/m/312c67c0,Chris Cross 
/m/fe6bd6b9,Chris de Burgh 
/m/787e771a,Chris De Rosa
/m/0e7054c3,Chris DeGarmo 
/m/734dd9e9,Chris Dreja 
/m/ca14d3d7,Chris Evert
/m/93f656d6,Chris Foreman
/m/cf91592e,Chris G
/m/f400f0f2,Chris Griffin
/m/b8fe3158,Chris Henderson 
/m/8f334d75,Chris Hillman 
/m/ad4bc87e,Chris Impellitteri
/m/c8c817ce,Chris Joannou 
/m/291d0b4b,Chris Kattan
/m/6e1b092a,Chris Klein
/m/58352bf7,Chris Langan 
/m/168bb9dc,Chris Marker
/m/f6cd44f2,Chris Martin 
/m/226b17c4,Chris Masters
/m/3be8f4f1,Chris Maurer 
/m/f42c4f29,Chris Murphy 
/m/c08d2b43,Chris Nugent
/m/22758465,Chris O'Donnell
/m/2c5fd16f,Chris Poland
/m/dea0f485,Chris Rea 
/m/9f399001,Chris Rice
/m/75923349,Chris Robinson
/m/fb8a69f1,Chris Rock
/m/fd0b628d,Chris Ross 
/m/e1fd0906,Chris Shiflett
/m/022a7624,Chris Squire 
/m/dd9655f2,Chris Stainton 
/m/e2db1223,Chris Stein 
/m/7cfb1a92,Chris Tait 
/m/59c4b119,Chris Van Allsburg
/m/3cde3900,Chris Walla 
/m/294c4075,Chris Weitz
/m/7f50c131,Chris White 
/m/5126a946,Chris Wolstenholme 
/m/32024f6a,Chris Wood
/m/71b00d67,Chris Young 
/m/a5199de8,Chrissie Hynde 
/m/9c197af0,Christer Nordlander
/m/b0be4ce2,Christian B. Anfinsen
/m/e3bb0af2,Christian Bale
/m/0cedbeb8,Christian Burns 
/m/3811e878,Christian Giesler 
/m/4fa6c647,Christian Hejnal 
/m/24d2016a,Christian Jacobs  
/m/faff6461,Christian McBride
/m/26cfce05,Christian Meyer
/m/72fcb16b,Christian Olde Wolbers 
/m/6d40ab25,Christian Ubber
/m/6bd077ac,Christie Brinkley
/m/608d11e8,Christina Aguileira
/m/3d87ba42,Christina Milian
/m/d9a91a48,Christine Evans
/m/4ae011f3,Christophe Deschamps
/m/e27dce5d,Christophe Pratiffi 
/m/124b4510,Christopher Baron
/m/b5fb4070,Christopher Boone 
/m/4c2ec84d,Christopher Columbus
/m/ef99e1b5,Christopher Darden 
/m/3dd76bc7,Christopher Dean 
/m/855d338c,Christopher Dodd
/m/179b221a,Christopher Guest
/m/d0124b92,Christopher Parkening 
/m/06244790,Christopher Reeve
/m/51d82d10,Christopher Walken
/m/6c9cfdea,Christy Hemme
/m/2c8c8bf4,Chuck Berry
/m/24deb80a,Chuck Colson
/m/c6c27a8a,Chuck Dukowski
/m/f6532615,Chuck Garric 
/m/746bf648,Chuck Garvey 
/m/bb5cdbd9,Chuck Grassley
/m/ae8e291d,Chuck Hammer 
/m/b2f1c6d1,Chuck Leavell 
/m/e2b1506c,Chuck Loeb 
/m/df965c1f,Chuck Norris
/m/87c2ba32,Chuck Palahniuk
/m/febd4dbc,Chuck Panozzo 
/m/3aa42e08,Chuck Rainey
/m/5ca9e529,Chuck Schuldiner 
/m/5bf9fe9e,Chuck Schumer
/m/ad15076b,Chuck Silverman
/m/bf1ac93c,Chuck Swindoll
/m/4ef1336c,Chuck Wright 
/m/9f15f364,Chuck Yeager
/m/851f7676,Chuck Zeuren
/m/0f8d7615,Chyler Leigh
/m/bce8a196,Ciara
/m/33dc3d97,Ciceron Harkis
/m/f160f099,Cinderella
/m/91afae82,Cindy Blackman
/m/2ee8ebf8,Cindy Crawford
/m/98a1b238,Cindy Margolis
/m/487f6e8a,Cindy Sherman
/m/e04d472e,City Sleeps
/m/3a6e3eef,Claire Bloom
/m/0c29f7e7,Clarabelle Cow
/m/3d882d79,Clare Kenny 
/m/ef57dc71,Clarence Carter
/m/57de4a02,Clarence Gilyard
/m/e9f42664,Clarence Thomas
/m/1da8d80a,Clarence White 
/m/5b5239f0,Clarice Lispector
/m/e4cfcc51,Clark Gable
/m/8ffe02d2,Clark Griswold
/m/26be5446,Clark Howard
/m/d82f6c9e,Clark Kent
/m/f680370b,Clark Tracey
/m/a999901b,Claude Chabrol
/m/9faf2379,Claude Cohen-Tannoudji
/m/f3fefda5,Claude Debussy 
/m/cd0d40aa,Claude E. Shannon
/m/817bd7ff,Claude Lelouch
/m/2b07a9de,Claude Levi-Strauss
/m/5c37529d,Claude Monet
/m/3773032b,Claude Rains
/m/d6cec3e1,Claudio Canzano
/m/cb3c1bd5,Claudio Monteverdi 
/m/c22272c9,Claudio Sanchez 
/m/d720c95b,Claudio Scolar 
/m/46f7958e,Claudio Simonetti 
/m/46d64e15,Clay Aiken
/m/67e7acd6,Clayton Bigsby 
/m/b818602b,Clayton Cameron
/m/c3c4dc22,Clem Snide
/m/e27b2678,Clement Greenberg
/m/f8cbe5a9,Cleopatra
/m/ba5fd8fb,Cletus 
/m/a056911d,Cliff Burton 
/m/cd20d21d,Cliff Gorman
/m/97a02a4b,Cliff Richard
/m/dfa60a20,Cliff Williams 
/m/391ee0bf,Clifford Odets
/m/6f6345f1,Clifford the Big Red Dog 
/m/12eda037,Clifton Davis  
/m/d63bfb84,Clint Black 
/m/b84954cb,Clint Eastwood
/m/cd8b5aca,Clint Lowery 
/m/94fc04a8,Clive Chaman 
/m/e9c2801f,Clive Davis
/m/a64dd5d6,Clive Mears
/m/8378b156,Clive Owen
/m/50e24f58,Clive Sinclair
/m/75d68a33,Cloris Leachman
/m/40a9702a,Clyde Barrow
/m/88b2bfb7,Cobra Commander
/m/35c461b1,Coco Chanel
/m/4fdbbe13,Cody Votolato 
/m/00d80b3d,Cole Hauser
/m/ed7aba6c,Coleman Young
/m/8bc329ea,"Coleman, Catherine G."
/m/d3a14478,Colin Bailey
/m/4ad8bee7,Colin Bass 
/m/7dd6ebe8,Colin Creevy
/m/b27a59d3,Colin Edwin 
/m/5393e2d7,Colin Emerle
/m/129c92ed,Colin Farrell
/m/0b928e63,Colin Firth
/m/53238292,Colin Greenwood 
/m/c6ec6611,Colin Hay 
/m/c5c062c7,Colin L. Powell
/m/362a52ad,Colin Moulding 
/m/620d2186,Colonel Sanders
/m/29a3615e,Colossus
/m/e9c7810a,Columbus
/m/6e5f8e89,Comic Book Guy 
/m/e786f331,Commander Cody
/m/a9e7dc8a,Commander Wakamoto 
/m/a61b878c,Conan
/m/e1c0e5f7,Conan O'Brien
/m/ce44e89b,Concetta Kirschner 
/m/73cb5d4d,Condoleeza Rice
/m/286bd9ea,Confucius
/m/31962513,Connie Chung
/m/91b9d1a7,Connie Seleca
/m/4a4df1db,Conny Bloom 
/m/25ac1a9c,Conrad Lozano 
/m/907c890c,Conrad Veidt
/m/02803c13,"Constantine ""Dino"" Nickolas"
/m/315a444d,Cookie Monster
/m/7f97d6f7,Corbin Allred
/m/5bc89e70,Corbin Bernsen
/m/aedd4df0,Corbin Bleu
/m/3d42eadb,Cordwainer Smith 
/m/39233df2,Corey Beaulieu 
/m/e257edff,Corey Feldman
/m/3f2575c5,Corey Fischer
/m/9496c367,Corey Haim
/m/409930ea,Corey Taylor 
/m/f59d3af8,Corin Tucker 
/m/c4a6dbc7,Corky St. Clair Waiting for Guffman
/m/80df6a08,Cormac McLaggen
/m/53f6474e,Cornel Wilde
/m/d5d54c22,Cornelious Fudge
/m/185b00ad,Corrie Ten Boom
/m/f332eb22,Corrin Tellado
/m/d464ec14,Cosmo Kramer 
/m/060089ca,Count Dooku
/m/3f638a3e,Country Joe and the Fish
/m/96b441d8,Courtney Cox
/m/1f43a359,Courtney Love
/m/be367cd7,Courtney Taylor-Taylor 
/m/c9627353,Cozy Powell
/m/9255d3b8,Craig David
/m/c0a0a5cb,Craig Fairbaugh 
/m/8f2f4854,Craig Gannon
/m/0fa3c71d,Craig Lucas
/m/683b3a2c,Craig Montoya 
/m/8624a3f0,Craig Nicholls 
/m/faef750e,Craig Scanlon 
/m/acd517e5,Craig Wood 
/m/a5905e1f,Crawford Loritz
/m/b21277a2,"Creamer, Timothy J."
/m/67712c3f,Creed Bratton 
/m/81b8d4bc,Cris Kirkwood
/m/c12ec4d6,Criss Angel
/m/95fe0d0d,Criss Oliva 
/m/04860f5a,Cristian Castro
/m/d50796ca,Cristiano Micalizzi
/m/c17b5af9,Cristiano Migliore 
/m/4ba3e34a,Cristiano Ronaldo
/m/d4686abf,Cristie Kerr
/m/b8a52085,Crookshanks
/m/9408419e,Cuba Gooding Jr.
/m/246f0cc7,Curly Howard
/m/66696b08,Curt Bisquera
/m/fbeb02d9,Curt Sachs
/m/c4f62f87,Curt Smith 
/m/949c5127,Cy Coleman
/m/1a1ea044,Cyclops
/m/4839c0b1,Cynthia Nixon
/m/51567d5c,Cynthia Ozick
/m/31bdd306,Cynthia Weil
/m/e1e85414,Cyril M. Kornbluth
/m/56d059bf,D.D. Verni 
/m/58c60c79,D.W. Griffith
/m/ed73022e,Daddy Yankee
/m/66e19644,Daffy Duck
/m/0bd3eb2b,Dagwood 
/m/ce28845b,Daisy
/m/4c2e3c3d,Daisy Duck
/m/b6d63ba5,Dak
/m/5abecffa,Dalai Lama
/m/3ecde52d,Dale
/m/35deb9fe,Dale Baker
/m/5392aeca,Dale Chihuly
/m/0679a04f,Dale Evans
/m/2a9b4a6f,Dale Stewart 
/m/a5d9c753,Dalia Rabikovich
/m/9a5b3d3a,Dallas Green  
/m/8dcffef8,Damian Kulash  
/m/9ba48bd6,Damon Allen 
/m/3584ab40,Damone
/m/6b0e4aec,Dan Abrams
/m/b7157896,Dan Andriano 
/m/e0dbd554,Dan Auerbach  
/m/f255efdf,Dan Aykroyd
/m/c2cae12b,Dan Bern
/m/f860e3bd,Dan Bernstein
/m/dcf62a08,Dan Bricklin
/m/57d5eaaf,Dan Briggs  
/m/de6dc0b3,Dan Brown
/m/eadb1866,Dan Buch
/m/eac45630,Dan Clowes
/m/9464ab72,Dan Crary 
/m/8707ecfb,Dan Daniel
/m/438bf909,Dan Donegan  
/m/3dd91592,Dan Estrin  
/m/799424b2,Dan Futterman
/m/56379ca1,Dan Glickman
/m/ddc7d210,Dan Hawkins  
/m/a6858af9,Dan Hedaya
/m/42fe3b83,Dan Jacobs  
/m/feb340a9,Dan Lilker
/m/02308210,Dan Maines 
/m/c4d79f74,Dan Miller  
/m/15033739,Dan Quayle  
/m/769635f2,Dan Rather
/m/1f466da0,Dan Reeves 
/m/aa84ce8a,Dan Roberts 
/m/64e4743c,Dan Schmid 
/m/33a9152c,Dan Slobin
/m/a7d83499,Dan Spitz of Anthrax
/m/7df90337,Dan Stamper
/m/46bab9bd,Dan Swanö 
/m/e781498d,Dan Tyminski  
/m/8e3c3468,Dana International
/m/91f87242,Dana Rosenblatt
/m/aa817e68,Dana Strum 
/m/cb42a0cf,Danger Mouse
/m/288e9d49,Dani Evans 
/m/cf852b03,Dani Levy
/m/aa5de8d4,Danica Patrick
/m/cfd1c0ec,"Daniel ""Chappie"" James"
/m/f3728f72,Daniel Al-Kumisi
/m/7ce05a9a,Daniel Antonsson 
/m/35fce48a,Daniel Ash  
/m/effdb2e8,Daniel Barenboim
/m/c9f5c81b,Daniel Bell
/m/3287682a,Daniel Boorstin
/m/5abeb73f,Daniel Clowes
/m/17ddfa72,Daniel Cohn-Bendit
/m/ddb5e6ba,Daniel Craig
/m/43cd3f2e,Daniel Day Lewis
/m/e8c5293c,Daniel De Leon
/m/356f3e51,Daniel Ellsberg
/m/cd3d708a,Daniel Gildenlöw  
/m/482b3242,Daniel Hale Williams
/m/256ce47a,Daniel Handler
/m/551cb3b1,Daniel Harrwitz
/m/d2ebf512,Daniel Irigoyen
/m/c4c96869,Daniel Johns  
/m/8090c8e6,Daniel Jones  
/m/894cd63c,Daniel Kahneman
/m/216a00a5,Daniel Kessler  
/m/706dc0f6,Daniel Kleppner
/m/8def67f6,Daniel Levitin
/m/be04f277,Daniel Libeskind
/m/2bd828eb,Daniel M. Lewin
/m/0f5caf1b,Daniel Miller
/m/afff0c1b,Daniel Nathans
/m/76f17c86,Daniel Pearl
/m/def3d395,Daniel Pipes
/m/e13b42af,Daniel Plainview 
/m/baf8a352,Daniel Powter
/m/9518e135,Daniel Radcliffe
/m/e358188e,Daniel Rona Israeli
/m/33c57de5,Daniel S. Goldin
/m/3fad939e,Daniel Schorr
/m/4b348981,Daniel Sleator
/m/998935b5,Daniel Stern
/m/f460703b,Daniel Suher
/m/c39d075e,Daniel Wildenstein
/m/b30575d8,Daniel Yanofsky
/m/bf5601e5,Daniella Barcelona
/m/649221cf,Danielle Steel
/m/b0ffb44d,Dankmar Adler
/m/d7b82019,Dann Gallucci  
/m/41f62b6c,Dann Huff 
/m/8a8b7e9f,Danny Abse
/m/861e8184,Danny Basham
/m/35031cbc,Danny Bourgeois 
/m/23d2825b,Danny Britt
/m/a62e3c58,Danny Carey
/m/2d1fc7bc,Danny Elfman
/m/b2694499,Danny Elfman  
/m/fa38c192,Danny Gatton 
/m/76b6a774,Danny Glover
/m/25802213,Danny Goldberg
/m/82fcce08,Danny Jones  
/m/a72a5aa2,Danny Kaye
/m/48695a06,Danny Klein 
/m/3646c099,Danny Lohner 
/m/0bb380d6,Danny McCormack 
/m/48d25b15,Danny Miranda 
/m/f216f715,Danny Schayes
/m/0f745e6d,Danny Seiwel l
/m/b2f98ea7,Danny Shuler 
/m/781e493c,Danny Thompson 
/m/80f9bc04,Danny Weinkauf 
/m/d99ddadf,Dante Alighieri
/m/a3c27849,Dante DeCaro  
/m/089ccee6,Daphne Greengrass
/m/f8d10e2f,Dara Torres
/m/c9c76b91,Darcy Macrae
/m/f5235d8f,D'Arcy Wretzky 
/m/7b5f57a3,Daredevil
/m/fe338274,Daria
/m/0af85039,Darin Howard Pontell
/m/4e4ccb9c,Dario Argento
/m/6b9360cd,Darius Milhaud
/m/279eca36,Darius Rucker  
/m/9645c1d7,Dark Schneider
/m/371728cc,Darlene Love
/m/bb9207f2,Daron Malakian  
/m/66b8441b,Darrell Abbott.
/m/bc942d2c,Darrell Millar
/m/dce306f3,Darren Aronofsky
/m/102e7cf0,Darren Daulton 
/m/48c84149,Darren Hayes
/m/b45d1709,Darren Robinson  
/m/6ed309ae,Darren Star
/m/909a8dba,Darryl Hunt 
/m/aaa24981,Darryl Jenifer 
/m/54a25557,Darryl Jones 
/m/d5461596,Darryl Strawberry
/m/11517adc,Darth Bane
/m/7c0e3c68,Darth Krayt
/m/0a765ec3,Darth Malak
/m/6723d50c,Darth Maul
/m/c845d5b5,Darth Nihilus
/m/e3a40e6d,Darth Revan
/m/f9a10049,Darth Sidious
/m/fa459627,Darth Sion
/m/a84f3ead,Darth Traya
/m/580275e7,Darth Vader
/m/acefa9e9,Daryl Hayott
/m/9e1fa261,Daryl Sabara
/m/8964dc45,Daryl Stuermer  
/m/52c749ba,Daryn Kagan
/m/ebe31ec9,Dash Rendar
/m/4d8adaef,"Dave ""Herr Pubis"" Pybus "
/m/20386bef,"Dave ""Yorkie"" Palmer "
/m/5c661048,Dave Abruzzese
/m/f6affe73,Dave Alexander
/m/77408372,Dave Alvin
/m/77adcf4e,Dave Attell
/m/44ab060d,Dave Baksh  
/m/4d49a62e,Dave Berg
/m/a6392982,Dave Bronze 
/m/2253a737,Dave Clo 
/m/58f7a84c,Dave Colter
/m/f782bf12,Dave Davies  
/m/72d5db1e,Dave Dreiwitz 
/m/3ba80ae2,Dave Edmunds 
/m/f5c5bcf0,Dave Finlay
/m/8aaed32b,Dave Frishberg
/m/139be594,Dave Garibaldi
/m/7c7b595e,Dave Genn  
/m/d2e162d1,Dave Gonzalez  
/m/ae54597c,Dave Grohl  
/m/9f5f4791,Dave Hope 
/m/a39c9c92,Dave Keuning  
/m/4c55eb80,Dave King  
/m/3508a2ae,Dave Kushner  
/m/214a3b00,Dave LaRue 
/m/07667bf4,Dave Letterman
/m/f0a20f79,Dave Lombardo
/m/2f0a7d82,Dave Mason 
/m/c05c6506,Dave Mattacks
/m/890b1f5a,Dave McPherson  
/m/afa78f8e,Dave Meros 
/m/b5afb12d,Dave Miller  
/m/e808017c,Dave Mohn
/m/2fe21ad3,Dave Murray  
/m/67168837,Dave Mustaine  
/m/e5ca7f9b,Dave Navarro  
/m/acc3ffe9,Dave Nazworthy
/m/404e7ac5,Dave Osborne
/m/92f1fb76,Dave Parsons 
/m/88f03668,Dave Pegg 
/m/a8a982d5,Dave Roever
/m/493762db,Dave Schools 
/m/743a335f,Dave Sharp  
/m/b292db0b,Dave Thomas  
/m/087bd593,Dave Wakeling  
/m/89a35173,Dave Weckl
/m/df9b2422,Dave Winer
/m/37ff3365,Davey Allison 
/m/a9d76adb,Davey Graham 
/m/2091d0af,Davey Johnstone  & Elton John) 
/m/3ef4bb02,David  Yonggi Cho
/m/cec64de6,"David ""Mickey"" Marcus"
/m/13d3ec80,David A. Wolf
/m/d1dfcf12,David Abramovich Dragunsky
/m/9a8ddca9,David Amram
/m/6b10f624,David Arquette
/m/818fd6dc,David Avidan
/m/9ba9f617,David Axelrod
/m/42d33e09,David Baddiel
/m/e8ff746b,David Ball  
/m/5aa972fe,David Baltimore
/m/fe0b5306,David Beckham
/m/4a038c1f,David Belasco
/m/6059882e,David Ben-Gurion
/m/e96bb364,David Berkovitz
/m/cc8f76dd,David Berman of The Sil
/m/06aba178,David Blaine
/m/b30d355e,David Blunkett
/m/54ae85ef,David Bluthenthal
/m/89753558,David Bohm
/m/d2d888df,David Boreanaz
/m/d1059f2a,David Bowie
/m/9fb018d9,David Brenner
/m/4072d6a1,David Brent 
/m/b1f7dc91,David Brin
/m/66b2ec12,David Bromberg 
/m/9bdaff6d,David Bronstein
/m/774ac560,David Brooks
/m/e30fde6d,David Brudnoy
/m/fa0ed9ab,David Bryan 
/m/d296c7db,David Byrne  
/m/67a169cc,David Calarco
/m/097976b4,David Camden DeLeon
/m/f122769f,David Charvet
/m/c8ea5911,David Cook 
/m/22cd2fde,David Copperfield
/m/7aba3637,David Crosby  
/m/f69b07cd,David Cross
/m/f91e4040,David Crosthwait Jr.
/m/b9d8e7c5,David Daniels
/m/9fbe6f83,David Desrosiers 
/m/b674ba9f,David Diamond
/m/d49a5946,David DiCenso
/m/aed62de3,David Dubinsky
/m/b3cdef57,David Duchovny
/m/70915e44,David Einhorn
/m/abc69a0e,David Ellefson 
/m/bc106386,David Erik Nelson
/m/ce1d9a98,David Filo
/m/a848d1ba,David Finkelstein
/m/986be1c0,David Freiberg
/m/7d5504b3,David Frum
/m/1f4593e7,David Geffen
/m/4ee44f64,David Gelernter
/m/939da91e,David Gilmour
/m/16ad48ae,David Goodis
/m/0f4aaf74,David Greenfield 
/m/c89d6ee5,David Greenglass
/m/a3fbb885,David Grier 
/m/a9d17a21,David Grisman
/m/d9869029,David Gross
/m/bb28f8c4,David Guetta
/m/7a0c79e9,David H Koch
/m/3be217df,David Halberstam
/m/8ff0a4f6,David Hart
/m/4d42e90d,David Hayes
/m/add52847,David Horowitz
/m/6b6229f1,David J 
/m/714d23e9,David J. Stern
/m/f5819efc,David Janowski
/m/175fa508,David Janssen
/m/72556888,David Johansen
/m/729bfa5e,David Jones
/m/e4378a44,David Kennedy  
/m/e93867f3,David Knights 
/m/7ee49133,David Knopfler 
/m/be366aa4,David Krumholtz
/m/5cfa0902,David Ladd
/m/cd165f6c,David Lean
/m/97273529,David Lee
/m/fb2c22fa,David Lee Roth 
/m/ebdf7523,David Levy
/m/6d3104a2,David Levy Yulee
/m/641bb042,David Lindley 
/m/2203f9c8,David Livingstone
/m/1da2bb36,David Lynch
/m/f32fba61,David M. Kreps
/m/93f95a7c,David M. Rubenstein
/m/f89f123b,David Mamet
/m/9ebd129c,David Marcus
/m/7cc16f13,David Marks
/m/f412bf31,David May
/m/f3e43efc,David Merrick
/m/bd366303,David Morris Lee
/m/9518446c,David Navon
/m/1d778cc1,David Nunez Cardozo
/m/6998a8cf,David O. Russell
/m/9422d137,David Olere
/m/7cfa7bab,David Parnas
/m/8be3bf7e,David Paton 
/m/41e1bb3d,David Patterrson
/m/ffb6e324,David Paymer
/m/ca4d51a9,David Penna 
/m/3681bd64,David Petraeus
/m/b0e3ed8a,David Raksin
/m/e4fc46f1,David Ricardo
/m/44d59251,David Riesman
/m/4c92e5bd,David Rivel
/m/69eff68f,David Robinson
/m/8d4ddfe2,David Romero
/m/542a7995,David Rose
/m/3a0232e9,David Rosen
/m/73ed8667,David Rosenhan
/m/44baf593,David Rosenthal 
/m/52a6e40f,David Ruprecht
/m/fc13cba3,David Sancious 
/m/c863e71f,David Sarnoff
/m/1978b874,David Schneider
/m/3b67afcd,David Schwimmer
/m/3b55ddae,David Segal
/m/0c71fe79,David Seymour
/m/f4f74f1b,David Simmons
/m/107db613,David Sklansky
/m/a8f6a8f8,David Smith
/m/9af446c3,David Steele 
/m/3b18e620,David Steinberg
/m/99463b25,David Suchet
/m/bc85d5af,David T. Walker 
/m/8f2cfe8d,David Vincent 
/m/28d91815,David Wain
/m/fd9a2212,David Warner
/m/dfa81cd2,David Was
/m/c309986f,David Wechsler
/m/82a06579,David Weiss
/m/cb2361fb,David Wilkerson
/m/d1e48118,David Williams  
/m/c230efa8,David Wolf
/m/a3dc8dd7,David Z 
/m/7ae0182b,David Zucker
/m/c9f82279,Davide Ragazzoni
/m/240654d6,Davide Ropele
/m/2cd4258d,Davy Jones 
/m/406e6c50,Dawn Marie Psaltis
/m/b65638eb,Dawson McAlister
/m/0f323920,Dawson Trotman
/m/1f446231,Dean Bernardini 
/m/39f4d6aa,Dean Corll
/m/f97b7178,Dean DeLeo  
/m/ec6f5b7c,Dean Jagger 
/m/27adaf49,Dean Jones
/m/bfc3e313,Dean Kamen
/m/f53cd2d3,Dean Koontz
/m/5e4c81ac,Dean Malenko
/m/fd604aa2,Dean Pleasants  
/m/5c4a8544,Dean Simon
/m/4e872b26,Dean Thomas
/m/d45a30c4,Deana Carter
/m/c36e59f7,Debbie Wasserman Schultz
/m/b40a6e45,Deborah Lipstadt
/m/ba486b0a,Deborah Ploansky
/m/5d6554c4,Deborah Tannen
/m/771ed348,Deborah Voigt
/m/bc9f599f,Debra Marshall 
/m/b82a2f2b,Debra Messing
/m/5e3b74cc,Debra Winger
/m/62aa4105,Dedulus Diggle
/m/ff88d7d3,Dee Dee Ramone 
/m/c44dbc4b,Dee Murray 
/m/5b4acf67,Dee Potter
/m/ba8fbf74,Dee Snider 
/m/6455d3cc,Deen Castronovo
/m/67822ad3,Deena Drossin
/m/c5f474e8,Deena Kastor
/m/ea372d07,Deion Sanders
/m/12e896ec,Del Shannon 
/m/c10d8589,Della Reese 
/m/75a6bd9d,Delmore Schwartz
/m/e965e4f2,Demi Moore
/m/f2440405,Demias Shekarian
/m/35a5ea19,Demis Roussos 
/m/4ccfdc2f,Demond Wilson  
/m/5ff10d29,Denethor
/m/6b992bfd,Dengar
/m/dd08076e,Denis D'Amour  
/m/e4460290,Denise Bloch
/m/686157c9,Denise Levertov
/m/9ebe9747,Denise Matthews 
/m/92efc552,Denise Richards
/m/2d1ab4e5,Denise Scott Brown
/m/ba280586,Dennis Bergkamp 
/m/b84de273,Dennis Byrd  
/m/73ce628a,Dennis Chambers
/m/f469b412,Dennis Creevey
/m/71a16542,Dennis Davis
/m/e1f58965,Dennis De Young 
/m/d03b4985,Dennis Dunaway 
/m/31165952,Dennis Franz
/m/e353d3d4,Dennis Gabor
/m/6d998a17,Dennis Hastert
/m/7820634b,Dennis Mackrel
/m/5f62ed90,Dennis Moran
/m/9866d026,Dennis Prager
/m/a3f6d95d,Dennis Quaid
/m/a024a14a,Dennis Rader 
/m/f3262f8a,Dennis Ritchie 
/m/c06fe048,Dennis the Menace
/m/964e8a84,Dennis Ward 
/m/7b055639,Denny Laine 
/m/d1cefea0,Denzel Washington
/m/d8685450,Deon Rexroat 
/m/009b9295,Derek
/m/d3d18da4,"Derek ""Chap Stique"" Mount"
/m/2e287ccd,Derek Gibbs 
/m/183d21fd,Derek Jeter
/m/b0448509,Derek Murphy 
/m/79e3eeb2,Derek Sherinian 
/m/a91650a0,Derek Smalls 
/m/fc249caa,Derek Trucks  
/m/77d3769e,Derf Scratch 
/m/cb9515e5,Deron Miller  
/m/b32f5fc8,Derrick
/m/1098f973,Derrick Hodge
/m/e18294a7,Deryck Whibley  
/m/f6594247,Desann
/m/759ff2b3,Desmond Tutu
/m/6cd5a04f,Destiny's Child
/m/fde96787,Det. Alonzo Harris 
/m/a827f9fd,Devendra Banhart 
/m/642f46be,Devin Bronson  
/m/6f382d6a,Devin Hoff 
/m/b927e236,Dewey
/m/4a854686,Dexter Holland  
/m/f1b6a933,Dexter Morgan 
/m/600bf50f,Dhani Harrison 
/m/4cdef1bc,Dhirubhai Ambani
/m/670d65b3,Dian Fossey
/m/59beae07,Diana Damrau
/m/9b74fe30,Diana Deutsch
/m/9fef94ee,Diana Krall
/m/ad95ae95,Diana Ross
/m/cabc52bc,"Diana, Princess of Wales"
/m/3425c9a2,Diane Arbus
/m/5bf5ba49,Diane Keaton
/m/764d7ba5,Diane Ravitch
/m/d9ddb08a,Diane von Furstenberg
/m/25b3934f,Diane Warren
/m/f8187791,Dianne Feinstein
/m/a6e25ff7,Dick Cheney
/m/39444cba,Dick Cully
/m/8c15a1bd,Dick Dale 
/m/3251ae97,Dick Durbin
/m/ae7a07fe,Dick Grayson
/m/b2e18fe1,Dick Hyman
/m/da6098d9,Dick Morris
/m/45c80e50,Dick Savitt
/m/857aa7cf,Dick Shawn
/m/704402c9,Dick Sims 
/m/06917ba6,Dick Tracy
/m/e6e97296,Dick Van Dyke 
/m/476e601c,Dick Vitale
/m/d679ac79,Dickey Betts  
/m/7f6be1dc,Dida 
/m/b311885b,Diddy 
/m/c08e7686,Dido
/m/5ee105e0,Didz Hammond
/m/82ba0744,Diego Armando Maradona
/m/4266ad43,Diego Romagnoli
/m/b2dfe816,Dikembe Mutombor 
/m/3b1b7ee4,Dilbert
/m/5398ed9d,Dilbert 
/m/cfe75c75,Dimebag Darrell
/m/2f25c769,Dimitri Tiomkin
/m/ea9ebcd1,Dinah Shore
/m/81eee4c4,Dino 
/m/d5abb273,Dio Brando
/m/e3f385d4,Dion Parsons
/m/a40a9e78,Dirk Lance 
/m/f498ab38,Dirk Schlächter 
/m/6a35fd37,Discu Stu
/m/e7185502,Dixie Chicks
/m/e17a5107,Dizzy Gillespie
/m/67e37ed6,DJ Webstar
/m/2439daca,Django Reinhardt 
/m/8f7ce80e,Dmitri Hvorostovsky
/m/a83c5184,Dmitri Klebanov
/m/7035f434,Dmitri Shostakovich  
/m/f31202d1,Dmitry Sklyarov
/m/c2b3879e,DMX
/m/735ada68,Dobby
/m/ef8e3f64,Doc Pomus
/m/638782e1,Doc Watson
/m/96ac6a77,Doctor Doom
/m/15bd3788,Doctor Evazan
/m/1d54ed8a,Doctor Strange
/m/7a47c2fb,Dolan Ellis 
/m/ac45ce47,Dolly Parton  
/m/79c28f3b,Dolora Zajick
/m/5a7bb033,Dolores O'Riordan
/m/198a6dfb,Dolores Umbrige
/m/7cd81bba,Dolph Lundgren
/m/a84e7262,Dolph Schayes
/m/d40f459b,Domenico Scarlatti
/m/9278f85d,Dominic Aitchison 
/m/58bf9366,Dominic Cifarelli 
/m/1c34021c,Dominic Scott  
/m/1b2c624e,Dominika Peczynski 
/m/612c3375,Don Adams
/m/e310db72,Don Airey 
/m/1609c1a9,Don Bluth 
/m/35094d97,Don Danneman 
/m/20dab8f3,Don Draper 
/m/17c1fbca,Don Felder  
/m/3400faa3,Don Francisco
/m/a39e2ece,Don Henley
/m/c47dd7be,Don Imus  
/m/2f811e87,Don Kirschner
/m/0fbc8f01,Don Knotts
/m/127bbf3b,Don Nickles 
/m/07810561,Don Rickles
/m/3480faa8,Don Ross 
/m/5f9ae12d,Don Schiff 
/m/754ba27c,Don Siegel
/m/79ab5efa,Don Was Was
/m/1859b968,"Donald ""Buck Dharma"" Roeser  "
/m/a24f3853,"Donald ""Duck"" Dunn "
/m/abf406b9,Donald A. Glaser
/m/4f7ad45c,Donald Duck
/m/0617dc11,Donald Fagen of Clem Snide
/m/4b272c7a,Donald Fisher
/m/0c4c5694,Donald Knuth
/m/48fa7cb2,Donald Margulies
/m/8f63700b,Donald Roeser
/m/343c8c96,Donald Rumsfeld
/m/c3ea9c49,Donald Trump
/m/689f50bb,Donita Sparks 
/m/0eb5e103,Donna Dougla 
/m/935ac66f,Donna Dubinsky
/m/247fc5b9,Donna Karan
/m/4ffb0102,Donna Troy
/m/a33feb7c,Donnie Dacus 
/m/ad13fc2f,Donnie Iris 
/m/336392f6,Donny Dee
/m/cfc6af51,Donny Most
/m/9dd22ac1,Donny Osmond 
/m/a637ce3b,Donovan Leitch
/m/ae6a242d,Donovan 
/m/1a67cf43,Dora the Explorer
/m/0d7e5546,Doris Bloom
/m/8736a22a,Doris Day
/m/d024f518,Doris Roberts
/m/51c70613,Doris Ulmann
/m/dbda700e,Doron Zeilberger
/m/0c3cdf90,Dorothea Puente 
/m/367bd8a8,Dorothea Roschmann
/m/63758508,Dorothy Dandridge
/m/a13747d2,Dorothy Fields
/m/6b099d52,Dorothy L. Sayers
/m/1f96e716,Dorothy Moskowitz
/m/d7395b50,Dorothy Parker
/m/dfa2a5e4,Dorothy Stowe
/m/921db4d7,Doug Ardito 
/m/fba773ff,Doug Ferguson 
/m/3e8e0863,Doug Heir
/m/5cebe285,Doug Pinnick 
/m/ae0e77be,Doug Tann
/m/867ea857,Doug Ward
/m/b21164d0,Doug Wimbish 
/m/7cc178f6,Doug Yule 
/m/e17c8cea,Dougie Poynter 
/m/2409fee7,Dougie Thomson 
/m/d2124287,Douglas D. Osheroff
/m/25940cac,Douglas Fairbanks
/m/887a9995,Douglas Feith
/m/8163f71c,Douglas Hart 
/m/15ce773d,Douglas Hofstadter
/m/b9c56767,Douglas Lenat
/m/dedef11a,Douglas Sirk
/m/b13e0b61,Douglas Wheelock
/m/c8e199e7,Dov Zakheim
/m/c60ef804,Dovber of Mezeritch
/m/472a2f16,Dr Hibbert
/m/52efd7df,Dr Nico Kasanda 
/m/d5fd1f47,Dr. Dre
/m/387fd812,Dr. Emmett Brown
/m/d4fa8319,Dr. Gregory House 
/m/70265ba3,Dr. John
/m/8841f492,Dr. Kenzou Tenma  
/m/047ba39f,Dr. Know  
/m/658e8b68,Dr. Matt Destruction 
/m/fd709df0,Dr. Rumack
/m/18574280,Dr. Seuss
/m/19aeebf5,Dr.Harold Shipman
/m/c16860a9,Draco 2
/m/c1f258b8,Draco Malfoy
/m/ec5320d9,Drake Bell
/m/5a4b5fe2,Dregen  
/m/aab128f1,Drew Abbott 
/m/7fb134b0,Drew Barrymore
/m/ea9e0558,Drew Carey
/m/d4ac4c4c,Drew McConnell 
/m/28e638a8,Drew Parsons 
/m/f07f813e,Drew Shirley  
/m/9a31e8f2,"Drew, B. Alvin"
/m/683d33de,Droopy Dog
/m/faa29fee,Duane Allman
/m/507a1678,"Duane Denison , ,  "
/m/bac55aca,Duane Eddy 
/m/c8f593fc,Duddly Dersly
/m/2c1b9ca3,Dudley Dooright
/m/bf8253e1,Duff McKagan  
/m/6e8a090c,Dugan McNeill 
/m/6bd87651,Duke Duffau  
/m/738f8554,Duke Ellington
/m/8e6aa514,Dumbo
/m/1463c764,Dunash ben Labrat
/m/840c7c48,Duncan Coutts 
/m/bf1eae90,Duncan James
/m/467153e0,Dungeons and Dragons
/m/e47d130f,Durge
/m/9a6f4459,Dustin Diamond
/m/fe2aa3fd,Dustin Hoffman
/m/4977cacb,Dusty Hill 
/m/d2b7d0a7,Dutch Schultz
/m/b1c62922,"Dutton, James P., Jr."
/m/04eeb2d3,Dweezil Zappa 
/m/22dbd9f6,Dwight Eisenhower
/m/53fcfc0c,Dwight Howard
/m/586d55da,Dwight Moody
/m/f02ea3d8,Dwight Yoakam
/m/8836a1df,Dyan Cannon
/m/8ab67792,Dylan Dog
/m/167f298d,Dylan Flannigan
/m/8fb90dd9,Dylan Keefe 
/m/19fcef3a,Dylan Klebold
/m/364b6f41,Dywane Wade 
/m/035aebd6,E. L. Doctorow
/m/787595f1,E.T.
/m/714bc161,Ean Evans 
/m/1fa499d5,Earl Klugh 
/m/c6f117d0,Earnie Shavers
/m/74cbae4b,Eason Chan 
/m/d3e9180a,East Bay Ray  
/m/59a0c951,Ed  
/m/5ba657a3,Ed Ames
/m/c3549c8a,Ed Asner
/m/96381543,Ed King
/m/fd100df2,Ed Koch
/m/0f11ae60,Ed Newman
/m/f5435287,Ed O'Brien  
/m/c7f099b5,Ed Rendell
/m/236193e4,Ed Rosenthal
/m/dea39be8,Ed Snider
/m/5da8131c,Ed Wynn
/m/0f2e15f4,ED-209
/m/ceb6bf79,Eddie 
/m/80782ad5,Eddie Bayers
/m/253ad1fa,Eddie Breckenridge 
/m/6f74a596,Eddie Cantor
/m/3074f9de,Eddie Carmel
/m/d7453655,Eddie Carmichael
/m/51f7cbb8,Eddie Clarke
/m/20438ccb,Eddie Cochran 
/m/9eaa4d80,Eddie Daniels
/m/df6e0e42,Eddie Fatu
/m/30347bba,Eddie Fisher
/m/4c9674c1,Eddie Gein:
/m/44b8baa8,Eddie Gottlieb
/m/bbe3c33b,Eddie Jackson 
/m/4475305a,Eddie Kaye Thomas
/m/5be53504,Eddie Murphy
/m/be3f5260,Eddie Ojeda  
/m/f9030dbe,Eddie Rabbitt 
/m/732492cf,Eddie Van Halen 
/m/4fd8c857,Eddie Vedder  
/m/b00b3eaf,Edgar Allen Poe
/m/cd2632b7,Edgar Bones
/m/e8328017,Edgar Bronfman Sr.
/m/731ca64e,Edgar Degas
/m/7741ef59,Edgar Froese  
/m/dc640607,Edgar G. Ulmer
/m/c4a4b911,Edgar Winter
/m/712c0ac7,Edgardo Mortara
/m/0cacde31,Edita Gruberova
/m/7f56b801,Edith Head
/m/4846cb6c,Edith Stein
/m/303d2fd0,Edmond H. Fischer
/m/88e2bb67,Edmond Safra
/m/1d402e34,Edmund Husserl
/m/e24176b5,Edmund Kemper
/m/83a98dca,Edna Ferber
/m/7fbe50a3,"Edouard Manet, , French Painter"
/m/eed1c209,Edsger Dijkstra
/m/52dbf62b,Eduard Bernstein
/m/f0a95e4d,"Edvard Munch , Norwegian Painter"
/m/21897eee,Edwar G. Robinson
/m/4fd405d4,Edward Bernays
/m/80b2c78e,Edward Cullen 
/m/afd00b8f,Edward E. Kramer
/m/8bb09a85,Edward Elgar 
/m/f2922a12,Edward Elric 
/m/c0e07a39,Edward Feigenbaum
/m/f543a351,Edward Fredkin
/m/5750cb21,Edward G. Robinson
/m/d7e057fc,Edward Gein
/m/e61641f4,Edward Kasner
/m/6d89582d,Edward Lasker
/m/603e425d,Edward Levi
/m/1fe1022f,Edward Norton
/m/1404705e,Edward Rendell
/m/f3aa62c9,Edward Rosewater
/m/a35b4b78,Edward S. Salomon
/m/5a856e21,Edward Sapir
/m/2d96d53c,Edward Scissorhands 
/m/20683f66,Edward Teller
/m/242094a6,Edward Witten
/m/6a007bf8,Edward Zorinsky
/m/66e7daeb,Edward Zwick
/m/fdc86161,Edwin H. Land
/m/294c01e4,Edwin Lowe
/m/73275a57,Edwin Moses
/m/263541cd,Edwin Salpeter
/m/162dae12,Edythe Broad
/m/9f2efd7e,Eerie Von 
/m/3b317d80,Eeyore
/m/a41089d8,Eeyore 
/m/19ff19e3,Effie White 
/m/a0cbbc04,Efim Geller
/m/fe099f75,Efraim Elrom
/m/03fa4c2f,Efraim Sevela
/m/f18dcdd8,Efrem Zimbalist Jr.
/m/ae5a133e,Egon Brunswik
/m/9c30ca0e,Egor Karkeroff
/m/5cec8071,Ehud Barak
/m/850169ed,Eisenhower
/m/3608cbe6,El Lissitzky
/m/9105956f,Elaine May
/m/6b2deb31,Elan Atias of the Wailers
/m/6b928bee,Elayne Boosler
/m/9e3cf6f4,Eleanor Branstone
/m/8cf844e1,Eleazar Kalir
/m/f995aacc,Elena Lappin
/m/1dcd92e0,Elfriede Jelinek
/m/b79d73da,Eli Broad
/m/a07170e7,Eli Cohen
/m/1a9a01bc,Eli E Hertz
/m/c38aaaa3,Eli Manning 
/m/85c99b41,Eli Pariser
/m/af20559a,Eli Wallach
/m/7071e6b6,Eliane Elias
/m/d101fc2e,Elias Canetti
/m/9b6a8990,Elias Levy
/m/91ffc769,Elias Stein
/m/9da924de,Elie Mechnikov
/m/9bf1055c,Elie Metchnikoff
/m/d6e36c05,Elie Wiesel
/m/90315a6e,Eliezer
/m/4336aa11,Eliezer ben Nathan
/m/6350e96a,Eliezer Ben Yehudah
/m/e8be97c8,Eliezer Ben-Yehuda
/m/01c3012a,Elijah
/m/229d3d5e,Elijah ben Solomon
/m/4e105a9e,Elijah Moshinsky
/m/9f844ead,Elijah Muhammad
/m/2ced8729,Elijah Vilna
/m/1c6d06d2,Elijah Woods
/m/41fdd22d,Elimelech of Lezhinsk
/m/c496c9c8,Elina Garanca
/m/6ebcb258,Eliot Engel
/m/470a75ee,Eliot Feld
/m/932b084f,Eliot Fisk 
/m/19a13474,Eliot Spitzer
/m/e1ddc108,Elisa Pilotti
/m/4cd2c0b8,Elisabeth Elliot
/m/17ea28ba,Elisabeth Shue
/m/3d8975a7,Elisha
/m/ffdf76ed,Eliyahu Eliezer Dessler
/m/460b7d1c,Eliza Schneider
/m/7ef726d2,Elizabeth Berkley
/m/3c3c9bb0,Elizabeth Blackwell
/m/19b4dcba,Elizabeth Dole
/m/06c95a16,Elizabeth Glaser
/m/3a17090b,Elizabeth Loftus
/m/e61768b5,Elizabeth Taylor
/m/139fb55d,Elizebeth Friedman
/m/1cfdfaaf,Elkanah
/m/fff7a291,Ella Baker
/m/4b22e0d3,Ella Fitzgerald
/m/37cfc601,Ellen Barkin
/m/156daca0,Ellen DeGeneres
/m/6b3d1eec,Ellen Goodman
/m/05a36d24,Ellen Greene
/m/474a6d0b,Ellen Markman
/m/c192f082,Ellen Muth
/m/2414fbc2,Ellie Greenwich
/m/a62171f6,Elliot
/m/a172ff9e,Elliot Easton
/m/ce0776f2,Elliot Goldenthal
/m/7f00dcbe,Elliot Gould
/m/c34d814f,Elliot Maddox
/m/437a66fd,Elliot N. Dorff
/m/8cfe0a92,Elliot Sharp
/m/c6279a4a,Elliot Spitzer
/m/3525c31c,Elliott Abrams
/m/fd83b222,Elliott Erwitt
/m/234bb965,Elliott Gould
/m/355a7e38,Elmer Bernstein
/m/3c1a6729,Elmer Fudd
/m/e9b13806,Elmer Fudd 
/m/df33a2a3,Elmer Rice
/m/ec3fe907,Elmo from Sesame Street 
/m/d1b3de85,Elmore James 
/m/7caaa341,Eloise Midgeon
/m/1b74ff21,Elphaba
/m/8c5f2f31,Elroy Jetson 
/m/0de86b3e,Elton John
/m/50bbe291,Elvin Jones
/m/33266da1,Elvis Costello
/m/79a6f97c,Elvis Crespo
/m/5eb33edd,Elvis Presley 
/m/9756fb50,Elwood Blues
/m/4b44b9fd,Emanuel Ax
/m/e957d364,Emanuel Lasker
/m/86a2f79f,Emanuel Schiffers
/m/393fc40a,Emanuela Borzi
/m/ca097d27,Emeric Pressburger
/m/c7dc75d8,Emil Hirsch
/m/bd9c1254,Emil Kleber
/m/739daf11,Emil Post
/m/17acaa8c,Emil Sutovsky
/m/7674e8ef,Emile Berliner
/m/e5a7b53a,Emile Durkheim
/m/43a77176,Emilio Estevez
/m/2202c4aa,Emilio G. Segre
/m/6c82a2cd,Emily Browning
/m/3d7a4770,Emily Dickinson
/m/effbbbdf,Eminem
/m/a54030d2,Emma Destinnova
/m/acfc0826,Emma Dobbs
/m/4cc0c7a2,Emma Frost
/m/3bd17110,Emma Goldman
/m/39ccb9fc,Emma Lazarus
/m/e4102e17,Emma Roberts
/m/c0efd98e,Emma Watson
/m/ac142de1,Emmaline Vance
/m/ed48e4a7,Emmanuel Cellar
/m/b1159be2,Emmanuel Levinas
/m/5dda89c1,Emmett Till
/m/27d4e87d,Emmitt Smith 
/m/24ba105d,Emmy Noether
/m/bdea354f,Emmy Rossum
/m/d06b6e43,Emperor Magus Caligula 
/m/0a95e905,Emperor Norton
/m/d9399626,Emperor Palpatine
/m/9bf3c451,Emppu Vuorinen  
/m/60a2231d,En Vogue
/m/767cc58e,Enid Blyton
/m/a6c915ef,Enrico Fermi
/m/553fe0c6,Enzo Liberto
/m/fabe4827,Enzo Zirilli
/m/81717e50,Eomer
/m/ec416cc9,Eon Sinclair 
/m/9495aece,Eowyn
/m/90a607bf,Ephraim
/m/6da9cd4f,"Eric ""Baron"" Behrenfeld"
/m/3a2cb13a,Eric Althaus
/m/b9cc6d3e,Eric Avery
/m/add3c11a,Eric Bana
/m/d9f440bc,Eric Bazilian
/m/ef3526a4,Eric Bell  
/m/3bee29c7,Eric Bloom
/m/d8512c61,Eric Boudreault
/m/76b00796,Eric Brittingham 
/m/52a5e617,Eric Burdon
/m/b7258f95,Eric Cantor
/m/e6ba04e6,Eric Carmen
/m/08b758c9,Eric Cartman
/m/8bdfd8c3,Eric Clapton
/m/ba718c94,Eric Drew Feldman 
/m/129878ca,Eric E Schmidt
/m/b3cee077,Eric Erlandson  
/m/91ea6fc8,Eric Faulkner  
/m/50bf06b9,Eric Foner
/m/b2794048,Eric Fromm
/m/279acd61,Eric Gale 
/m/30e24cb4,Eric Ghint of NOFX
/m/bb9540e8,Eric Griffin 
/m/4850fcc5,Eric H Lenneberg
/m/5a88a171,Eric Haydock
/m/7a361738,Eric Holder
/m/c35fa885,Eric Hosking
/m/fb35fd78,Eric Johnson
/m/00b1faf2,Eric Judy 
/m/aa953159,Eric Lander
/m/13aa9404,Eric Liddell
/m/0c54f1b3,Eric Melvin  
/m/64d37b85,Eric R. Kandel
/m/5201f653,Eric Rohmer
/m/4691d548,Eric Schenkman
/m/0355ef39,Eric Segal
/m/24725093,Eric Singer
/m/64322cba,Eric Steven Raymond
/m/617527d6,Eric Wilson 
/m/ac833fd9,Eric Wolf
/m/2f18b000,Erica Jong
/m/e59c4e84,Erich Fried
/m/a6e45b3a,Erich Fromm
/m/3aba6bcd,Erich Muhsam
/m/b799fba1,Erich Segal
/m/05a760be,Erich Von Stroheim
/m/b6519601,Erich Wolfgang Korngold
/m/0502505d,Erik Eriksson
/m/a45bf143,Erik Gustafsson 
/m/40eb4868,Erik Hargrove
/m/cf54ea75,Erik Mortensen 
/m/d4cec3da,Erik Per Sullivan
/m/d29d4670,Erik Rutan  
/m/2135a1bc,Erik Satie  
/m/cf9993be,Erik Smith
/m/67cd529f,Erkan Ogur 
/m/372f38cb,Erland Josephson
/m/7ec929fa,Erle Stanley Gardner
/m/1750e0ca,Ernest Bloch
/m/0e363834,Ernest Everett Just
/m/e64e4e61,Ernest Frank Benjamin
/m/7a05cb22,Ernest Gold
/m/3a35ae22,Ernest Gruening
/m/3c1fd4ce,Ernest Hemingway
/m/9482839b,Ernest Klein
/m/32f8f02f,Ernest Lehman
/m/9ef2fd26,Ernest Nagel
/m/c0c5eb82,Ernestine Rose
/m/615e25f5,Ernie Ford  
/m/84831146,Ernie Grunfeld
/m/249283b2,Ernie Mcmillan
/m/96a7e6e6,Ernie Prang
/m/65460dae,Ernst Bloch
/m/10a285a4,Ernst Chain
/m/de997bca,Ernst Liubitsch
/m/2e6790ad,Ernst Toch
/m/4e117fd5,Errol
/m/e0becd09,"Ervin ""Magic"" Johnson"
/m/df13d1eb,Ervin R. Hafter
/m/450c74c0,Erving Goffman
/m/18ff2604,Erwin Chargaff
/m/e288db90,Erwin Panofsky
/m/abac5789,Erzsébet Báthory
/m/1d3940fa,Esmond Knight
/m/ee5e484c,Esperanza Spalding
/m/0f6e554a,Esref Armagan
/m/db5146df,Esteban De Jesus
/m/80950ee1,Esteban 
/m/4a2d1f22,Estee Lauder
/m/a056ef3f,Estelle Getty
/m/784b41c2,Estelle Parsons
/m/2b1d226f,Esther
/m/bb4031ed,Esther Epstein
/m/ec0152b2,Esther Friedman
/m/cd97bc02,Esther Lederberg
/m/c717c6f1,Ethan Coen
/m/e0aeb6ed,Ethan Hawke
/m/4c97605e,Ethan Winogrand
/m/7ab46228,Ethan Zohn
/m/88bd13e0,Ethel Rosenberg
/m/b4af9cf7,Eugen Rosenstock-Huessy
/m/2ce6764e,Eugene Chadbourne 
/m/5daef170,Eugene Garfield
/m/c8e8c1a2,Eugene Ionesco
/m/c2f9ca3f,Eugene Kleiner
/m/2bcfff84,Eugene Levy
/m/b2266bd3,Eugene Meyer
/m/d318ede9,Eugene Ormandy
/m/a15f7d82,Eugene Robinson 
/m/69e00959,Eugene Volokh
/m/807d6277,Eugene Wigner
/m/acf26d63,Eugenio Calabi
/m/e87bfd80,Eugenio Mori
/m/2010e042,Euronymous  
/m/f0056848,Eva Green
/m/9a515823,Eva Hesse
/m/ac6c6d7a,Eva Longoria
/m/eabb6544,Eva Mendes
/m/b5857edd,Eva Mozes
/m/0a5de5f1,Evan Balaban
/m/5ac5c492,Evan Cranley 
/m/ca65ba61,Evan Lowenstein
/m/44700ad2,Evan Rachel Wood
/m/9c22d60c,Evan Seinfeld of Biohazard
/m/a2f2b082,Evan Taubenfeld  
/m/2f9420b6,Evan Wolfson
/m/0dc414eb,Evander Holyfield
/m/68924f64,Evanescence
/m/5a902c6e,Evans Blue
/m/4e2c2d81,Eve Arnold
/m/07ee567f,Eve Ensler
/m/2a40a18a,Eve Fertig
/m/92db9bb0,Eve Kosofsky Sedgwick
/m/ad23363d,Evelyn Fox Keller
/m/edebae27,Ewa Podles
/m/27a9d159,Ewan McGregor
/m/9d0e0d92,Exar Kun
/m/b6668493,Eydie Gorme
/m/1cf3f757,Ezer Weizman
/m/86ffd6ce,Ezio Pinza
/m/e62efee8,Ezio Zaccagnini
/m/dabb9a52,F. Lee Bailey
/m/f81f9ed6,F. Scott Fitzgerald
/m/76ca8b80,Fabien Barthez 
/m/22ab4b51,Fabio Cannavaro
/m/6fb381b9,Fabio Rotondo
/m/677a10b9,Faith Hill
/m/696eccb0,Fala
/m/96c679dd,Falco 
/m/ba7790b8,Fall Out Boy
/m/eb0c3cab,Family Guy
/m/498ac8ca,Fang
/m/81f5f4dd,Fannie Hurst
/m/f8d9bbf8,Fanny Brice
/m/1e9eba1f,Fanny Crosby
/m/2ba9ee26,Fanny Mendelssohn Hensel
/m/740f8c13,Fantasia
/m/156e2b69,Fantasia Barinno
/m/0b8f4d83,Faramir
/m/2cd3edb7,Faraz Anwar  
/m/03ec32e7,Fareed Haque  
/m/86870510,Farin Urlaub  
/m/26598155,Farrah Fawcett
/m/539704dc,Fat Albert and the Cosby Kids
/m/9d2028b0,Fat Albert 
/m/ba7e2b8a,Fat Fryer
/m/24a3b3af,Fat Joe
/m/126234f0,Fat Lady
/m/fe894010,Fat Mike
/m/c99c55c0,Faye Valentine  
/m/24841658,Federico Fellini
/m/9d5d01a3,Fefe Dobson
/m/9b2d1e06,Fei Mu
/m/52dcb5de,Felicity Huffman
/m/386e5304,Felicity Porter 
/m/a44aa0b9,Felipe Andreoli 
/m/67d660f8,Felix Bloch
/m/b6fa6954,Felix Bressart
/m/bf19e68c,Felix Cavaliere Rascals
/m/55e60748,Felix Frankfurter
/m/b2713834,Felix Mendelssohn
/m/b2713834,Felix Mendelssohn
/m/12b9c7aa,Felix Pappalardi 
/m/47aa8198,Felix the Cat 
/m/f833334c,Felix Tikotin
/m/c66e93f9,Fenrir Greyback
/m/dc0cd923,Ferdie
/m/31504f2b,Ferdinand Cohn
/m/a346b05c,Ferdinand Lassalle
/m/64e0969e,Ferdy Mayne
/m/608763d9,Fergie 
/m/50472403,"Ferguson, Christopher J."
/m/b52ad4a2,Fernando Hernandez Leyva
/m/860085a7,Fernando Medina
/m/e0f8908e,Fernando Sor 
/m/d612ff68,"Feustel, Andrew J."
/m/69e19303,Fiddler Pig
/m/7ff5d422,Fidel Castro
/m/64a1d07c,Fidel Morales
/m/29240e2c,Filippo Bertacche
/m/96b83b2e,Filippo Inzaghi 
/m/aee0a90a,Filippo Mignatti
/m/99805d50,Filius Flitwick
/m/9109fc72,"Fincke, E. Michael"
/m/a4a90be8,Finius Nigelus
/m/e973d520,Fiona Apple
/m/fac5c6b8,Fiona May
/m/bc4a5bf7,Fiorello H. LaGuardia
/m/db5333cc,Firenze
/m/357fff20,Fisher Stevens
/m/8ef7106d,Fito Messina
/m/de0962e3,Flanders
/m/85a40d5f,Flannery O'Connor
/m/bf2c44e6,Flash
/m/d9fe4837,Flash Thompson
/m/6482dea6,Flashlight Brown
/m/1f1f537a,Flattus Maximus  
/m/c25cbea8,Flavius Josephus
/m/cd494a9d,Fleur Delacour
/m/d5e76e1d,Flo Rida  
/m/5e6f47fd,Florean Fortesque
/m/20d11baa,Florence P. Kahn
/m/bbdeec18,Florenz Ziegfeld
/m/899e4740,Floyd Mayweather Jr. 
/m/3d5ddc70,Fluffy
/m/6a2df892,Flyleaf
/m/ddb5f8e1,"Foale, C. Michael"
/m/269fdbdf,Foghorn Leghorn
/m/99368b5f,Foghorn Leghorn 
/m/027c06e3,"Ford, Kevin A."
/m/563853ce,"Foreststorn ""Chico"" Hamilton"
/m/8f948709,Forrest Gump 
/m/c3a3ad76,Forrest J. Ackerman
/m/8f1a44a6,Forrest Kline  
/m/ad252235,Forrest Robinson
/m/f0d8d5f8,"Fossum, Michael E."
/m/54a5dd5d,Fox Mulder
/m/695a6d69,Fran Drescher
/m/3f4cefbc,Fran Lebowitz
/m/02d758f3,Franc O'Shea
/m/c3658375,Frances Slanger
/m/2dac5309,Francesca Catalano
/m/1f76fba2,Francesco Branciamore
/m/98d68887,Francesco Corbetta 
/m/d4237932,Francesco Corvino
/m/807caf1c,Francesco Cusa
/m/5889e143,Francesco Totti
/m/365ef642,Francis  Ford Coppola
/m/03cf885d,"Francis ""Rocco"" Prestia "
/m/4482d665,Francis Buchholz 
/m/5602db76,Francis Ford Coppola
/m/4628c66f,Francis Griffin
/m/fcb2540f,Francis Rossi  
/m/230da49e,Francis Salvador
/m/ab8eecc3,Francis Schaeffer
/m/e75761cb,Francis Scott Key 
/m/632c1294,Francisco Goya
/m/1b4351c2,Francisco Tarrega 
/m/8055d7b1,Franco Modigliani
/m/9512d586,Franco Penatti
/m/fe4520b7,Francois Couperin 
/m/cf427d72,Francois Jacob
/m/89c2f019,Francois Truffaut
/m/5c8c9051,Frank Beard
/m/3fa70b82,Frank Bello 
/m/0ce48a65,Frank Briggs
/m/e08cff68,Frank Bryce
/m/f1a5665a,Frank Caliendo
/m/57ef13dd,Frank Collin
/m/09e19f21,Frank Colón
/m/e9731916,Frank De Pass
/m/c27f197b,Frank Gambale 
/m/89f9e5a5,Frank Gehry
/m/7ab2a8aa,Frank Iero  
/m/79e98542,Frank Israel
/m/1760ab44,Frank Lautenberg
/m/d9a84cfb,Frank Licht
/m/e2c0ce83,Frank Lloyd Wright
/m/d0319529,Frank Loesser
/m/e5c27128,Frank Luntz
/m/d47da3f3,Frank Marino  
/m/d257c1b5,Frank Oz
/m/c21cd50f,Frank Peretti 
/m/3ef5fa79,Frank Reich 
/m/6333d162,Frank Rich
/m/d2070efb,Frank Rosenblatt
/m/9dce5957,Frank Russo
/m/5ac455dd,Frank Shuster
/m/9df9e18d,Frank Silvera
/m/c2923e62,Frank Sinatra
/m/f0235257,Frank Wolff
/m/bcdd586e,Frank Zappa 
/m/bf4cc6b3,Frankie Armstrong
/m/f9754995,Frankie Banali
/m/b8fd88ba,Frankie Poullain 
/m/7ac504f3,Frankie Sullivan  
/m/b58a5e43,Franklin D. Roosevelt
/m/f0e4698b,Franklin Graham
/m/015232e1,Franklin M. Fisher
/m/023724b2,Franklin Richards
/m/629a4f12,Franklin Vanderbilt
/m/01e24ac7,Franz Beckenbauer
/m/f32e6052,Franz Boas
/m/49d4fc54,Franz Di Cioccio
/m/8609f531,Franz Kafka
/m/f999a49c,Franz Kline
/m/2f57d99e,Franz Liszt  
/m/dc6c5190,Franz Oppenheimer
/m/d37a12bc,Franz Rosenzweig
/m/ec90839f,Franz Schreker
/m/e48c85a8,Franz Schubert 
/m/b4284b5c,Franz Waxman
/m/4307651d,Franz-Joseph Selig
/m/e33a30bc,Frasier 
/m/07b9ae53,Fred & Rose West
/m/c71a8296,Fred Astaire
/m/0244629f,Fred Ebb
/m/c1c3a8ab,Fred Flintstone
/m/a1e52e5f,Fred Frith  
/m/9c3b844a,Fred Hammond 
/m/12cbe7cb,Fred Hellerman
/m/666f5b2a,Fred Hersch
/m/b3c72e04,Fred Lipsius
/m/917583fa,Fred Lukoff
/m/a887d32c,Fred Reinfeld
/m/866ce311,Fred Rogers  
/m/3ea50df2,Fred Savage
/m/4d1bc63f,Fred Shuttlesworth
/m/bbd5cb50,Fred Silverman
/m/61ae9189,Fred Smith 
/m/603b16a0,Fred Sonic Smith  
/m/0506064e,Fred Tackett  
/m/c8c9076f,Fred Thompson
/m/692ffb7a,Fred Turner 
/m/dcae9ff6,Fred Weasley
/m/1ca52289,Fred Zinneman
/m/31a26a48,Freddie King 
/m/ca96fa7c,Freddie Mercury
/m/05eb627c,Freddie Prinze Jr.
/m/3e2f6b70,Freddie Prinze Sr.
/m/1ec906b6,Freddie Stone  
/m/8e1c2c14,Freddy Adu 
/m/31e55d10,Freddy Jr Miranda
/m/fcc86e76,Frederic Chopin  
/m/58cdfc67,Frederic Lacousse
/m/d80c6e89,Frédéric Leclercq 
/m/bf9949ce,Frederick Buechner
/m/d18c6911,Frederick Delius
/m/ced4775f,Frederick Jacobi
/m/2c9ef618,Frederick Knefler
/m/4c68e4bc,Frederick Loewe
/m/45db6492,Frederick McKinley Jones
/m/52ff7fc7,Frederick Reines
/m/e9783bf0,Frederick Wiseman
/m/91b72225,Fredric March
/m/0665b970,Fredrik Isaksson 
/m/5621c0f8,Fredy Studer
/m/b5bc0fc8,Frezia
/m/f2bd1ae8,Frida Kahlo
/m/3776b362,Friedrich Murnau
/m/40920b1b,Friedrich Schorr
/m/f8564ea8,Fritz Feld
/m/dc949d22,Fritz Freleng
/m/eeb55080,Fritz Haber
/m/df3810ed,Fritz Hauser
/m/de772601,Fritz Heider
/m/3ab67646,Fritz Kreisler
/m/3498409e,Fritz Lang
/m/bb99ad38,Fritz Leiber
/m/29572e9a,Fritz Lipmann
/m/a980995f,Fritz London
/m/00b3ed41,Fritz Perls
/m/148f928f,Fritz Reiner
/m/63adf8f0,Fritz the Cat
/m/f9347d1e,Fritzi Massary
/m/aa293598,Frodo
/m/3662c4bf,Frodo Baggins
/m/eaf68ee9,Frosty 
/m/a7021018,Furio Chirico
/m/e0b284dd,Futoshi Uehara 
/m/4aef864d,Fyvush Finkle
/m/3af1b31d,G. C. Green 
/m/f9cd8351,G. K. Chesterton
/m/122b8c0f,G. K. Chesterton 
/m/5e6c6fd7,G.E. Smith  
/m/0d41d096,Gabe Kaplan
/m/da7a29a0,Gabe Nelson 
/m/1168c8bd,Gabe Saporta 
/m/bf4a061b,Gabe Serbian 
/m/235af87f,Gabriel Kaplan
/m/f4fabf1a,Gabriel Lippmann
/m/47dbc082,Gabriel Macht
/m/96be265a,Gabriel Riesser
/m/ef08b6fb,Gabriela Mistral
/m/98b58578,Gabriela Szabo
/m/01245cd3,Gabrielle Carteris
/m/6efe3ec9,Gabrielle Delacour
/m/ebf13b3f,Gaby Hoffmann
/m/709b4837,Gaetano Donizetti 
/m/4abd7fa9,Gaetano Nicolosi
/m/a43dc9c9,Gail Ann Dorsey 
/m/e1c6d428,Gail Devers 
/m/2e46b02c,Galadriel
/m/dfe6c369,Galileo Galilei
/m/88acb357,Gambit
/m/49de77ca,Gandalf
/m/616f7c66,Ganon  
/m/26f671cc,Ganzack  
/m/a56d99bd,"Garan, Ronald J., Jr."
/m/fbae68c1,Garey Williams
/m/473262f3,Garfield 
/m/0f680184,Gargoyle  
/m/f0d0f123,Garrett Augustus Morgan
/m/8124adb7,Garrett Easley
/m/fbea0748,Garrett Zablocki  
/m/6827eba7,Garron DuPree 
/m/983136fe,Garry Gary Beers 
/m/7f7307a6,Garry Kasparov
/m/b334adc6,Garry Marshall
/m/4ba112d7,Garry Shandling
/m/5257e896,Garry Tallent 
/m/5705902c,Garry Winogrand
/m/83892e76,Garth Brooks
/m/82d5710c,Garth Hudson 
/m/befb7067,Garuda  
/m/873a58c0,Gary Ackerman
/m/d913ff68,Gary Allan
/m/5726f2f0,Gary Auerbach
/m/97cd07b2,Gary Becker
/m/5964afbf,Gary Bettman
/m/8c0e19c3,Gary Burghoff  
/m/58c8684a,Gary Busey  
/m/e61c455a,Gary Carter
/m/0867a740,Gary Chester
/m/5d9edba7,Gary Cooper
/m/35ae151d,Gary Duncan  
/m/9369d4e5,Gary Gulman
/m/5ddee252,Gary Hirsch 
/m/9dfc870d,Gary Husband
/m/cd221533,Gary Kasparov
/m/128d0bc0,Gary Kemp  
/m/69f6277c,Gary Lenaire  
/m/17c6912c,Gary Leon Ridgway
/m/6b255bd5,Gary LeVox  
/m/7b61fc47,Gary Lucas
/m/19251c04,Gary Mallaber
/m/ca0169d0,Gary Marcus
/m/f6c0b0a4,Gary Marshall
/m/69db9f9c,Gary Moore
/m/5acdc229,Gary Mounfield 
/m/6f81ee23,Gary Myrick Havana 3am) 
/m/77a74346,Gary Oldman
/m/4136bd10,Gary Richrath  
/m/9ac89678,Gary Ridgeway
/m/1e138871,Gary Rossington  
/m/dfedb26e,Gary Schandling
/m/e2d89378,Gary Stonadge 
/m/a45ecb9c,Gary Thain 
/m/3dad242e,Gary Tibbs 
/m/4bead603,Gary Willis 
/m/317e5feb,Gary Wright
/m/8494d1d1,Gavin Harrison
/m/8e409e01,Gavin McCloud
/m/c1d6a225,Gavin Newsom
/m/4c67ed2d,Gavin Rossdale  
/m/697700f3,Gaz Coombes  
/m/2746a5a5,Gedaliah
/m/cec9c077,Geddy Lee  of Rush
/m/a4f06ab8,Geddy Lee 
/m/c25b92bb,Geezer Butler 
/m/1a25dfd5,Gem Archer  
/m/b94855f9,Gene Barry
/m/d3692b65,Gene Hackman
/m/3c4736f7,Gene Morrell
/m/c5567f37,Gene Saks
/m/1df9caac,Gene Simmons
/m/a3a55155,Gene Snitsky
/m/f4580929,Gene Starwind  
/m/89a1f24c,Gene Ween
/m/ae468b56,Gene Wilder
/m/b099bd7c,General Grievous
/m/e7503ad5,General Madine
/m/a7998378,General Norman Schwarzkopf 
/m/6fdfabea,Genji Hakuryu  
/m/7610ea02,Genrikh Yagoda
/m/b0e0e168,Geoff Downes 
/m/b8bbce46,Geoff Kresge 
/m/4e6de040,Geoffrey Lyall 
/m/853f35df,Georg Cantor
/m/11e1643a,Georg Philipp Telemann  
/m/3acd58bd,Georg Solti
/m/0fb2e59e,Georg Voros
/m/c707ce31,Georg Wilhelm Pabst
/m/0565afae,George Akerlof
/m/7b81eba2,George Axelrod
/m/6eb193cc,George Benson 
/m/9c4e6b9f,George Boolos
/m/b8fd86f2,George Burns
/m/9eabc387,George Byron
/m/beae660e,George Carlin
/m/0443b143,George Clooney
/m/cb1b61f9,George Cukor
/m/102d46b0,George D. Zamka
/m/93f8b491,George Dantzig
/m/896a53af,George David Weiss
/m/a2d2b134,George de Hevesy
/m/70633cfd,George Duke 
/m/573a4333,George Eastman
/m/80160bd6,George Foreman
/m/d1c643d0,George Frideric Handel
/m/d1c643d0,George Frideric Handel
/m/a13540ae,George Gershwin
/m/47fd235b,George Gershwin  
/m/7811ee1b,George Harrison
/m/8e68f590,George Herbert Walker Bush
/m/64b4692a,George Jessel
/m/0d32eb91,George Jetson
/m/c938324a,George Jones
/m/603aeb2e,George Koltanowski
/m/64fbfb93,George Lakoff
/m/4944bd06,George London
/m/fd02aee2,George Lopez
/m/7db49788,George Lucas
/m/0a0d233e,George Lynch
/m/f6e22a07,George Michael
/m/7100ee96,George Mikes
/m/2accd5ac,George Mueller
/m/d8aa773d,George Murray 
/m/46b907da,George of the Jungle 
/m/12df7cbc,George Olah
/m/9533dac3,George Oppen
/m/ab09fdae,George Perle
/m/d609ebf4,George Polya
/m/4b4e838e,George Polyhronakos
/m/aa842b63,George Rochberg
/m/65181bc5,George S. Kaufman
/m/fe4c5d98,George Segal
/m/13c226c5,George Seldes
/m/5b803815,George Shearing
/m/916f4599,George Sidney
/m/084c8bd8,George Smoot III
/m/a3d6bf24,George Soros
/m/1fcc4e0a,George Steiner
/m/426a7942,George Strait  
/m/c5479d75,George Szell
/m/ff044cb3,George Thorogood 
/m/35e2c58a,George W. Bush
/m/6bf41b0c,George Wald
/m/4b552ef4,George Waldbott
/m/b0eba6c8,George Washington 
/m/e5d8bc0a,George Weasley
/m/5a84948f,George Weinberg
/m/c07f953c,George Zweig
/m/7ba17355,Georges Bizet  
/m/7dab640b,Georges Charpak
/m/942eecc1,Georges Simenon
/m/30d5dd3a,Ger Rebbes
/m/32e4e9bc,Gerald Abrahams
/m/1b200333,Gerald Casale 
/m/087d8282,Gerald Edelman
/m/50952bef,Gerald Ford
/m/3161d0bc,Gerald Jay Sussman
/m/62fa1e03,Gerald Soffen
/m/f3bb3e01,Gerald Stano
/m/e79c5667,Gerald Stern
/m/b483a6bc,Geraldo Rivera
/m/6cd686c4,Gerard Butler
/m/349cc486,Gerard Depardieu
/m/4cd89c98,Gerd Muller 
/m/326d3f2a,Gerda Lerner
/m/d09adc1b,Gerry Goffin
/m/0f1ef546,Gerry Hemingway
/m/ca543257,Gerry Marsden  
/m/fdbf0e28,Gerry McAvoy 
/m/7db3ecc7,Gershom
/m/0c4cb0d0,Gersonides
/m/0e8486c4,Gertrude Elion
/m/d4be5c3d,Gertrude Stein
/m/583c78dc,Gerty Cori
/m/0453bfa6,Gerty Theresa Cori
/m/ca6371b7,Giacomo Meyerbeer
/m/c643dacd,Giacomo Puccini 
/m/5cf57d93,Giampaolo Ascolese
/m/19c8d0f1,Gian Pyres  
/m/91031889,Giancarlo Ippolito
/m/dade003b,Gianfranco Masi
/m/9dc43a4a,Gianni Branca
/m/09fa3db7,Gianni Insalata
/m/fbcff2ba,Gideon
/m/0fced909,Gil 
/m/9105653d,Gil Kane
/m/47dd9256,Gil Shaham
/m/694d0c9d,Gilad Pellaeon
/m/d3a7ce57,Gilbert Adrian
/m/50db9e15,Gilbert Gottfried
/m/b0019a48,Gilbert Montagné
/m/c60f950e,Gilbert Paeffgen
/m/47d6e7a7,Gilbert Patten
/m/008af760,Gilby Clarke  
/m/9e85be54,Gilda Radner
/m/0aea2a9c,Gildaroy Lockheart
/m/ffdad781,Gilles De Rays
/m/cc05a882,Gimli
/m/36c908de,Gina Gershon
/m/c02a068f,Gina Wild
/m/991e137b,Ginger Rogers
/m/d3fdaf14,Ginny Weasley
/m/c84d5964,Ginny Weasley 
/m/3e80181b,Gino Vannelli
/m/648f429f,Gio Rossi
/m/a42d3666,Gioacchino Rossini 
/m/5ba66d1e,Giora Feidman
/m/3c832a5d,Giovanni Hidalgo
/m/df085a04,Giovanni Imparato
/m/c7d81545,Giovanni Pierluigi da Palestrina 
/m/40a75dca,Gisela Gresser
/m/976814c6,Gisela Kahn Gresser
/m/d262ea42,Giselle Fernandez
/m/00a08688,Giulio Caneponi
/m/ac35b623,Giulio Racah
/m/e8e3fb60,Giuseppe De Paola
/m/5670d302,Giuseppe Filianoti
/m/12c78e43,Giuseppe Lacava
/m/609a9cdc,Giuseppe Tornatore
/m/509f1650,Giuseppe Verdi
/m/2fd6d2e4,Gladys Bronwyn Stern
/m/d7c000e9,Gladys Knight
/m/2ee96bc6,Glastone Gander
/m/ba5551e5,Glen Benton 
/m/3fb1feae,Glen Buxton
/m/a4aa7710,Glen Campbell 
/m/fb6159d8,Glen Drover  
/m/81ae9213,Glen Frey  
/m/3ec78b0d,Glen Jacobs
/m/f2a9ff9c,Glen Leonard 
/m/988b7ec5,Glen Matlock 
/m/5785135b,Glen Phillips
/m/f1bca69e,Glenn Barry 
/m/e7527fbe,Glenn Cornick 
/m/9a7c3dd3,Glenn Danzig  
/m/d7a61c97,Glenn Frey  
/m/7f47de8b,Glenn Hughes 
/m/d5814529,Glenn Mac
/m/abf1afa3,Glenn Tipton  
/m/041903e4,Gloria Allred
/m/a2366682,Gloria Estafan  
/m/3fd1f54e,Gloria Gaither 
/m/0bc49b7c,Gloria Gaynor  
/m/90d2c496,Gloria Leonard
/m/e1a4ccb2,Gloria Steinem
/m/ba5be077,Gluckl of Hamelin
/m/22ea108b,Gntarl  
/m/8da5291c,Gob Bluth 
/m/8ed8fa6b,Goby Catt
/m/cdcb9c34,Godric Gryffindor
/m/db388b1b,Goku
/m/deeb84ce,Golda Meir
/m/10da23fb,Goldie Hawn
/m/35605b17,Goldy McJohn 
/m/569ae935,Gollum
/m/649bef59,Gollum 
/m/d526ec1f,Goofy
/m/c28863d5,Gord Sinclair 
/m/c4467462,Gordon Banks
/m/284dfdef,Gordon Brown
/m/83ce3f26,Gordon Bunshaft
/m/226a2f8a,Gordon Giltrap 
/m/6951a2bc,Gordon Gould
/m/286ef6ba,Gordon Johnson
/m/470fe382,Gordon Lightfoot
/m/d9b5315f,Gordon Moakes 
/m/6405bb29,Gordon Waller  
/m/c5bd04f9,Gore Vidal
/m/65d1d72f,Gouldman 
/m/c60b02bf,Grace Kelly
/m/7f462ca4,Grace Murray Hopper
/m/3fb16eed,Grace Paley
/m/dfffdef0,Graeme Nicholls  
/m/5c0aa765,Graeme Taylor  
/m/ec62b379,Graham Coxon  
/m/d8c37d3b,Graham Gouldman
/m/5fe57578,Graham Lewis 
/m/7333d953,Graham Maby 
/m/a7b4b603,Graham Nash
/m/04e39ed8,Graham Pritchard
/m/f9776024,Graham T Brooks
/m/af404e34,Graham Young
/m/5a41354f,Grampa 
/m/a17a8cd7,Grand Admiral Thrawn
/m/cb83d2ba,Grand Moff Tarkin
/m/db6ef53a,Grandma Duck
/m/c32f2b56,Grant Collins
/m/e07daaf7,Grant Jeffries
/m/eb2f065b,Grant Nicholas  
/m/b82be51f,Grant Smith Sneez
/m/c946bad9,Grape Ape
/m/5cd61033,Grawp
/m/1d717dbd,Greedo
/m/b1953dea,Green Arrow
/m/220a9e94,Green Giant
/m/5627b180,Greena Davis
/m/5cddbdd8,"Greg ""G-Mo"" Moore  "
/m/e1a9ef7c,Greg Camp  
/m/1c279a97,Greg Christian 
/m/45c1ca1c,Greg Garbowsky 
/m/5a10707f,Greg Ginn  
/m/a24f0e75,Greg Graffin
/m/70584e29,Greg Hetson
/m/1cfc76ff,Greg Howe 
/m/d6270146,Greg Kriesel 
/m/b085c4a2,Greg Lake 
/m/d95e43b9,Greg McPherson  
/m/e1f7c253,Greg McPherson 
/m/fbe88f68,Greg Norton 
/m/b709588f,Greg Richling
/m/361d2e41,Greg Ridley 
/m/50f82815,Greg Sage  
/m/aacf082b,Greg Serano
/m/d5991c9d,Greg Steele  
/m/f93d209b,Greg T. Walker 
/m/70b9a61b,Greg Upchurch
/m/e1d0895d,Gregg Allman 
/m/77f6b979,Gregg Bendian
/m/ab55f378,Gregg Gerson
/m/a1927880,Gregg Potter
/m/a7a6ba88,Gregg Rolie 
/m/19e9b039,Gregg Turner
/m/eacd1d05,Gregor Mendel 
/m/81d0ddd7,Gregori Chad Petree  
/m/6653fede,Gregory Chaitin
/m/927e542c,Gregory Goyle
/m/25ebc20e,Gregory Hines
/m/4b6fdf65,Gregory Peck
/m/9bc4632c,Gregory Pincus
/m/d4398d41,Gregory Smith
/m/81bf5d97,Greta Garbo
/m/185042c8,Grey Lady
/m/54a06b65,Grigori Perelman
/m/5405ab79,Grigory Zinoviev
/m/75bb156c,Grimm
/m/f84a9278,Grinch 
/m/ad5773e5,Groucho Marx
/m/48627845,Grutle Kjellson 
/m/0a162804,Guggenheim family
/m/0451c4b4,Guido Alberto Fano
/m/9a6aae6f,Guion Bluford
/m/6a8d4729,Gummo Marx
/m/89c451a2,Gustav Ludwig Hertz
/m/28e65470,Gustav Mahler
/m/2ad44469,Gustav Mahler  
/m/27744d6f,Gustave Solomon
/m/d5e09cc9,Guster
/m/530f1ef0,Guts  
/m/b0d5e3ba,Guy Berryman 
/m/ab5262fa,Guy Hall
/m/55d366b0,Guy Pratt 
/m/3097313b,Gwen Stefani
/m/293e3326,Gwenog Jones
/m/13587411,Gwyn Ashton 
/m/3be5435d,Gwyneth Paltrow
/m/d567adba,Gyorgy Ligeti
/m/3d0eb9d8,Gypsy Boots
/m/89022273,Gyro Gearlose
/m/19e25d08,Gyula Breyer
/m/3c953d3d,H. David Politzer
/m/b3e5a05b,H. G. Wells
/m/d440b628,H. Robert Horvitz
/m/cc9e8955,H.A. Rey
/m/1bb81d3d,H.G. Heinz  
/m/88a35622,H.H. Holmes
/m/334f6482,Hadassah Lieberman
/m/f4d11450,Hagar the Horrible
/m/a1a76b64,Hagrid
/m/11d64d12,Haifa Wehbe
/m/b703f130,Haim Saban
/m/fb75bb05,Hakeem Olajuwon 
/m/67eaf8ea,Hal Abelson
/m/af2615f6,Hal Blaine
/m/2f6673f4,Hal David
/m/d59c133f,Hal Jordan
/m/8d3bf746,Hal Lindsey
/m/8154eaf3,Halle Berry
/m/98a87581,Halpern Jeff
/m/5890bdde,Hamish Stuart 
/m/9c0d7f1d,Han Solo
/m/b5700064,Hancock 
/m/1f580b1f,Handsome Dick Manitoba 
/m/821340f6,Hank Aaron
/m/037fdfab,Hank Azaria
/m/bd965f90,Hank Greenberg
/m/b57de967,Hank Hannigraf
/m/828f77f7,Hank Hill
/m/15015b79,Hank Marvin  
/m/573d68f8,Hank Pym
/m/3f397708,Hank Sapoznik
/m/cc152ac8,Hank Williams
/m/a29445b6,Hank Williams III 
/m/02741b00,Hannah
/m/b383639f,Hannah Abbott
/m/ef7dadd2,Hannah Arendt
/m/19e61011,Hannah Szenes
/m/193583e3,Hannibal
/m/06d7e002,Hannibal Lecter 
/m/4b0e6a29,Hanns Eisler
/m/ab687ff2,Hans Adolf Krebs
/m/f865c0a1,Hans Berliner
/m/38c43a6c,Hans Bethe
/m/d8bc8875,Hans Christian Anderson
/m/9aad6e03,Hans Conried
/m/7bf2366f,Hans Eijkenaar
/m/2672218b,Hans Jonas
/m/60667a90,Hans Krasa
/m/faafeab5,Hans Krebs
/m/687a1162,Hans Moleman 
/m/3025fc67,Hans Rosenberg
/m/de8aaae8,Hansi Kürsch 
/m/10457db9,Hans-Juergen Syberberg
/m/2688d1b8,Harlan Ellison
/m/7808aee8,Harmony Korine
/m/628df400,Harold Abrahams
/m/8c041789,Harold and Kumar 
/m/03d76fd2,Harold Arlen
/m/3517a69a,Harold Bloom
/m/af6874e4,Harold Brodkey
/m/fffd3417,Harold Brown
/m/f9a604f9,Harold Clurman
/m/d97b6299,Harold Gould
/m/478d8e3d,Harold J. Stone
/m/1e16bbc3,Harold Kroto
/m/2e9658c5,Harold Kushner
/m/62bc21ba,Harold Pinter
/m/5afe4727,Harold Prince
/m/9b910141,Harold Ramis
/m/6fa83a91,Harold Robbins
/m/f65c29c2,Harold Rosen
/m/635a6b89,Harold Smiley Davis
/m/6788240c,Harold Varmus
/m/5638ca3f,Harper Lee
/m/7286231f,Harpo Marx
/m/afcf20b6,Harris Barton
/m/9d05ada2,Harris Eisenstad
/m/9e59da77,Harrison Ford
/m/e19933fe,Harry Belafonte
/m/4f4b665f,Harry Chapin
/m/4a341f35,Harry Cohn
/m/6680f3c5,Harry Connick Jr.
/m/e7c31ae8,Harry Golombek
/m/aa67bc70,Harry Litwack
/m/1959e3a8,Harry Markowitz
/m/317e2c89,Harry Oppenheimer
/m/6eb2dc22,Harry Potter
/m/8e6a2598,Harry Reid
/m/26c494b9,Harry Shearer
/m/2d2ef929,Harry Turtledove
/m/2781393b,Hart Bochner
/m/20cb76ba,Haruhara Haruko  
/m/809fec11,Haruhi Suzumiya
/m/c4a5bb7c,Haruko Haruhara
/m/dce86175,Harvey Atkin
/m/7a657b88,Harvey Bainbridge 
/m/3c45ebd2,Harvey Brooks
/m/cb62edeb,Harvey Fierstein
/m/b7d71a81,Harvey Keitel
/m/575b3f01,Harvey Korman
/m/8c220c44,Harvey Kurtzman
/m/fb74343e,Harvey Milk
/m/31476969,Harvey Pekar
/m/d3b1b602,Harvey Weinstein
/m/087f95e8,Harvye Korman
/m/7078e9e6,Hasdai Crescas
/m/ebb8b0b8,Hattie Carnegie
/m/3080f587,Hattori 
/m/618f709d,Hawkeye
/m/d34bb4e6,Hawkgirl
/m/a330c2e1,Hawkman
/m/3c666f73,Hayden Christensen
/m/8a31ae59,Hayden Epstein
/m/85dffcc3,Hayden Panettiere
/m/3b31bd6a,Haym Solomon
/m/aa685995,Hazel Dawn  
/m/462f6074,Head Automatica
/m/6ae6e2b1,Heath Ledger
/m/e127573b,Heath Saraceno  
/m/00eac7a1,Heath 
/m/14f033d4,Heather Whitestone
/m/33638699,Heather Young 
/m/89592639,Heckle and Jeckle
/m/d1f1c451,Hecter Dagworth Granger
/m/4b88e1ce,Hector Berlioz  
/m/657cd4a4,Hedwig
/m/a30920cb,Hedy Lamarr
/m/7f75e1b0,Heidi Fleiss
/m/5a1e4a46,Heidi Klum
/m/02dd8506,Heinrich Heine
/m/a1bb9791,Heinz Burt 
/m/d2fce445,Heitor Teixeira Pereira  
/m/1e602f10,Helal Hassenfeld
/m/e6c23e6b,Helen Berman
/m/57635178,Helen Frankenthaler
/m/df90cf1e,Helen Hunt
/m/c0aac155,Helen Keller
/m/ae13f0b7,Helen Levitt
/m/5a76d432,Helen Mirren
/m/dc174a0b,Helen Slater
/m/d7201f0c,Helen Suzman
/m/a12c774d,Helena Kagan
/m/311747c7,Helena Paparizou
/m/a340badb,Helena Rubinstein
/m/f5675e26,Helene Cixous
/m/5bbbb4a3,Helene Mayer
/m/0979f5ca,Helga Hufflepuff
/m/7d4e0c58,Hellmaster Phibrizo 
/m/664ab5c5,Hello Kitty 
/m/bb09f4c5,Helmut Newton
/m/50a3f340,He-man 
/m/011945a5,Hendrik S. Houthakker
/m/65777797,Henkka Seppälä 
/m/93926081,Henny Youngman
/m/271acb01,Henri Bergson
/m/cd43105d,Henri Mancini
/m/35f4ab56,Henri Moissan
/m/f898981f,Henrietta Mear
/m/179909b7,Henry
/m/ad8c6433,Henry Armstrong
/m/a4166468,Henry Bogdan 
/m/3a833f3e,Henry Brant
/m/944f6bd0,Henry Cluney  
/m/c51534b6,Henry Daniell
/m/4981aa97,Henry David Thoreau
/m/7d81ef3e,Henry Dreyfus
/m/52b52092,Henry Fonda
/m/af793288,Henry Ford
/m/115943cf,Henry Garza  
/m/ff75d3b7,Henry Gilman
/m/9f0dca3f,Henry Goodman
/m/d59989dc,Henry Grunwald
/m/725876d1,Henry Hassenfeld
/m/cda667e3,Henry Horner
/m/318b6816,Henry Jaglom
/m/c97d73ca,Henry Kissinger
/m/1e9d7d39,Henry Koster
/m/ff0ade69,Henry Kravis
/m/af603e9a,Henry La Guardia
/m/b77cef81,Henry Lee Lucas
/m/b72174bc,Henry Morgenthau Jr.
/m/f3ce884f,Henry Paulson
/m/0f9beff3,Henry Purcell 
/m/62d23cea,Henry Roth
/m/3e6b4136,Henry Spira
/m/bdd239b9,Henry Wadsworth Longfellow
/m/0b7eb98c,Henry Waxman
/m/ccf4cbf8,Henry Winkler
/m/977ee7cf,Henry Wittenberg
/m/107e7e3a,Herb Alpert
/m/d4fd2eb1,Herb Gardner
/m/e28446bc,Herb Gray
/m/e516bfb3,Herb Hyman
/m/4935efd2,Herb Kohl
/m/949bf5ea,Herb Lubalin
/m/6ae0fcbb,Herb Ritts
/m/685c667d,Herb Stempel
/m/b53defa3,Herbert A. Hauptman
/m/e27fb998,Herbert Aptheker
/m/f68e75c9,Herbert Becker
/m/d3dedffa,Herbert C. Brown
/m/33bd8efb,Herbert Chorley
/m/1b501b40,Herbert Feigl
/m/f7253322,Herbert Fleishhacker
/m/5536dc09,Herbert Friedman
/m/f749fccf,Herbert Gasser
/m/e1643cef,Herbert H. Lehman
/m/0fb0ea8e,Herbert Lehman
/m/e4ecd564,Herbert Lom
/m/498d64fc,Herbert Marcuse
/m/a1fe586b,Herbert P. Grossman
/m/b635fb9b,Herbert Robbins
/m/9fd4e006,Herbert Ross
/m/9feed2e1,Herbert Samuel
/m/85727073,Herbert Simon
/m/519b88ac,Herbert Wise
/m/abe8abcc,Herbie Flowers 
/m/39d50757,Herbie Mann
/m/61530cb8,Herchsel Walker
/m/c7e440f7,Hercules
/m/a5cb9575,Heri Joensen  
/m/aac97525,Herman Branover
/m/a96a7134,Herman Goldstine
/m/f09cc649,Herman Heijermans
/m/c4edf378,Herman Li  
/m/5b1edec8,Herman Mark
/m/794b2c89,Herman Matthews
/m/f32508af,Herman Melville
/m/bfe0e2c2,Herman Minkowski
/m/0df9384f,Herman Steiner
/m/d84d8889,Herman Wouk
/m/d9afe37d,Hermann Broch
/m/341c8fc3,Hermann Cohen
/m/ec7a77cb,Hermann Muller
/m/12d6a74e,Hermione Granger
/m/e8afae74,Hermione Granger 
/m/d37b3ccc,Hermione Jane Granger
/m/67aa8565,"Hernández, José M."
/m/9432dfb6,Herold Dingle
/m/57046c85,Herschel Grynszpan
/m/9d64923b,Hersey Hawkins  
/m/d20ec1cf,Hershel Bernardi
/m/34611f38,Hilary Duff
/m/cde038bc,Hilary Jones
/m/545838d5,Hilary Putnam
/m/759b6893,Hilary Rosen
/m/0110af64,Hilary Swank
/m/8714c0b7,Hillary Clinton
/m/24d7ff4d,Hillel
/m/39b9e4f2,Hillel ben Eliakim
/m/3213863c,Hillel ben Naphtali Zevi
/m/5fd7105b,Hillel II
/m/2c25b34c,Hillel Slovak 
/m/63044a23,Hillel the Elder
/m/1fda4114,Hilly Crystal
/m/11a80e07,Hilton Valentine  
/m/e49ce2d9,Himura Kenshin  
/m/1bd71542,Hinda Miller
/m/aa16b495,Hiro Yamamoto 
/m/1bbfaea9,Hirooka  
/m/b92cbdb2,Hitchy & Scratchy
/m/061805f4,Hitomi Kanzaki  
/m/1c7d0155,HK-47
/m/e1a6c238,Ho Chi Minh 
/m/79738ace,"Hobaugh, Charles O."
/m/48a47a95,Hobbes
/m/1d3ddfb4,Holger Czukay 
/m/35a5c4b1,Holly Dunn
/m/6808487b,Homer
/m/52c06a0d,Homer Hickam
/m/57b9609b,Homer Simpson
/m/0d62e586,Hondo Ohnaka
/m/083c5858,Hong Kong Phooey
/m/6854c2ec,Honoré Daumier
/m/7eaaec78,Hoobastank
/m/f280b4c6,Horace Goldin
/m/80bf3b86,Horace Panter 
/m/b687accb,"Horacio ""El Negro"" Hernandez "
/m/f9cc031f,Horatio Nelson
/m/027f5570,Hosea
/m/66a789ea,Houdini
/m/908f5ad0,Howard Ashman
/m/be10e085,Howard Becker
/m/33a2ef0f,Howard Berman
/m/9cf8c037,Howard Braham
/m/c0f35094,Howard Cosell
/m/4af759e0,Howard Da Silva
/m/624e27c1,Howard E. Scott  
/m/72f2abb4,Howard Fast
/m/b062daf1,Howard Fineman
/m/1e17caf5,Howard Finster 
/m/a52eabf2,Howard Hawks
/m/a824657b,Howard Hughes 
/m/6267544e,Howard Kane
/m/2db03a1f,Howard Kaylan
/m/1da6fda6,Howard Lederer
/m/b3c66dfc,Howard Metzenbaum
/m/cfaf7749,Howard Morris
/m/a783bf10,Howard Moss 
/m/4ea39728,Howard Nemerov
/m/eab28ed5,Howard Schultz
/m/b903cb64,Howard Stern
/m/fa89f239,Howard Temin
/m/ad0643c2,Howard Zieff
/m/a440b2a1,Howard Zinn
/m/5b89d539,Howell Raines
/m/6c0d6884,Howie Epstein
/m/1c18c6d9,Howie Epstein 
/m/0ea27f3b,Howie Mandel
/m/9b7589e0,Howie Pyro 
/m/2d6f04cf,Howlin' Wolf 
/m/3fd10aaf,Hub 
/m/25d1c3c0,Hubert Dreyfus
/m/926db7a7,Hubert Lindsey
/m/a908b3e6,Huckleberry Hound
/m/4c892324,Hudson Taylor
/m/6b8ff974,Huey
/m/0fbf29e2,Hugh Grant
/m/e2a5dd36,Hugh Hopper 
/m/d756b74e,Hugh Jackman
/m/ea51cd1f,Hugh McDonald 
/m/dd2b42a6,Hughie Thomasson  
/m/1248a8bf,Hugo Gernsback
/m/ab21f6e8,Hugo Munsterberg
/m/cd4c9e9e,Hugo von Hofmannsthal
/m/7cfbd07d,Hugo Weisgall
/m/739d4fe5,Hulk
/m/4620a87b,Hulk Hogan
/m/7783f109,Human Torch
/m/c9d799cc,Humphrey Belcher
/m/48ea2a56,Humphrey Bogart
/m/6e46bd25,Hunter Burgan 
/m/8734b7fa,"Hurley, Douglas G."
/m/62c8a252,Hurt
/m/fd8b8da0,Hyman Epstein
/m/411ee2b4,Hyman Golden
/m/b2b007ef,Hyman Rickover
/m/2b2e6c8f,I. F. Stone
/m/67e2e804,I. L. Peretz
/m/e8ebc686,I. P. Meshkovsky
/m/a093bca5,"Ian ""Lemmy"" Kilmister "
/m/98b85f5d,Ian Anderson  
/m/0c7d62c7,Ian Bairnson  
/m/e7029a95,Ian Burden 
/m/a01a6bba,Ian D'Sa  
/m/3fa727c0,Ian Hill 
/m/a8cc0cdd,Ian MacKaye 
/m/4c386a3b,Ian Matthews
/m/4f1e56c4,Ian McCallum  
/m/9861e77d,Ian Mclagan 
/m/ecb65191,Ian Mitchell  
/m/94a5da48,Ian Murphy
/m/b4632cb4,Ian Samwell 
/m/087cc9ff,Ian Underwood 
/m/40e141f3,Ian Ziering
/m/df602cf0,Iarin Munari
/m/b0c38935,Ibn Tibbon
/m/9be60565,Ice Cube
/m/aa93f77e,Iceman
/m/f5f12361,Ice-T  
/m/1b766b81,Ichiro Ito  
/m/711b1060,ICS Vortex 
/m/9dd7e3ee,Ida Bell Wells-Barnett
/m/33f209dc,Ida Kaminska
/m/f72aa6fc,Ida Rosenthal
/m/40fe540d,Idina Menzel
/m/da8e1a9a,IG-88
/m/ccb14172,Iggy Pop
/m/3c3fc58d,Ignac Helfy
/m/4f93eba7,Ignatz von Kolisch
/m/8b24d761,Igor Cavalera
/m/40200c3f,Igor Karkaroff
/m/b1bf1b47,Igor Olshansky
/m/4298e67f,Igor Sikorsky 
/m/852c1995,Igor Stravinsky  
/m/edc037f1,Igor Tamm
/m/cf350924,Ilan Ramon
/m/3ebfefa4,Ilene Rosenzweig
/m/ecfc75ed,Illeana Douglas
/m/5b4dd34d,Illusionists
/m/8cd51a1a,Ilya Ehrenburg
/m/8e2c4a7b,Ilya Prigogine
/m/5e2f0b02,Immanuel ben Solomon
/m/511844ff,Immanuel Jakobovits
/m/faedccc6,Immanuel the Roman
/m/25aad00a,Imre Kertesz
/m/f38b8248,India Arie
/m/9b984dc7,Indiana Evans
/m/2e3af71d,Indiana Jones
/m/2732f517,Indra Thomas
/m/162cb72f,Ingmaar Bergman
/m/7ce3f266,Ingrid Bergman
/m/bf7a684f,Inspector Gadget
/m/24e9d10b,Inuyasha
/m/aa6ec66f,Invisible Woman
/m/11a9dead,Iqbal Masih
/m/7e09aa45,Ira Einhorn
/m/c4c20fb2,Ira Gershwin
/m/6719560c,Ira Glass
/m/e8f2053a,Ira Kaplan of Yo La Tengo
/m/75c5c645,Ira Levin
/m/dff5b5c7,Ira Newborn 
/m/badeba11,Iracema Trevisan 
/m/15a7c8ae,Irene Leidolf 
/m/403d05d1,Irina Levitina
/m/8885b280,Iris Chacon
/m/515f3175,Iron Kiba  
/m/6fed1645,Iron Man
/m/b750eb37,Irv Rubin
/m/d987c33c,Irvin Kershner
/m/63789974,Irvin Rock
/m/8729fe30,Irving Berlin
/m/c0ec3c86,Irving Chernev
/m/ca34edcc,Irving Howe
/m/cc3acc16,Irving Jaffee
/m/69f806a4,Irving Janis
/m/7205606d,Irving Kahn
/m/4a9ed6df,Irving Kristol
/m/e2959928,Irving Layton
/m/bbc4e79c,Irving Millman
/m/342da429,Irving Mills
/m/20727246,Irving Penn
/m/63668658,Irving Robbins
/m/9a3288c7,Irving Stowe
/m/207f5ebf,Irving Thalberg
/m/5653d4e6,Irving Wallace
/m/af48030d,Irwin Allen
/m/5c2934ec,Irwin Cotler
/m/c01b70e5,Irwin Jacobs
/m/9fcc6c35,Irwin Kershner
/m/fac1069b,Irwin Rose
/m/456ae80d,Irwin Shaw
/m/e37157ac,Isaac Abendana
/m/60ee1ca2,Isaac Asimov
/m/a270428b,Isaac Babel
/m/b190f899,Isaac Bashevis Singer
/m/13649641,Isaac Berger
/m/66e1cfdd,Isaac Boleslavsky
/m/944e1ee6,Isaac Carasso
/m/a5805f16,Isaac Deutscher
/m/1c32c57b,Isaac Emanuilovich Babel
/m/332c62c1,Isaac Gimbel
/m/551ac584,Isaac Hanson  
/m/4525453c,Isaac Hayes
/m/305de134,Isaac Hays
/m/aa06baef,Isaac Isaacs
/m/3e16f721,Isaac Kashdan
/m/de04827d,Isaac Klein
/m/f26d2733,Isaac Larian
/m/c9340b48,Isaac Luria
/m/5f319fe2,Isaac Mizrahi
/m/d28b9a44,Isaac Newton
/m/27b023ff,Isaac Rosenberg
/m/c43688c2,Isaac Slade  
/m/4c60c5b4,Isaac Stern
/m/61d761bb,Isaak Levitan
/m/9365edae,Isabel Fonseca
/m/a14ae3bf,Isabelle Peretz
/m/3d932e87,Isador Straus
/m/c53607fe,Isadore S. Jachman
/m/5820f985,Isadore Singer
/m/76c269a0,Isaiah
/m/c3b8995e,Isaiah Berlin
/m/34a7f0d9,Ish Kabibble
/m/6f26c831,Isidor Gunsberg
/m/49e85365,Isidor Isaac Rabi
/m/16cdd9a0,Isidor Rabi
/m/08005826,Isidor Rayner
/m/5c01529f,Isidore Isou
/m/d2a74036,Ismar Schorsch
/m/72835a0a,Israel Asper
/m/80764c08,Israel ben Eliezer
/m/b1eb2d33,Israel Galili
/m/f1a1aff9,Israel Horowitz
/m/a1eb63e2,Israel Isidor Elyashev
/m/effb7953,Israel Kirzner
/m/ee88fe8d,Israel Shahak
/m/0508c55e,Israel Tal
/m/1aa58de2,Israel Zangwill
/m/6fa1fb94,Israeli politicians
/m/cd6396c0,Issachar Berend Lehmann
/m/ef2e749c,Isser Harel
/m/73f26d9a,Isshin Arima  
/m/36dca3ee,Issy Smith
/m/ea528a09,Italo Svevo
/m/27c0eb02,Itchy
/m/744ef512,Itzhak Perlman
/m/96b97b9a,Itzik Feffer
/m/1e2c1543,Ivan Boesky
/m/913cfc69,Ivan Chernyakhovsky
/m/2dc9c5da,Ivan Kral 
/m/2f558182,Ivan Reitman
/m/ca56a832,Ivan Sag
/m/08682873,Ivor Cutler
/m/533fd997,Ivor the Engine
/m/717a699b,Ivy Queen
/m/91bdd4b0,Iwatetsu  
/m/63fa0298,Izaak Kolthoff
/m/0318b2cf,Izzy Stradlin  
/m/0de8d4bc,J. D. Salinger
/m/4330cf2f,J. Geils
/m/6b949e74,J. J. Cale 
/m/3a11ab78,J. Jonah Jameson
/m/df6a4422,J. Mascis  
/m/272df14d,J. R. D. Tata 
/m/cda62208,J. Robert Oppenheimer
/m/c7a71478,J.C. Watts  
/m/1d6fa19b,J.D. Blair
/m/6631e9f3,J.D. Salinger
/m/a7765713,J.J. Burnel 
/m/7f9d1ddd,J.J. French  of Rainbow and Twisted Sister
/m/c134b8ca,J.K. Rowling
/m/08ffa26a,J.R.R. Tolkien 
/m/ae06aaba,Jaap Van Praag
/m/e09fab40,Jabba the Hutt
/m/5dbc1a00,Jac Holzman
/m/0e659a3e,Jacen Solo
/m/f4814325,Jaci Velazquez
/m/3e571ede,Jack Abramoff
/m/34ebf2c9,Jack Albertson
/m/17659724,Jack Arnold
/m/463d1e60,Jack Bauer
/m/604ff9cf,Jack Bauer 
/m/5f3ee261,Jack Benny
/m/ced6bcc4,Jack Black
/m/619aa953,Jack Bruce 
/m/ebdbfc61,Jack Casady 
/m/fb6fa455,Jack Cohen
/m/9194e195,Jack Cohn
/m/fc4c1f8c,Jack DeJohnette
/m/72102c65,Jack Gilford
/m/bede3398,Jack Goldstein
/m/5100494e,Jack H. Jacobs
/m/f80e1b1c,Jack Johnson 
/m/14914ba3,Jack Kerouac
/m/5ace779e,Jack Kevorkian
/m/bb689ec4,Jack Kid Berg
/m/4dd53d0c,Jack Kirby
/m/ff1b099d,Jack Klugman
/m/e068fa57,Jack Lang
/m/e47170b7,Jack Larson
/m/e99a016d,Jack Lawrence 
/m/cda71a6d,Jack Lemmon
/m/e19f379d,Jack London
/m/ddedc10b,Jack McFarland
/m/75252cd1,Jack Mouse
/m/309dc898,Jack Nicholson
/m/fbfc9742,Jack Nicklaus
/m/034e7ce8,Jack Ruby
/m/2ee9a2ec,Jack Sparrow
/m/b07c455d,Jack Speciale
/m/5932a005,Jack Starr 
/m/1ee18516,Jack Steinberger
/m/db916171,Jack Straus
/m/a68b82cf,Jack Syperek 
/m/95488f90,Jack the Ripper
/m/efe154cf,Jack Tramiel
/m/466761d4,Jack Warner
/m/0bc086d2,Jack White  
/m/e098a326,Jack Yellen
/m/0a82b6b6,Jackie Chan
/m/706365a5,Jackie Collins
/m/48520af2,Jackie Cooper
/m/728ceeb5,Jackie Fox
/m/a7ab8d90,Jackie Fox 
/m/bd02c93a,Jackie Gayda 
/m/fd16311e,Jackie Joyner-Kersee
/m/5d2ddad2,Jackie Kallen
/m/d91d12fd,Jackie Mason
/m/2489a56a,Jackie Presser
/m/49ffa2d0,Jackie Robinson
/m/274ec8d5,Jackie Wilson
/m/4aac7c04,Jackson Browne  
/m/167c2b5e,Jackson Pollock
/m/9fb94aab,Jaclyn Smith
/m/0168542f,Jaco Pastorius 
/m/04b40273,Jacob A. Marinsky
/m/93213130,Jacob Abendana
/m/822b8098,Jacob Beck
/m/46e3f778,Jacob Bekenstein
/m/19c9f882,Jacob ben Asher
/m/960c87ec,Jacob Black
/m/ad2482f7,Jacob Druckman
/m/4744e20c,Jacob Emden
/m/5c06cbc2,Jacob Epstein
/m/c13e9d5c,Jacob Ettlinger
/m/c9ed0d83,Jacob Frank
/m/da958d39,Jacob Freedman
/m/3e1b4fb3,Jacob Fuerstenberg
/m/77f774af,Jacob H. Gilbert
/m/0ae7e4e5,Jacob Hecht
/m/bb5ee082,Jacob Henry Schiff
/m/84ce2729,Jacob Javits
/m/08f14bbc,Jacob Neusner
/m/e22f9a7c,Jacob Rabinow
/m/50217aad,Jacob Schiff
/m/f18de6bf,Jacob Sverdlov
/m/44a65708,Jacob Viner
/m/fde6e12d,Jacob Wolfowitz
/m/89434275,Jacobo Zabludovsky
/m/a7e36f7c,Jacqueline Kennedy Onasis
/m/14b9a2d0,Jacqueline Moore 
/m/d7704670,Jacqueline Susann
/m/dffeac21,Jacques Brautbar  
/m/a2b2e1d1,Jacques Brauthbar 
/m/de88bfa4,Jacques Derrida
/m/3d21ad07,Jacques Halevy
/m/3c75a2d9,Jacques Lipchitz
/m/4d0da179,Jacques Louis David
/m/69d5ab61,Jacques Offenbach
/m/f399cfca,Jacques Rivette
/m/6e2176de,Jade Puget  
/m/00adbbcf,Jah Wobble 
/m/4f2c841d,Jaileen Cintron
/m/cc19ae18,Jaimie Pressly
/m/eb877880,Jaina Solo
/m/e59304e9,Jake Burns  
/m/63841a8b,Jake Carey of The Flamingos
/m/0a9d98a0,Jake Cinninger  
/m/5d26e229,Jake E. Lee 
/m/7ceb49a4,Jake Guzik
/m/13dc7777,Jake Gyllenhaal
/m/6e77c727,Jake Ryan
/m/6368badb,Jake Wambold  
/m/af5337f8,Jakob Dylan  
/m/da9f623a,Jakob Moreno
/m/f2b0395f,"James ""JY"" Young  "
/m/86c06444,James Anton
/m/e1d48738,James Blunt
/m/62737f4b,James Bourne  
/m/8495e8e4,James Brown
/m/faf20bdf,James Burton  
/m/1fe93e83,James Caan
/m/1ea400c2,James Cash Penney  
/m/2ecda76c,James Caviezel
/m/9a862897,James Clerk Maxwell
/m/97f3d64e,James Dean
/m/fbb97b2d,James Dean Bradfield  
/m/e9d23b56,James Dewar 
/m/9602ae35,James Dobson
/m/5ed0ee53,James Doohan
/m/3faee9c9,James Earl Jones
/m/b9fe2e1d,James Franck
/m/9e14e111,James Franco
/m/0870b4e8,James Goldman
/m/18bb062e,James Gordon
/m/e3cfe121,James Grauerholz
/m/ce5ce548,James Grover Thurber
/m/88b7c803,James Gurley  
/m/32828422,James H. Wilkinson
/m/27903c98,James Hetfield
/m/ec11f9c9,James Hogan 
/m/4755d69a,James Holzier
/m/ac331f61,James Honeyman-Scott  
/m/c386f038,James Horner
/m/2de1d1c5,James Iha  
/m/548074a9,James Jamerson 
/m/6f82b5ae,James Johnston
/m/4aa33f31,James Joseph Sylvester
/m/c6ad8813,James Joyce
/m/8566d7c9,James Karen
/m/29e8f7d0,James L. Brooks
/m/f6808b72,James Lapine
/m/3cd4c72b,James Levine
/m/af1467d3,James Lipton
/m/d1c40470,James Lomenzo 
/m/7263a9e3,James MacDonough 
/m/2786ea16,James Marshall
/m/113de218,James McAvoy
/m/084ea61b,James McIlroy  
/m/8ee02c2e,James Mead  
/m/c00c86b5,James Meredith
/m/616f7b9a,James michael thompson 
/m/f5a43b17,James Morris
/m/fda59d1d,James Murphy  
/m/737f69dc,James Patterson
/m/fb22fb5c,James Potter
/m/03ce9140,James Root  
/m/8b819b60,James Russell Lowell
/m/6f0aa4c9,James Schlesinger
/m/571402b7,James Stevenson 
/m/b9165c23,James Stewart
/m/5bfa4141,James Taylor
/m/eb97a2bb,James Thurber
/m/10536b1a,James Toney
/m/854aa3c4,James W. Cooley
/m/215f1546,James Watt 
/m/963f9dc9,James Williamson
/m/b51830ea,James Wolfensohn
/m/29a77ca2,James Woods
/m/fcddd1fa,Jamey Haddad
/m/23199901,Jami Gertz
/m/e2f9ccb4,Jamie and the Magic Torch
/m/166d5e35,Jamie Arentzen  
/m/42785bec,Jamie Borden
/m/d2249f42,Jamie Cook  
/m/57673345,Jamie Foxx
/m/4e0ecf8d,Jamie Lee Curtis
/m/a65c1b1f,Jamie Lynn Spears
/m/f3f88dee,"Jamie Robinson, Switch Foot "
/m/c9f24e45,Jamie Stuck
/m/dfc61c9c,Jamie-Lynn DiScala
/m/894ba886,Jan Akkerman  
/m/4867568b,Jan Brzechwa
/m/1e463c72,Jan Dumée  
/m/b471b975,Jan Erik Tiwaz 
/m/86776b16,Jan Hammer
/m/cf379466,Jan Kuehnemund  
/m/5c31b077,Jan Lechon
/m/1ba11727,Jan Schakowsky
/m/9e70d4ad,Jandek 
/m/3af5e3fc,Jane Austen
/m/e8284ae2,Jane Bowles
/m/c44c9739,Jane Champion
/m/cbcfd7cf,Jane Clayson 
/m/309f6ffe,Jane Eaglen
/m/fdfa0afc,Jane Fonda
/m/bd637945,Jane Harman
/m/6826f951,Jane Ira Bloom
/m/4cdf812d,Jane Jetson
/m/003b6fc6,Jane Russell  
/m/faada61d,Jane Seymour
/m/63e62811,Jane Smiley
/m/3e924dee,Jane Wiedlin  
/m/0dd74a74,Jane's Addiction
/m/c7594f59,Janet A Napolitano
/m/c150b446,Janet Jackson 
/m/85f5477a,Janet Jagan
/m/be7553d5,Janet Lynn  
/m/96159953,Janet Margolin
/m/9f3e77a2,Janet Parshall 
/m/ebdec10b,Janet Reno
/m/d6f7642c,Janet Robin Precious Metal 
/m/057d06fb,Janet Suzman
/m/b263401f,Janet Weiss of Sleater-Kinney
/m/38929476,Jango Fett
/m/8e6d8924,Jani Liimatainen  
/m/16ba97d3,Janick Gers  
/m/5a1d35a1,Janis Ian
/m/1a1a652f,Janis Joplin
/m/2af3ba75,Janis Tanaka 
/m/17c91fbf,Jann Arden
/m/94605396,Janne Warman 
/m/ebcbd43b,Janos Starker
/m/0f8c7260,Janusz Korczak
/m/a4460be0,Jaqui Mc Millan
/m/c97bb555,Jared Demeter  
/m/6b1cfda7,Jared Diamond
/m/83595f44,Jared Followill 
/m/c28505fa,Jared Leto  
/m/901802fa,Jared Palomar 
/m/01f952da,Jared Warren 
/m/123378ea,Jaret Reddick  
/m/b182c42f,Jari Kainulainen 
/m/d849609a,Jaron Lanier
/m/5a2818ee,Jaron Lowenstein
/m/332a8ebe,Jarret Meyer
/m/9468ba4b,Jars of Clay
/m/eeefcce8,Jarvis
/m/e535062e,Jascha Heifetz
/m/812d84e8,Jasmine You 
/m/07792902,Jason Aldean  
/m/3a7da7f2,Jason Alexander
/m/822375e2,Jason Becker
/m/fc3275b0,Jason Bonham
/m/05b048f7,Jason Cropper  
/m/f5fb7bcf,Jason Everman 
/m/5f28891f,Jason Isaacs
/m/ef1f29fb,Jason James
/m/afa0b118,Jason Kay
/m/bfef7145,Jason Lezak
/m/4e780087,Jason McCaslin 
/m/2160e107,Jason Mraz  
/m/6ae8db11,Jason Newsted
/m/51d6f922,Jason Robert Brown
/m/3bd8b2ec,Jason Scheff 
/m/b6d283e1,Jason Schwartzman 
/m/ca977d4c,Jason Stollsteimer  
/m/4f9cf4b6,Jason Voorhees
/m/e044a438,Jason Wade  
/m/fe3944f3,Jason White  
/m/7540169b,Jason Wisdom 
/m/dc0cc254,Jasper
/m/efa684b4,Javed Iqbal
/m/2d0c1bd0,Javier Zanetti 
/m/3aad26f4,Jawa
/m/298beaa1,Jaws
/m/d749b05c,Jaxxon
/m/7fbaa6c1,Jay Adler
/m/7017968c,Jay and the Americans
/m/649b5d39,Jay Beckenstein
/m/e001c95b,Jay Bentley 
/m/7cc37d94,Jay Black 
/m/133224d7,Jay Chiat
/m/95e4b93f,Jay Chou 
/m/95d75392,Jay Demarcus 
/m/33115c1e,Jay Fielder
/m/1d184fc4,Jay Garrick
/m/325585b6,Jay Graydon 
/m/b8ac2b82,Jay Heimowitz
/m/91134221,Jay Jay French
/m/c64d9ce2,Jay Leno
/m/c64a2c31,Jay Levy
/m/28e69492,Jay Livingston
/m/32f7c853,Jay Roach
/m/f6ee31e7,Jay Schulberg
/m/e6678596,Jay Sebring
/m/70bb6da3,Jay Siegel of The Tokens
/m/50aabc76,Jay Terrien
/m/af9b6f05,Jay Z
/m/b20ba78f,Jaycee Chan 
/m/5838e9f4,Jayne Mansfield
/m/f5092dd0,Jeal Auel
/m/33cd40e2,Jean Cocteau
/m/43665436,Jean E. Sammet
/m/3f5e95ac,Jean Grey
/m/f51cf814,Jean Lafitte
/m/57290ace,Jean Mitry
/m/f0f54743,Jean Paul Fouchecourt
/m/9c6aa069,Jean Pierre Danel 
/m/1e01ff31,Jean Renoir
/m/a54820b3,Jean Sibelius 
/m/3662826e,Jean Vigo
/m/b171f79e,Jean-Claude Van Damme
/m/36a74e11,Jean-Luc Godard
/m/35707f0d,Jean-Marie Lustiger
/m/80f5866e,Jeanne Sagan 
/m/892a503d,Jeannie Berlin
/m/29a7c368,Jeannie Ortega
/m/19bc0a25,Jean-Pierre Aumont
/m/c195e535,Jean-Pierre Barda 
/m/f7acdb24,Jef Raskin
/m/5330b1b6,Jeff “The Dude” Lebowski 
/m/ff0a7bf8,Jeff Abercrombie 
/m/a7122b9e,Jeff Agoos
/m/3e38abd7,Jeff Ament 
/m/a5bf89d9,Jeff Barry
/m/f40163fe,Jeff Bass
/m/e21b1138,Jeff Beck
/m/07a393b7,Jeff Berlin
/m/688dadb3,Jeff Bridges
/m/10804d9b,Jeff Buckley 
/m/3cb5c01b,Jeff Catania  
/m/b6fd33ae,Jeff Chandler
/m/9c8a6f00,Jeff Chimenti 
/m/fcfa6b59,Jeff Cohen
/m/bb0abfbd,Jeff Cook  
/m/84d1ea15,Jeff Foxworthy  
/m/b424b3e2,Jeff Garlin
/m/c2a0b82c,Jeff Goldblum
/m/faa63cf0,Jeff Gordon
/m/c45bf964,Jeff Greenfield
/m/621abdb1,Jeff Halpern
/m/ad3bcd98,Jeff Hanneman  
/m/fbce1fda,Jeff Irwin 
/m/0dc385ac,Jeff Kendrick  
/m/4527c630,Jeff Lett 
/m/7f22f7ba,Jeff Linsky 
/m/91550f6d,Jeff Loomis  
/m/3e4da4d0,Jeff Lynne  
/m/8c05c2f2,Jeff Matz 
/m/f8b3c4cc,Jeff Pearce  
/m/859328ff,Jeff Pearce 
/m/16474b39,Jeff Pilson 
/m/81ca68d6,Jeff Pinkus 
/m/fd49c744,Jeff Salem
/m/8d005af2,Jeff Stinco  
/m/d36dbbbb,Jeff Williams
/m/13d55b4f,Jeff Young  
/m/711e55e2,Jefferson Airplane
/m/19b271db,Jeffery Archer
/m/5d1158f0,Jeffery Kramer
/m/de844c58,Jeffrey Archer
/m/c8c0bd20,Jeffrey D. Ullman
/m/02faf29c,Jeffrey Dahmer
/m/0be098e7,Jeffrey Hammond-Hammond 
/m/cc4ae17a,Jeffrey Katzenberg
/m/30ba41de,Jeffrey Mogil
/m/d6eb3faa,Jeffrey Nathan
/m/457f792b,Jeffrey Sachs
/m/d7bf1f74,Jeffrey Schoenberg
/m/b2832534,Jeffrey Steele 
/m/aba4fbd5,Jeffrey Tambor
/m/d78d70ca,Jeffrey Walker 
/m/247b768e,Jek Porkins
/m/255fd5dd,Jemaine Clement 
/m/fef8752b,Jen Yu 
/m/e4fea510,Jenna Dewan
/m/8c16d8d8,Jennifer Aniston
/m/fa9a19e9,Jennifer Arroyo 
/m/23c0ed70,Jennifer Batten 
/m/9d22c141,Jennifer Connelly
/m/4898086d,Jennifer Garner
/m/39bd5c1c,Jennifer Grey
/m/46a4eb37,Jennifer Hawkins
/m/c7c50639,Jennifer Jason Leigh
/m/99059f4b,Jennifer Larmore
/m/e41c2d43,Jennifer Lopez
/m/02dc03df,Jennifer Love Hewitt
/m/abeb3846,Jennifer O'Neil  
/m/96445b5f,Jennifer Parker
/m/ab7c0414,Jenny Joseph
/m/57b1fd78,Jenny McCarthy
/m/433e7150,Jenny Saffran
/m/960a2208,Jenny Thompson
/m/67b0521f,Jens Johansen 
/m/29b092dc,Jens Lehman
/m/592c5425,Jeoff Kinde
/m/d8587ccb,Jeordie White 
/m/57ba1bec,Jerec
/m/4f182df8,Jeremy Boorda
/m/1170b7f4,Jeremy Camp 
/m/5e22ceb1,Jeremy Castle
/m/db6708d1,Jeremy Davis 
/m/4a97c6d1,Jeremy Dyson
/m/c684809a,Jeremy Glick
/m/69b34380,Jeremy Guns 
/m/ac561df0,Jeremy Leven
/m/413b5a1d,Jeremy Marshall 
/m/a8e2a2fe,Jeremy Michael Boorda
/m/dc2fca92,Jeremy Paul Kagan
/m/342685e6,Jeremy Piven
/m/d00b6627,Jeremy Sumpter
/m/4618e920,Jeremy Taggart 
/m/c072de5f,Jermaine Jackson 
/m/efd01813,Jeroboam
/m/a71e51ad,Jeroen Krabbe
/m/d2f26665,Jeroen van Veen 
/m/df73eb03,Jerome Brailey
/m/3ed04536,Jerome Bruner
/m/5627302c,Jerome Dillon
/m/c0d0a13a,Jerome Fontamillas  
/m/6be9fe3f,Jerome Friedman
/m/db933089,Jerome Horwitz
/m/35aa7ea6,Jerome Howard
/m/499a5521,Jerome Isaac Friedman
/m/6a550777,Jerome Kagan
/m/612949fc,Jerome Karle
/m/32885c25,Jerome Kern
/m/8b8c2335,Jerome Lawrence
/m/7c406992,Jerome Lyle Rappaport
/m/f207e73a,Jerome Robbins
/m/73d82d22,Jerome Rothenberg
/m/14ea8629,Jerome Saganovich
/m/13d0ab06,Jerome Siegel
/m/2cc2281b,Jerome Y Lettvin
/m/8463fbb8,Jerrold Nadler
/m/d88cb77f,Jerry (Tom&Jerry)
/m/52e45256,Jerry A. Hausman
/m/cf947199,Jerry Bock
/m/55b7fd84,Jerry Brown
/m/ab7d5fed,Jerry Bruckheimer
/m/7fde9374,Jerry Brudos:
/m/16af12a6,Jerry Butler
/m/20f21be9,Jerry Cantrell  
/m/d3df38d4,Jerry Colangelo
/m/b791abd7,Jerry Dixon 
/m/78f46c1a,Jerry Douglas 
/m/1f2ec88d,Jerry E. Abramson
/m/549a5789,Jerry Fallwell
/m/5269378d,Jerry Fodor
/m/8f8b4428,Jerry Galloway
/m/3bf2aa64,Jerry Garcia  
/m/d891b42f,Jerry Goldsmith
/m/e52cad94,Jerry Greenfield
/m/5977d670,Jerry Herman
/m/c88cb971,Jerry Horton  
/m/9b61bee7,Jerry Jemmott
/m/238d777c,Jerry Lawler
/m/5ebe447d,Jerry Leiber 
/m/65aec89d,Jerry Lewis
/m/e9d39ca1,Jerry Maguire 
/m/0f89ec07,Jerry Marotta
/m/984b836e,Jerry Mather
/m/e98e1e66,Jerry Molen  
/m/fbb81a0e,Jerry Only 
/m/2086a74a,Jerry Orbach
/m/a40a59b2,Jerry Reinsdorf
/m/b639b6e0,Jerry Rice
/m/c92622af,Jerry Ross
/m/950fd43c,Jerry Rubin
/m/03f627a3,Jerry Sadowitz
/m/299e0821,Jerry Schatzberg
/m/6a91cc7d,Jerry Scheff 
/m/a5858d7d,Jerry Seinfeld
/m/e045df32,Jerry Sheindlin
/m/0e303631,Jerry Springer
/m/37b9fbd0,Jerry Steinholtz
/m/6facab9e,Jerry Stiller
/m/1e5acd65,Jerry Tokofsky
/m/c294b5d2,Jerry Weiss 
/m/5a8e0191,Jerry West
/m/668a8e9b,Jerry Wexler
/m/06003d94,Jerry Yang
/m/2accbf9f,Jerry Zucker
/m/90817508,JerryC 
/m/e10739c7,Jerzy Kosinsky
/m/6b6b1058,Jesper Strömblad 
/m/cc75200d,Jesse Colburn  
/m/9b20ebca,Jesse Douglas
/m/d5cb2ff9,Jesse Ed Davis 
/m/7676b674,Jesse Eisenberg
/m/49cab4d1,Jesse F. Keeler 
/m/901f4c6a,Jesse Hughes  
/m/5f56dccb,Jesse Jackson
/m/e20ef334,Jesse L. Lasky
/m/b0d2ce4a,Jesse McCartney
/m/345305d6,Jesse Metcalfe
/m/dbeb10e4,Jesse Michaels  
/m/412d444a,Jesse Owens 
/m/5516a1aa,Jesse Peretz 
/m/0efda072,Jesse Quin 
/m/6f64440c,Jesse Romero 
/m/778c4a33,Jesse Ventura
/m/1257c61e,Jessica Alba
/m/68c8736b,Jessica Biel
/m/3c1ff092,Jessica Callahan
/m/a16c7f34,Jessica Harp 
/m/da1bb39f,Jessica Savitch
/m/334d6935,Jessica Simpson
/m/36a8f8ab,Jessica Walter
/m/c2ff9b83,Jessie McCartney
/m/dae5b0db,Jesus Christ
/m/2800e6fe,Jet Black
/m/a26c08a5,Jet Harris 
/m/7f44acc6,Jethro
/m/25b11183,Ji Sung Park 
/m/6f4b696a,Jill Clayburgh
/m/02c44cea,Jill Matthews
/m/1688be63,Jill Sobule
/m/17b69a12,Jill St. John
/m/24d8da32,Jillian Hall
/m/887f7641,"Jim ""Reverend Horton"" Heath "
/m/2af122d6,Jim Abrahams
/m/84b7921a,Jim Adkins  
/m/70276275,Jim BakkerGary Bauer
/m/831e34e3,Jim Belushi
/m/27e81e92,Jim Black
/m/9fdf8440,Jim Brown
/m/67adca3c,Jim Carl Black
/m/3290dd21,Jim Carrey
/m/164812c7,Jim Chapin
/m/481da22a,Jim Clench 
/m/3d3d9b19,Jim Corr  
/m/27210468,Jim Creeggan 
/m/fbdd60af,Jim Croce
/m/f09a21b8,Jim Dine
/m/cf23e5a8,Jim Donovan
/m/128e881a,Jim Elliot
/m/a5d6b13f,Jim Fielder 
/m/f6efca9b,Jim Irwin 
/m/a7a32ccd,Jim Jarmusch
/m/ebfb6922,Jim Jones
/m/dec6f9ed,Jim Martin  
/m/61ce9033,Jim Mc Grath
/m/4e7eb2e8,Jim McMahon
/m/fca6b33f,Jim Morrison
/m/e4670aba,Jim O'Rourke 
/m/68385d12,Jim Payne
/m/a76e0159,Jim Reeves
/m/5ffd16f3,Jim Richardson 
/m/d41ea5e5,Jim Rodford 
/m/7113d456,Jim Ross
/m/98638430,Jim Shapiro
/m/c6fa07bd,Jim Steinman
/m/3ce546e5,Jim Wales
/m/76e3d982,Jim Webb
/m/3845f2a6,Jimi Goodwin 
/m/24267f30,Jimi Hendrix
/m/4d7c5953,Jimmie Johnson
/m/78405858,Jimmie Randall 
/m/a33f8f55,Jimmie Vaughan 
/m/1ab9d9a8,Jimmy Buffet
/m/41a92038,Jimmy C
/m/1e90118e,Jimmy Carter
/m/18191611,Jimmy Chamberlin
/m/2fd2aeaa,Jimmy Cliff
/m/4842a98f,Jimmy Conners
/m/100acf73,Jimmy Corrigan 
/m/a97fbaed,Jimmy De Grasso
/m/bd8b3e09,Jimmy Greenspoon 
/m/815130f4,Jimmy Haslip 
/m/101e0cdf,Jimmy Hughes 
/m/4c1b7005,Jimmy Jacobs
/m/9c0c65d2,Jimmy Johnson
/m/10b87b3e,Jimmy Lea 
/m/8448d90d,Jimmy Lyon  
/m/3455f6b3,Jimmy McCulloch 
/m/49ca7ea2,Jimmy Mouton
/m/dc1d1477,Jimmy Olsen
/m/f8082c88,Jimmy Page
/m/ea22bd2f,Jimmy Superfly Snuka
/m/5fb54527,Jimmy Webb
/m/6d9baeea,Jin 
/m/094091d4,Jin Yong
/m/80349064,Jiraiya 
/m/325b16c4,Jiro 
/m/6efdf0de,Jo Bench 
/m/3dfcdb97,Jo Callis  
/m/03e68f47,Jo Davidson
/m/14497f3b,Jo Jo Mayer
/m/0946ea67,Joan Baez
/m/ab373417,Joan Benoit
/m/79dc130f,Joan Collins
/m/9bd61ba2,Joan Jett 
/m/7b8e5dd2,Joan Macklin Silver
/m/19ba425a,Joan of Arc
/m/4c129e45,Joan Osborne
/m/3e823103,Joan Rivers
/m/ea496fc5,Joanie Laurer 
/m/8af78956,Joanna Pacitti
/m/3e6976aa,Joaquin Phoenix
/m/ea77a346,Joaquin Rodrigo
/m/27d0582b,Jochebed
/m/0ba3b15d,Jochen Kowalski
/m/1d577d3a,Jodie Foster
/m/603c72e9,Jodie Sweetin
/m/dd4822e9,Jody Benson 
/m/b4ebd7bc,Jody Porter  
/m/fc2ec611,Joe Anikewich
/m/a84a1ec5,Joe Ascione
/m/f8b4bc21,Joe B. Mauldin 
/m/36845e90,Joe Beck 
/m/fc2a5c0b,Joe Bergamini
/m/fe29d24d,Joe Berinson
/m/b1d38bff,Joe Besser
/m/abfba24f,Joe Biden
/m/2028c17d,Joe Bob Briggs
/m/8be829df,Joe Bonamossa
/m/32a6ef60,Joe Bouchard 
/m/8a570b45,Joe Camel 
/m/f6010d97,Joe Carter  
/m/40c57a74,Joe Choynski
/m/a698a1e4,Joe Cocker
/m/53ce47bf,Joe Conason
/m/c5f54311,Joe Dassin
/m/34f17a43,Joe Diffie
/m/b31652fd,Joe Fraiser
/m/4d553e2f,Joe Frank
/m/83f051ee,Joe Frusciante
/m/3c5c65df,Joe Gibbs  
/m/81d4f4ad,Joe Gittleman
/m/6d4386b7,Joe Haldeman
/m/2fddc228,Joe Klein
/m/faedc2c5,Joe Kubert
/m/1f74a08a,Joe Lally 
/m/068af460,Joe Lieberman
/m/7e5d2eee,Joe Loeffler 
/m/edb7f66f,Joe Long  
/m/b65dd2d4,Joe Louis
/m/b420b14e,Joe May
/m/a0a348a2,Joe McDonald
/m/e75164e8,Joe Montana
/m/1b4f1baf,Joe Morris
/m/fcde1498,Joe Namath 
/m/aff21f86,Joe Negri 
/m/cf8bdae5,Joe Nichols
/m/5befbd81,Joe Pass 
/m/6680923d,Joe Pasternak
/m/93847884,Joe Payne 
/m/706f72d3,Joe Perry
/m/64802bc2,Joe Porcaro
/m/ea17ddcb,Joe Preston 
/m/90c9eda0,Joe Principe 
/m/a1a80536,Joe Puerta 
/m/4a8ca66a,Joe Rosenthal
/m/4c5cd5a7,Joe Satriani
/m/845d32ea,Joe Shuster
/m/f0e567f2,Joe Simon
/m/d07425a8,Joe Slovo
/m/2eba6777,Joe Smyth 
/m/18589f8f,Joe Strummer  
/m/00b4b05f,Joe Stump 
/m/608815fd,Joe Walsh  
/m/da1057b8,Joe Walsh 
/m/520a9e16,Joe Wilson
/m/424fc06f,Joel Benjamin
/m/11841df3,Joel Berryhill
/m/96357a4f,Joel Coen
/m/d6c0ac8a,Joel Engel
/m/6e7388b5,Joel Gertner
/m/eae39ff5,Joel Grey 
/m/7e33d249,Joel Hanson  
/m/772234f1,Joel Hirschhorn
/m/85e0ecb1,Joel Litwin
/m/e5231e23,Joel Rosenblatt
/m/a34e5905,Joel Roth
/m/fb010b27,Joel Schumacher
/m/14cf2704,Joel Sherman
/m/6bc9b92d,Joel Siegel
/m/68a5e8c8,Joel Silver
/m/ec975af2,Joel Spingarn
/m/4e8a8ab9,Joel Stein
/m/1b935340,Joel Steinberg
/m/77528c11,Joel Stroetzel  
/m/93962f8c,Joel Taylor
/m/696e0a8e,Joel Teitelbaum
/m/35b1222e,Joey Baron
/m/463e2d2c,Joey Bishop
/m/af94fe75,Joey Campbell
/m/884eacec,Joey Cape  
/m/d84522cc,Joey Clement 
/m/56f548ed,Joey Cornblit
/m/3e60124d,Joey DeMaio 
/m/edd75d90,Joey Heredia
/m/e8ab9894,Joey Kramer of Aerosmith
/m/7255af39,Joey Pucci
/m/eb23283b,Joey Ramone
/m/8e6db580,Joey Santiago  
/m/5ad3f73d,Joey Spampinato 
/m/c9c7f09a,Johan Blomqvist 
/m/b0b71204,Johan Helsingius
/m/b219c0b8,Johan Liebert  
/m/147fa72a,Johan Niemann 
/m/74370188,Johan van Stratum 
/m/950c2aa2,Johann Jacoby
/m/d371523f,Johann Lowenthal
/m/86b1e335,Johann Sebastian Bach
/m/86b1e335,Johann Sebastian Bach
/m/cdeef6a3,Johann Strauss
/m/a6e0fb30,Johann Strauss II
/m/dcf4b4cc,Johannes Brahms 
/m/16ea6a66,"Johannes Vermeer , Dutch Painter"
/m/8e8d86d4,Johannes Zuckertort
/m/b6a8ce01,John 5  
/m/4a05f18f,John Abercrombie 
/m/615f8a26,John Ashcroft
/m/ca27e58e,John Avila 
/m/c0f7b860,John Backus
/m/5df143d6,John Bahcall
/m/5ff900af,John Banner
/m/f4daba7f,John Belushi
/m/12741949,John Berry  
/m/7888ef28,John Bishop
/m/9083ef1f,John Blackburn 
/m/2c76ad63,John Blackwell
/m/275dad4b,John Bonham
/m/d4f85b49,John Butler  
/m/6436b9a5,John Cale 
/m/095429c0,John Campbell 
/m/695ee45f,John Candy
/m/84bf6f3f,John Cardoso
/m/6b3a1568,John Cassavetes
/m/107f995b,John Cena
/m/1ea06907,John Christ  
/m/f5446b0e,John Cipollina  
/m/d55abc1f,John Collins  
/m/e9a74fcb,John Collura  
/m/21e01dfa,John Cooper 
/m/c4a8b4a2,John Corabi  
/m/1af80326,John Cougar
/m/ec019760,John Curulewski  
/m/04137b71,John D. Rockefeller 
/m/5e02c293,John Dalton 
/m/93b3ca78,John Deacon 
/m/95bb1302,John Dean
/m/5f280715,John DeServio 
/m/40177dec,John Dette
/m/80c82066,John Deutsch
/m/87cee5be,John Doe 
/m/50e2ed38,John Dos Passos
/m/ecae29ca,John Draper
/m/f8e55985,John Edwards
/m/a06ff3e0,John Elefante 
/m/46c0ef59,John Elway 
/m/da961f33,John Entwistle 
/m/4b2c9151,John Evan 
/m/d82ce596,John F. Kennedy
/m/637ababe,John Fahnestock 
/m/b5bf336b,John Fiedler
/m/caf1b4f4,John Flansburgh  
/m/6ab34e14,John Fogerty  
/m/6812714b,John Ford
/m/e6e7ce04,John Forsythe
/m/bc898d42,John Frankenheimer
/m/d01b7f04,John Frusciante  
/m/e6bc66ed,John G Roberts Jr.
/m/f86472cc,John Garfield
/m/aa9eef50,John Giblin 
/m/8f32dc9c,John Glascock 
/m/8d962c6e,John Glenn
/m/060cfce1,John Grisham
/m/01b2e218,John Haggee
/m/866758e6,John Harsanyi
/m/4417865a,John Hassall 
/m/64fb03b3,John Hertz
/m/29d5393c,John Hiatt
/m/5d0a9eb6,John Houseman
/m/8dd4cb1d,John Huston
/m/5cdd0714,John Hyrcanus I
/m/43f5adb4,John Illsley 
/m/b02c46b4,John Johnson  
/m/084e9739,John Jorgenson 
/m/4f5c5e69,John Kahn 
/m/47161138,John Kander
/m/14ff774a,John Katz
/m/3d8e7c97,John Kay  
/m/ed71b33b,John Keats
/m/b1c55f92,John Kemeny
/m/c28bdfdf,John Kerr
/m/a06a8e75,John Kerry
/m/2fd04478,John L. Levitow
/m/117c6089,John Landis
/m/44a4eabb,John Lautner
/m/5aa8fdc2,John Lawler  
/m/b823f608,John Le Carre
/m/37ed7c8e,John LeCompt 
/m/fb6f9f25,John Lee Hooker
/m/1a6d0973,John Legend
/m/fcb9684b,John Lennon
/m/ee5fd363,John Levén 
/m/22990785,John Lewis
/m/c7808e09,John Lilley  
/m/b3419c92,John Locke 
/m/2148c309,John Lodge 
/m/eb71afc0,John Logie Baird 
/m/1422f49c,John Lowery  
/m/46e2fea2,John M. Deutch
/m/760f8142,John Macaluso
/m/ffd480b3,John Madden
/m/a61d2d51,John Malkovich
/m/12745186,John Mark Ainsley
/m/4268e741,John Martyn 
/m/78e850cf,John Maurer 
/m/997a09e6,John Mayall
/m/424af734,John Mayer
/m/32c45dab,John McCain
/m/280d7dc6,John McCarthy
/m/1352c92c,John McEnroe 
/m/1fbb509d,John McFee  
/m/c9de1ad4,John McGeoch  
/m/5ad806e8,John Mclaughlin
/m/dff6d92d,John McLaughlin 
/m/a091e22d,John McVie 
/m/6b90b7f5,John Melleancamp
/m/df326290,John Milton
/m/c5f2f6e5,John Mole 
/m/99a4cdf4,John Monash
/m/03822621,John Monte 
/m/2e3f05fd,John Moyer 
/m/7dc9b78d,John Munson 
/m/8d0243f0,John Myung 
/m/9a96a51c,John Norman Collins
/m/7c809c5b,John Norum  
/m/84fba7be,John Norwood Fisher 
/m/513fd3f8,John O.Reilly
/m/30e99191,John Oates  
/m/d0139b1b,John Ordroneaux
/m/3818b2dd,John Patitucci 
/m/5a0ae872,John Paul Jones
/m/f399c7b4,John Paul Stevens
/m/4ad4dd8a,John Perry Barlow
/m/5fd1d4fc,John Petrucci
/m/6a401f23,John Podhoretz
/m/ae2ab497,John Ramsay
/m/3b6e122a,John Renbourn 
/m/646e8f05,John 'Rhino' Edwards 
/m/eff38618,John Rich
/m/06caf967,John Rostill 
/m/5508b367,John Rzeznik  
/m/b90fea5c,John Safran
/m/fdb14099,John Schlesinger
/m/38bd6773,John Schneider
/m/09f8255b,John Schneider 
/m/6632c78d,John Schwarz
/m/89d5cb87,John Simmons
/m/8b6b0f71,John Sloboda
/m/8b0cbb08,John Smoltz  
/m/e3f4ae6a,John Spencer
/m/05906fac,John Spiker 
/m/d8f95339,John Squire  
/m/b15af1ba,John Stanley
/m/c84daf67,John Steinbeck
/m/7320b9d9,John Stewart  
/m/6d2d3226,John Stockton
/m/13e5c6f4,John Sununu
/m/0e9c4174,John Sykes  
/m/c7b9fe4b,John Taylor  
/m/4812ba70,John Tesh  
/m/9bd04b52,John the Baptist
/m/a7ef463a,John Travolta
/m/bdd2315c,John Traynor 
/m/ec868a85,John Tropea 
/m/ba67367b,John Turnbull  
/m/44943b74,John Verity  
/m/bc3c340c,John von Neumann
/m/d69d261d,John W. Tukey
/m/6edf36c3,John Warne 
/m/f01ec21e,John Wayne
/m/fd4ae273,John Wayne Gacy
/m/38f20d4e,John Wesley
/m/6e078557,John Wetton 
/m/eab7b6a9,John Williams 
/m/7a38fde1,John Woo  
/m/4092d4c8,John Zorn
/m/bf6095bf,Johnette Napolitano 
/m/dc1b3ba6,Johnny Bee Badanjek
/m/40693e13,Johnny Bravo
/m/943caa29,Johnny Carson
/m/0bc73567,Johnny Carter of The Flamingos
/m/edefbe93,Johnny Cash
/m/b2d59ad4,Johnny Cashbox 
/m/f1a34f04,Johnny Christ 
/m/4349c1f7,Johnny Clegg
/m/4d7c2bff,Johnny Colt 
/m/849d3e6e,Johnny Depp 
/m/1b0be8e1,Johnny Goudie  
/m/e067dba8,Johnny Griparic 
/m/bf512e32,Johnny Hart 
/m/cae3e482,Johnny Knoxville
/m/4e3e0bf0,Johnny Lee Middleton 
/m/594b140b,Johnny Mandel
/m/b743bf1d,Johnny Marks
/m/4dbbfb1e,Johnny Marr  
/m/1c09666d,Johnny Nitro
/m/850f3fff,Johnny O.
/m/6ea13348,Johnny Quest
/m/00f0a6b4,Johnny Ramone
/m/58ac2e69,Johnny Rod 
/m/a9e4f71a,Johnny Rzeznik  
/m/3c21d1c9,Johnny Thunders  
/m/52ab1538,Johnny Viadacovich
/m/0b6bcc99,Johnny Whitaker 
/m/681fdc0b,Johnny Winter
/m/c72d2f3e,"Johnson, Gregory H."
/m/f1ac04f4,Jojo
/m/e5531804,Joker
/m/3ac415bd,Jol Dantzig  
/m/698be290,Jola Sigismond
/m/69dc200e,Jon Belcher
/m/cec92480,Jon Bon Jovi 
/m/adc86204,Jon Carin 
/m/7824675a,Jon Carroll
/m/e7ab29d1,Jon Favreau
/m/792e6655,Jon Finn  
/m/b7044614,Jon Fishman of Phish
/m/ba4e998b,Jon Foreman  
/m/8707c86a,Jon Gallant 
/m/fee96095,Jon Katz
/m/aaa6b9a4,Jon Knox
/m/9caca763,Jon Lech Johansen
/m/a11efb36,Jon Lord 
/m/ba61d4fa,Jon Lovitz
/m/17c762bf,Jon Mattox
/m/87ae9e75,Jon Moss of Culture Club
/m/0b57e7a8,Jon Robin Baitz
/m/fafb0e1b,Jon Schaffer  
/m/862cf572,Jon Schneck  
/m/abbcaa5d,Jon Siebels  
/m/ffbcce22,Jon Stewart
/m/a542035c,Jón Þor Birgisson
/m/e75eff36,Jon Turteltaub
/m/f4833236,Jon Voight
/m/9228f65d,Jon Walker 
/m/346a62ba,Jon Woronoff
/m/ae8989a8,Jonah
/m/c76f41b6,Jonah Goldberg
/m/b320f3fa,Jonas Björler 
/m/affcf389,Jonas Hellborg 
/m/20ddfdb7,Jonas Kaufmann
/m/e5230613,Jonas Renkse 
/m/eb7a140e,Jonas Salk
/m/a43b2879,Jonathan Ahdout
/m/6869b338,Jonathan Ames
/m/49320f29,Jonathan Butler 
/m/a5bc4406,Jonathan Cain 
/m/f13b941e,Jonathan Coachman
/m/08f61e13,Jonathan Dowling
/m/78bc8725,Jonathan Franzen
/m/557311b8,Jonathan Harris
/m/9ce38631,Jonathan James
/m/a3f22683,Jonathan Joestar
/m/35551eac,Jonathan Kaye
/m/376d9cce,Jonathan Kellerman
/m/5743c0b7,Jonathan Kozol
/m/1a52b890,Jonathan Larson
/m/1c6b6422,Jonathan Lipnicki
/m/4bafb38c,Jonathan Miller
/m/88026636,Jonathan Mover
/m/89710e6e,Jonathan Noyce 
/m/736584ec,Jonathan Pollard
/m/f580268f,Jonathan Richman
/m/c2d2c104,Jonathan Sachs
/m/811bfecf,Jonathan Safran Foer
/m/846b0430,Jonathan Silverman
/m/42675c16,Joni Eareckson Tada 
/m/f82a2120,Joni Mitchell
/m/c1a6878e,Jonny Buckland  
/m/b74f65f8,Jonny Greenwood  
/m/4cb015c8,Jonny Wickersham  
/m/9c7a3d02,Jools Holland 
/m/65b49387,Jordan Pruitt
/m/da67085c,Jordan Rudess
/m/b06be45c,Jordan Rudess 
/m/fd29c5ef,Jordin Sparks 
/m/4f38bd2e,Jörg Fischer  
/m/2fe3b9a4,Jorge Luis Borges
/m/ba5122a6,Jorge Porcel
/m/831813f1,Jorge Sampaio
/m/e5a1679f,Jorie Graham
/m/1b7b04f0,Jorma Kaukonen  
/m/26543889,Joruus C'baoth
/m/0072c558,Jose Carioca
/m/7cf2a3aa,Jose Cura
/m/9751cdb9,Jose Feliciano
/m/616dfccd,Jose Luis Rodriguez Gonzolez
/m/47342253,Josef Nassy
/m/a9159754,Josef Ratzinger
/m/46d06e5c,Josef Von Sternberg
/m/004f7502,Joseph Albo
/m/10c1a55d,Joseph Anh Cao
/m/bd7cc0a7,Joseph Brodsky
/m/0891691b,Joseph Caro
/m/31f632b4,Joseph Chaikin
/m/1099fcd5,Joseph Erlanger
/m/9d3d8d62,Joseph Friedman
/m/684c173e,Joseph Gerber
/m/3f4d5751,Joseph Gordon-Levitt
/m/f7d9df45,Joseph Greenberg
/m/1e72e144,Joseph Haydn 
/m/f4643f5b,Joseph Heller
/m/59ac6b95,Joseph Isaac Schneersohn
/m/174314c7,Joseph Jacobs
/m/e72369cc,Joseph Joestar 
/m/1b2cea77,Joseph Klausner
/m/8af304c0,Joseph Kruskal
/m/aaafd076,Joseph L. Goldstein
/m/e898c59a,Joseph L. Mankiewicz
/m/f54ffd59,Joseph Lelyveld
/m/7343a5ee,Joseph Lieberman
/m/2c9110c9,Joseph Mankiewicz
/m/104fa06a,Joseph Milligan  
/m/5829669b,Joseph Plateau
/m/bf815ee7,Joseph Prushinowski
/m/0c21cfe0,Joseph Pulitzer
/m/8bb436c0,Joseph Ratzinger
/m/8dc7b842,Joseph Schenck
/m/a7cea40f,Joseph Schildkraut
/m/2e090735,Joseph Schmidt
/m/9c78871f,Joseph Simon
/m/b8fa7d62,Joseph Soloveitchik
/m/56da84b7,Joseph Stiglitz
/m/0c9f7220,Joseph Trohman  
/m/ff17ce7d,Joseph Trumpeldor
/m/ed238b38,Joseph Weizenbaum
/m/35d67b75,Joseph Wolpe
/m/f1c1e1fe,Josephine Baker
/m/5db42dcb,Josephine Brawley Hughes
/m/be905152,Josephine Earp
/m/b661c75c,Josephus
/m/789c5832,Josh Ansley 
/m/1af2647e,Josh Charles
/m/a705f9e9,Josh Cunningham  
/m/ff86cead,Josh Dies  
/m/90ef10a1,Josh Farro  
/m/d1dd231b,Josh Groban
/m/d300d4be,Josh Hartnett
/m/cc83b328,Josh Holloway
/m/2e8c8774,Josh McDowell
/m/9a2279c5,Josh Mostel
/m/17f0c271,Josh Schwartz
/m/90a0fd3e,Josh Silver
/m/38cdc58f,Josh Turner
/m/85b10348,Joshua
/m/17592a8e,Joshua A. Norton
/m/a9df9045,Joshua Bell
/m/f4193264,Joshua Bolten
/m/213e4077,Joshua Fishman
/m/8e708e21,Joshua Homme  
/m/4014e419,Joshua L. Balboa  
/m/1498331d,Joshua Lederberg
/m/fc117c62,Joshua Lionel Cowen
/m/1515cd72,Joshua Malina
/m/1f300a40,Joshua Micah Marshall
/m/32295469,Joshua Redman
/m/b81f03c4,Joshua Reynolds
/m/a4634b29,Joshua Schachter
/m/6fc47b5d,Josquin Des Prez 
/m/d6c654e1,Josuke Higashikata
/m/f2f54e9a,Jotaro Kujo
/m/ab02c825,Joyce DiDonato
/m/4536acd6,Joyce Maynard
/m/d7fa9132,Jozef Israels
/m/89b7a3fe,Juan Alderete 
/m/c6f8403c,Juan Calleros 
/m/190f7b90,Juan Corona
/m/76de9bc2,Juan Croucier 
/m/6fc75d01,Juan Diego Florez
/m/cf7cfc4d,Juan Garcia-Herreros
/m/20faeba1,Juanes 
/m/e0636e17,Juca Chaves
/m/4d5e0429,Judah Benjamin
/m/f2950fb4,Judah Folkman
/m/e269cb7e,Judah haNasi
/m/f6fa0d47,Judah ha-Nasi
/m/bf662f58,Judah Leob Gordon
/m/380c7592,Judah Low ben Bezalel
/m/743ce1c9,Judah Magnes
/m/dc604c98,Judah Monis
/m/cbdea90d,Judah P. Benjamin Senator
/m/b26b1afe,Judah the Maccabee
/m/2402a904,Judah Touro
/m/dc7aec91,Judd Hirsch
/m/ec320c1b,Judd Nelson
/m/d69a800d,Jude Law
/m/f2bd7835,Judea Pearl
/m/3f9ee719,Judge Dredd
/m/94350b60,Judge Judy
/m/5d643322,Judge Reinhold 
/m/8a143ba8,Judge Wapner
/m/61550a89,Judi Bari
/m/248f7ea0,Judit Polgar
/m/215100b8,Judith
/m/c15431bf,Judith A. Resnik
/m/65336e1b,Judith Butler
/m/1f401942,Judith Godreche
/m/ce7355f1,Judith Jarvis Thomson
/m/354bdd76,Judith Krantz
/m/fd42e8ca,Judith Leiber
/m/dfd84d9e,Judith Light
/m/94c65904,Judith Malina
/m/396fb5b7,Judith Miller
/m/b3c25eb5,Judith Polgar
/m/4af0b57a,Judith Sheindlin
/m/48d2a673,Judith Steinberg Dean
/m/a956b399,Judy Blume
/m/b4b8cbc9,Judy Chicago
/m/0087546b,Judy Chu
/m/e015036d,Judy Garland
/m/e16200d4,Judy Holliday
/m/a56feaa9,Judy Kaye
/m/9208165b,Judy Kuhn
/m/b170ffca,Jughead
/m/0466908a,Jughead Jones
/m/d24692b9,Ju-ken 
/m/2a47912f,Jule Gregory Charney
/m/af978ece,Jule Styne
/m/6aaf0715,Jules Dassin
/m/8231f845,Jules Feiffer
/m/a291a8f8,Jules Harlow
/m/fdef78e5,Jules Hodgson  
/m/34cce5c3,Jules Massenet  
/m/28017f77,Jules Pascin
/m/0bfc88c8,Jules Winnfield
/m/26215717,Julia Child
/m/ced5781f,Julia Roberts
/m/3f17d25a,Julian  Stryjkowski 
/m/bc22da28,Julian Beck
/m/32a02b97,Julian Bream 
/m/c6375dac,Julian Casablancas
/m/b120b797,Julian Lennon
/m/0dbe03ca,Julian Mandrake
/m/1c330fa9,Julian Rotter
/m/440c9aa9,Julian Schnabel
/m/718c733c,Julian Schwinger
/m/e85b21da,Julian Tuwim
/m/71895003,Juliana Marguiles
/m/82036381,Julianna Margulies
/m/8dbcee13,Julie Andrews
/m/ee2e47d5,Julie Kavner
/m/4724850a,Julie Taymor
/m/c0b4ff9f,Juliet Landau
/m/5bf3f050,Julius and Ethel Rosenberg
/m/5593d4a2,Julius Axelrod
/m/449cd9b2,Julius L. Meier
/m/0ee86eda,Julius Lester
/m/f5251a3f,Julius Lilienfeld
/m/b0c951d0,Julius O. Adler
/m/3aa7a477,Julius Rosenberg
/m/61618b0b,Julius Rosenwald
/m/6b3a5bd0,Julius Schwartz
/m/e796ab17,Julius Vogel
/m/ce9ba7f0,June Allyson
/m/dfc2746e,Jung Hwan Ahn 
/m/1e4980ea,Junnosuke Kawaguchi 
/m/5732af15,Juno 
/m/8554c010,Jurgen Klinsmann 
/m/62812199,Juri Lotman
/m/a79e8f54,Jussi Sydänmaa  
/m/999202ed,Justin Berfield
/m/24b9298a,Justin Bieber
/m/3c363c87,Justin Chancellor 
/m/10fe1e40,Justin Currie 
/m/5f67da8b,Justin Emerle  
/m/1e0f0ee2,Justin Finch Flechly
/m/5d6dff73,Justin Frankel
/m/d2866e52,Justin Furstenfeld  
/m/35a2424b,Justin Hawkins  
/m/a8a42c5d,Justin Hayward  
/m/b57e42ee,Justin King 
/m/37c053dc,Justin Meacham 
/m/a8726ee1,Justin Meldal-Johnsen 
/m/846170f4,Justin Pearson 
/m/fe7a34b8,Justin Sane  
/m/1629c2fd,Justin Timberlake
/m/1a1f5e79,Justine Frischmann of Elastica
/m/eb23c166,Juzo Hasegawa  
/m/2fb5a017,K.D. Lang
/m/458c7704,K.K. Downing  
/m/0a7b4f65,Kagato
/m/cf0ca1bd,Kai Eckhardt 
/m/01a04809,Kai Hansen  
/m/e5a05ba4,Kai Ortmann
/m/6d71ec15,Kai Stephens 
/m/5fb4bfb8,Kakashi
/m/997ab012,Kaki King 
/m/2387ad59,Kal Mann
/m/2931d854,Kalma 
/m/67110e99,Kamina  
/m/2b3fad62,Kane
/m/81ece0db,Kang Kodos
/m/729b332d,Kanye West
/m/6815d716,Kaoru  
/m/d80a7122,Kara “Starbuck” Thrace 
/m/163bc518,Kareem Abdul Jabber
/m/389ae8fb,Karen O 
/m/48060806,Karen Walker
/m/e6c2d185,Karita Mattila
/m/6375ea60,Karl Alvarez 
/m/4363d258,Karl Djerassi
/m/76364381,Karl E. H. Seigfried 
/m/d5bbaf76,Karl Green 
/m/f351df31,Karl Gustav Jacobi
/m/a2d5407b,Karl Jay Shapiro
/m/34497478,Karl Kippenberger 
/m/e372080c,Karl Landsteiner
/m/2b5ae07b,Karl Latham
/m/af66a757,Karl Marx
/m/740057a6,Karl Popper
/m/75dbd8b9,Karl Pribram
/m/331129da,Karl Radek
/m/287bfd89,Karl Shapiro
/m/cf339958,Karl Targownik
/m/0ae8b46f,Karla Bonoff
/m/c93fe3a0,Karla Homolka
/m/d4ba66d7,Kasim Sulton 
/m/c0e484c3,Kasimir Fajans
/m/323267f1,Kat Bjelland  
/m/c1eeacb5,Kate Beckinsale
/m/5b531d0a,Kate Bornstein
/m/c147d6d6,Kate Bosworth
/m/35a42a70,Kate Capshaw
/m/3ce3859b,Kate Hudson
/m/71afaf15,Kate Middleton
/m/aeaf9936,Kate Winslet
/m/e516ad85,Katey Sagal
/m/61de7de1,Katharine Dukakis
/m/e3c9181e,Katharine Graham
/m/a05de7a1,Katharine Hepburn
/m/e9ff0e9c,Katherine Graham
/m/1d3e3fd1,Kathie Lee Gifford
/m/b14c6f6e,Kathleen Battle
/m/b14c6f6e,Kathleen Battle
/m/537fdde1,Kathy Acker
/m/aee3ec0a,Kathy Ireland
/m/2284e473,Kathy Valentine 
/m/726c719e,Katie Bell
/m/6b79578d,Katie Boland
/m/604550be,Katie Couric
/m/df3b95b4,Katie Dryburgh
/m/64f60b82,Katie Holmes
/m/ffcf266f,Katie Leung
/m/cea881f6,Katie Melua 
/m/f0ff5940,Katie Price
/m/8e279218,Katy Perry 
/m/06787a90,Kavalier and Clay 
/m/aa3f5d01,Kavyen Temperley 
/m/0e8a5b08,Kay Arthur
/m/95d57ce1,Kazuo Kiriyama
/m/4d2e1f8e,Keanu Reeves
/m/74899f8b,Keanu Reeves 
/m/11d1cd5f,Keaton Simons
/m/ea82c601,Kee Marcello  
/m/e1cff43b,Keena Rothhammer
/m/9cc8ecec,Keira Knightley
/m/2f74d704,Keith Benner
/m/3d875718,Keith Carlok
/m/987254bd,Keith Clark
/m/bc9fb5d2,Keith Cronin
/m/23d97f4f,Keith Emerson
/m/5ea37237,Keith Gordon
/m/b2c87631,Keith Green  
/m/635e07ed,Keith Howland  
/m/f6f63c27,Keith Jones
/m/5e6c15a0,Keith Joseph
/m/37233c0e,Keith Morris
/m/e473fe71,Keith Moseley 
/m/80576bcb,Keith Mullin  
/m/8906885a,Keith Reid of Procol Harum
/m/892f0301,Keith Richards
/m/b10cee10,Keith Runfola
/m/ce6cd205,Keith Scott  
/m/bddde48b,Keith Urban  
/m/ee6f96f3,Keith Wyatt
/m/4ad0612f,Kele Okereke  
/m/ced99480,Kellie Coffey
/m/a8a4324d,Kellie Pickler  
/m/c058e3f8,Kelly Clarkson
/m/5511a1d9,Kelly Groucutt 
/m/bf4d9b7c,Kelly Hayes  
/m/9aa67123,Kelly Johnson  
/m/3203229f,Kelly Keagy
/m/5d51af1c,Kelly LeMieux 
/m/c624b568,Kelly Martin
/m/9d1b37c8,Kelly Nickels 
/m/10f5a70e,Kelly Osbourne
/m/80fe68e0,Kelly Packard 
/m/7fc30dc3,Kelly Ripa
/m/138ff303,"Kelly, Mark E."
/m/947de952,"Kelly, Scott J."
/m/ff9fc742,Kelsey Grammer
/m/20afd219,Kelvin Tan Weilian
/m/bfd6e2d6,Ken 
/m/5106df64,Ken Casey 
/m/9122bed7,Ken Doane
/m/fd38d166,Ken Follet
/m/1058f751,Ken Goodman
/m/aaffd287,Ken Hensley 
/m/473c7267,Ken Holtzman
/m/bda7c70b,Ken Jennings
/m/b8949dee,Ken Lyons 
/m/853541ed,Ken Mc Nair
/m/cd5573f5,Ken Mehlman
/m/7e521d84,Ken Nelson 
/m/1e321964,Ken Ober
/m/368e29ca,Ken Olin
/m/d47a4e4d,Ken Osmond
/m/e7f3c77a,Ken Perlin
/m/55d51baf,Ken Russell
/m/5adeea55,Ken Sinnaeve 
/m/8584d1bd,Ken Thompson
/m/a2cbdf65,Ken Tizzard 
/m/168c4daf,Ken Vasoli 
/m/12666f29,Ken Wales 
/m/d80695ea,Kengo Aiba/Tekkaman Omega  
/m/d81ff881,Kenji Mizoguchi
/m/87905b66,Kenne Thomas
/m/e549d7cd,Kenneth Anger
/m/35bfffb2,Kenneth Appel
/m/314db07e,Kenneth Arrow
/m/6345dfaf,Kenneth Branagh
/m/050162b1,Kenneth Cole
/m/fe417fb4,Kenneth Copeland
/m/9998e34b,Kenneth H. Cooper 
/m/45609912,Kenneth Iverson
/m/15b199aa,Kenneth Koch
/m/8ffb0d75,Kenneth Roth
/m/ac287a08,Kenny Aaronson
/m/a69c15d1,Kenny Aronoff 
/m/8aa35cb0,Kenny Bernstein
/m/e48f418a,Kenny Burrell 
/m/be5566ed,Kenny Chesney
/m/61d2dbf0,Kenny Clarke 
/m/ee81b87e,Kenny G
/m/fed64484,Kenny Håkansson 
/m/e95cfe4c,Kenny Harrison
/m/f474c81e,Kenny Mc Cormick
/m/a57e9019,Kenny Rogers
/m/8015b339,Kenny Vance
/m/75deeca6,Kenny Wayne Shepherd 
/m/527256b9,Kenshiro 
/m/19d36abd,Kent Brockman
/m/a4d95b25,Kenwood Dennard
/m/a61e5cb4,Kermit the Frog
/m/cfbf36d3,Kerri Strug
/m/77ad0e27,Kerri Walsh
/m/2c0ccdb5,Kerry King
/m/704c4e40,Kerry Livgren 
/m/b321d929,Kerry Livgren 
/m/8babb50e,Kerry Minnear 
/m/7fe1499d,Kerwin White
/m/35f28cc4,Kevin Ayers 
/m/ddd2285e,Kevin Bacon
/m/fc2f474f,Kevin Cadogan  
/m/a1cce569,Kevin Cahoon
/m/0845c4cd,Kevin Clarke 
/m/04fdbb90,Kevin Costner
/m/24b655a6,Kevin Cronin  
/m/1e2b5874,Kevin Dubrow
/m/93efcb93,Kevin Duckworth
/m/3e4c0d5d,Kevin Eubanks 
/m/92463361,Kevin Garnett
/m/81addbab,Kevin Godley 
/m/72b28b1b,Kevin Johnson
/m/66033802,Kevin Kline
/m/65f4fdcf,Kevin Michaels
/m/a6b4aa29,Kevin Mitnick
/m/46753ecc,Kevin Moore 
/m/2730ec50,Kevin Nash
/m/bd883cda,Kevin Pollak
/m/b531a13a,Kevin Poulsen
/m/911bc9c5,Kevin Ronkko
/m/6745ab7e,Kevin Rutmanis 
/m/1a6197a4,Kevin Sharp  
/m/c3d4d277,Kevin Shields  
/m/e2f4fc62,Kevin Skinner 
/m/7a985cda,Kevin Spacey
/m/d2b71586,Kevin Spencer  
/m/395196dd,Kevin Turner
/m/3a46c405,Kevin Youkilis
/m/d3490c80,Keyser Söze 
/m/2e97b718,Khalid Al-Thawadi  
/m/f6e63edc,Khalil Gibran
/m/4421d1b5,Ki-Adi-Mundi
/m/b98cc464,Kianna Alarid 
/m/0f73b276,Kiefer Sutherland
/m/7051e3cd,Kieth Merrill 
/m/f047fb66,Kim Alexis
/m/6a29a566,Kim Basinger
/m/f2c4f689,Kim Cattrall
/m/3066d9ed,Kim Deal 
/m/dd45e433,Kim Fields  
/m/eb88dff7,Kim Gordon 
/m/14d6af83,Kim Hill  
/m/43ac4978,Kim Mitchell 
/m/c80e842d,Kim Nekroman 
/m/b7dc050f,Kim Thayil  
/m/4617f5db,Kim Ung Yong
/m/c77e1125,"Kimbrough, Robert S."
/m/ad1f1a3a,King Ad-Rock
/m/62d5fb3b,King Django
/m/02eec54d,King Elrond
/m/007e4dfd,King Kong
/m/a82dbd59,King of the Hill
/m/57fe022e,King ov Hell
/m/23e0fee3,King Saul
/m/4850c899,King Theoden
/m/b52bdcd9,King Vidor
/m/81d5c88f,Kingsley Shacklebolt
/m/49b576cf,Kinky Friedman
/m/964f8af4,Kinnikuken Banboro  
/m/3048d5de,Kip Winger 
/m/974b4a62,Kir Kanos
/m/7733eea6,Kira Roessler 
/m/dfafafee,Kirby Puckett
/m/a9adbaef,Kiri Te Kanawa
/m/75e861a9,Kirk Cameron
/m/3eee2dd5,Kirk Douglas
/m/759de229,Kirk Hammet
/m/e172b244,Kirk Pengilly  
/m/17b43c69,Kirsten Dunst
/m/a3f5ff2f,Kisaki 
/m/02828a2a,Kit Fisto
/m/d8d3a583,Kitaj
/m/1605c527,Kitty Carlisle
/m/91133e4c,Kitty Dukakis
/m/596a0708,Kitty Pryde
/m/acf89a7f,Kivie Kaplan
/m/6cb4d40f,Klaus Flouride 
/m/3e2a8de6,Klaus Suonsaari
/m/b58ff03c,Klaus Voorman 
/m/74b1bf09,Klauss Weiss
/m/479e89e3,Kleo Thomas
/m/bb74e5f5,Kobe Bryant
/m/4c6b23e1,Kôji Kiriki  
/m/ab35eae2,Konrad Bloch
/m/f5d58224,Konrad Zuse Builder
/m/f4351ac1,Kool-Aid Man
/m/dbd0c5ec,"Kopra, Timothy L."
/m/3b4a90be,Korey Cooper  
/m/01cdc5c9,Kou Jun  
/m/76456dd5,"Kouichiro ""Coach"" Ohta  "
/m/0a66ae79,Krassimira Stoyanova
/m/fa6ab005,Kratos
/m/362f3fcf,Kreacher
/m/a84faad9,Kris Allen 
/m/569c235c,Kris Roe  
/m/71aebef6,Krist Novoselic 
/m/57b10cbe,Kristal Marshalll
/m/1049847a,Kristen Nygaard
/m/ccef51b8,Kristen Pfaff 
/m/0b946ff8,Kristen Stewart
/m/04073bbb,Kristin Cavalleri
/m/50653eb7,Kristoffer Gildenlöw 
/m/1dc8522c,Kristy Frank
/m/bfce02c8,Krusty
/m/9a4bc3cc,Krystyna Skarbek
/m/aefe5f5a,Krysztof Kieslowsky
/m/b3318ba4,Krzysztof Zanussi
/m/7724f56f,KT Tunstall 
/m/91ba8c75,Kurt Angle
/m/34ee495a,Kurt Busch
/m/21c862bb,Kurt Cobain
/m/58867d96,Kurt Eisner
/m/8a37e239,Kurt Gerron
/m/88cbecd4,Kurt Koffka
/m/3b912cc7,Kurt Lewin
/m/02fedfb2,Kurt Russell
/m/642caef7,Kurt Vonnegut
/m/441e4384,Kurt Warner
/m/7a09cca0,Kurt Weil
/m/b92c48c8,Kwesi Mfume
/m/4f1b3c8f,Kyle Broflovski
/m/b1bc0a5c,Kyle Cook  
/m/7cdfc4ea,Kyle Gass  
/m/8c4c810c,Kyle Katarn
/m/e4fed707,Kyle Rayner
/m/ce15694c,Kylie Minogue
/m/bdafac7f,Kyon 
/m/db08755f,Kyon  
/m/14ca42ec,Kyotaro Oshima  
/m/f2c96321,Kyuuki  
/m/7c00b1ac,L on Blum
/m/fab393c3,L. Frank Baum
/m/972a0d76,Lacey Chabert 
/m/59f84586,Lady and the Tramp
/m/09488a64,Lady Gaga
/m/0ed5ee71,Lain Iwakura
/m/a082988d,Lainie Kazan
/m/777b5977,Lajos Venetianer
/m/65c6258f,Lakshmi Mittal 
/m/d3679e69,Lalo Guerrero 
/m/63c3169e,Lana Lang
/m/94769568,Lance Armstrong
/m/379c12d1,Lance Cade
/m/694924a7,Lando Calrissian
/m/6bb31019,Langston Hughes
/m/e02f3611,Lao tzu
/m/237bf55e,Lara Croft
/m/56ef3507,Lara Croft 
/m/05647676,Laraine Day  
/m/013cd86d,Laraine Newman
/m/a4a983b1,Larry Aberman
/m/33e84a93,Larry Adler
/m/e41d7e2a,Larry Bird
/m/5d35c674,Larry Bright
/m/b658da26,Larry Brown
/m/383781a8,Larry Burkett
/m/a058700e,Larry Carlton 
/m/67d58df3,Larry Chaney  
/m/91439a46,Larry Coryell 
/m/665e22e6,Larry David
/m/2480350e,Larry Ellison
/m/f48b431a,Larry Evans
/m/f283755f,Larry Fine
/m/157e0401,Larry Fitzgerald
/m/0aa18f41,Larry Gatlin 
/m/90e24c29,Larry Gelbart
/m/7070705d,Larry Graham 
/m/314908fc,Larry Harlow
/m/bd22a58c,Larry Junstrom 
/m/2f0fbc29,Larry Kaplan
/m/67d9f535,Larry Kert
/m/70162084,Larry King
/m/c0ceed61,Larry Knechtel 
/m/54ac82a4,Larry Kramer
/m/f6035aff,Larry Miller
/m/aa4ba87a,Larry Mize 
/m/3c69a52f,Larry Mullen Jr
/m/12010410,Larry Nelson  
/m/d6aa93cf,Larry Norman 
/m/bee2c233,Larry Page
/m/cb5ad178,Larry Peerce
/m/759893bf,Larry Poland
/m/9e414c5a,Larry Rivers
/m/865687ab,Larry Summers
/m/b2a57114,Larry Tesler
/m/9067eea7,Larry Van Kriedt 
/m/ddef3cf7,Larry Washington
/m/69a37f29,Lars Frederiksen  
/m/b17566b0,Lars Rosenberg 
/m/ef4469cc,Lars Ulrich
/m/01959f76,Lars von Trier
/m/6e27df45,Lars-Olof Johansson  
/m/7a6283b6,Lasar Segall
/m/9e8f8635,Laszlo Jozsef Bíro 
/m/30a5942f,Laszlo Szabo
/m/70536f4d,Latka Gravas
/m/ea4173af,Laura Madley
/m/2c09fe6b,Laura Nyro
/m/389b2b24,Laura Petrie
/m/407c7bb1,Laura Prepon
/m/96f9cd84,Laura Schlessinger
/m/6691e107,Lauren Bacall
/m/1452cbea,Lauren Conrad
/m/81b59fc7,Lauren Harris
/m/a85b163e,Laurence H. Tribe
/m/893d99d6,Laurence Harvey
/m/a3a6291d,Laurence Tisch
/m/26e192e3,Laurent Brancowitz  
/m/e7d45af9,Laurent Fabius
/m/dddb4c36,Laurent Schwartz
/m/0ff52728,Lauri Porra 
/m/53bc27e7,Laurie Jenkins
/m/813e2e98,Lavender Brown
/m/0acea235,Lawrence Donegan 
/m/d4ff5172,Lawrence Ellison
/m/35626a16,Lawrence Harvey
/m/1f6d0d98,Lawrence Kasdan
/m/f38ee030,Lawrence Klein
/m/e5cf430a,Lawrence Kohlberg
/m/cb1e6850,Lawrence Oliver
/m/6e3f8ed7,Lawrence Rabiner
/m/0739f65e,Lawrence Schimel
/m/6a4ca319,Lawrence Summers
/m/4d07fe1e,Lawrie MacMillan 
/m/4d0efc8e,Lazar Berman
/m/39813908,Lazar Gulkowitsch
/m/045fbe39,Lazar Kaganovich
/m/fe2c0854,Lea Thompson
/m/8a5b572f,Leah Goldberg
/m/cb5fceaf,Leandro Bartorelli
/m/371c3a61,Leann Rimes
/m/285b6210,Leaton Rose 
/m/2cb41fa6,LeBron James
/m/45fec7d3,Lee Adams
/m/e265fb27,Lee Ang
/m/197240e6,Lee Dorman 
/m/c49d28e6,Lee Felsenstein
/m/51a5f807,Lee Friedlander
/m/7113e788,Lee Gaze  
/m/45fc3e50,Lee Grant
/m/382294bc,Lee Greenwood
/m/6d2dd95c,Lee Harvey Oswald
/m/d4bed9c8,Lee J. Cobb
/m/fe114c88,Lee Jackson 
/m/9653c5cb,Lee Jordan
/m/916526ed,Lee Konitz
/m/50c20f1a,Lee Krasner
/m/2c27577f,Lee Mavers  
/m/cef2c784,Lee Phillips
/m/28b5ac66,Lee Ranaldo  
/m/06ecd966,Lee Ritenour 
/m/7250c80b,Lee Rocker
/m/06fd3df0,Lee Ross
/m/5fcd6aca,Lee Ryan
/m/13624fd0,Lee Smolin
/m/273a968f,Lee Strasberg
/m/5cfc41b7,Legolas
/m/3d37c179,Leif Edling 
/m/80ff6d2f,Leigh Stephens  
/m/cbfc254a,Leland Sklar 
/m/aa5b6810,Lele Melotti
/m/8377ec2a,Lello Patruno
/m/386d7a92,Len Adleman
/m/fb9464ec,Len Barry
/m/a12852cd,Len Berman
/m/a9162a05,Lena Horne
/m/3e7b7267,Leni Riefenstahl
/m/00085928,Lennart Eriksson 
/m/fd579415,Lennon Murphy
/m/3fad37bf,Lenny Baker
/m/bd15d11b,Lenny Breau 
/m/cdcec12e,Lenny Bruce
/m/0f824c74,Lenny Kaye
/m/6a784129,Lenny Kravitz
/m/4d02d446,Lenny Krayzelburg
/m/0b117e95,Lenny Wilkens 
/m/bb818ba9,Lenore Jacobson
/m/ee5986d8,Leo Baeck
/m/97e2a435,Leo Frank
/m/918371b0,Leo Gorcey
/m/72b7d64c,Leo Haas
/m/e48fc045,Leo Kottke 
/m/5b50666c,Leo Ornstein
/m/21794410,Leo Penn
/m/897a6730,Leo Rosten
/m/04e61740,Leo Sternbach
/m/1ff7d441,Leo Strauss
/m/fbd11041,Leo Szilard
/m/4bd0257a,Leo Tolstoy
/m/a18b71b7,Leo Williams
/m/6ee4594a,Leon Askin
/m/0f8f9ab9,Leon Blum
/m/f83c8e95,Leon Brittan
/m/189c0c2d,Leon Cooper
/m/e39f9a96,Leon Dyer
/m/2567bf23,Leon Festinger
/m/69f6bdd8,Leon Fleisher
/m/f953db80,Leon Golub
/m/0abb4ead,Leon Kirchner
/m/8e86fc06,Leon Klinghoffer
/m/939d0ad7,Leon Max Lederman
/m/16397edc,Leon of Modena
/m/7ad1fe13,Leon Patillo
/m/943d2e11,Leon Russell
/m/e34e8918,Leon Schlesinger
/m/3cd135f0,Leon Sylvers III 
/m/c7c9fdeb,Leon Trotsky
/m/80d766a0,Leon Uris
/m/73254429,Leon Wilkeson 
/m/f95a0c70,Leona Helmsley
/m/14923d0a,Leona Lewis 
/m/381878cd,Leonard A. Lauder
/m/a0ceb31c,Leonard Baskin
/m/a1af7958,Leonard Bernstein
/m/004f7b47,Leonard Bloomfield
/m/76473735,Leonard Chess of the Chess Brothers
/m/6afefc8a,Leonard Cohen
/m/4cc2409b,Leonard Frey
/m/930a0077,Leonard Goldenson
/m/6098cc1b,Leonard Katzman
/m/8d19d58c,Leonard Keysor
/m/c0ff418d,Leonard Kleinrock
/m/985659e8,Leonard Lesord 
/m/166e506e,Leonard Maltin
/m/267576f8,Leonard N Stern
/m/6d3e7928,Leonard Nimoy
/m/02257ca3,Leonard Rose
/m/32fda35c,Leonard Rosenman
/m/e1efaafa,Leonard Slatkin
/m/a5326fae,Leonard Stern
/m/ed79eb81,Leonard Susskind
/m/94dd86b8,Leonardo Da Vinci
/m/54e12f62,Leonardo Di Caprio
/m/26541fa1,Leonhard Euler
/m/3363ad89,Leonid Levin
/m/87126413,Leonid Stein
/m/4edb277d,Leopold Blumenberg
/m/6cfccad3,Leopold Dukes
/m/1c9ecf03,Leopold Godowsky Jr.
/m/4864ad57,Leopold Karpeles
/m/1d3609f2,Leopold Mannes
/m/ba13f2c1,Leopold Newman
/m/705f75b6,Leopold Zunz
/m/9bf2487b,Ler LaLonde  
/m/424bc16b,LeRoy Diamond
/m/505b4f31,Les Chadwick 
/m/dc8e8ea1,Les Claypool 
/m/7e6660a1,Les Dudek 
/m/6380b32a,Les Moonves
/m/12a57f26,Les Paul
/m/0dc420c5,Lesley Gore
/m/03aefbc2,Leslie Cagan
/m/1e29c767,Leslie Feinberg
/m/fc9d1c08,Leslie Hore-Belisha
/m/190f5797,Leslie Howard
/m/56af3fb9,Leslie Lamport
/m/9c55a8ec,Leslie Valiant
/m/6e8cdbec,Leslie West  
/m/bdbfbc03,Leslie Wexner
/m/bed1c3db,Lester Square  
/m/f9386d00,Lev Alburt
/m/ae41cca1,Lev Davidovich Landau
/m/b140758a,Lev Kamenev
/m/af489eb1,Lev Landau
/m/305db381,Lev Leviev
/m/a3e927e5,Lev Polugaevsky
/m/820ee9b2,Lev Vygotsky
/m/326d2a61,Levi ben Gershon
/m/4e5b59c7,Levi Eshkol
/m/ef7a7b8a,Levi Meyerle
/m/7893b1ca,Levi Strauss
/m/3f6ad5ae,Levon Helm
/m/9a4bd79d,Levy Myers Harby
/m/4cfa4d4e,Lew Tendler
/m/a00da2c6,Lew Wasserman
/m/6b34fd39,Lewis A. Coser
/m/ff326a13,Lewis Black
/m/15008cd3,Lewis Caroll
/m/47a0449d,Lewis Charles Levin
/m/624d29f6,Lewis Milestone
/m/2d270c7c,Lewis R. Goldberg
/m/02a9f30c,Lex Luthor
/m/48af9992,Lhasa de Sela
/m/29d669aa,Liam Gallagher
/m/8201f72e,Liam Neeson
/m/8770d91a,Liam Wilson 
/m/3b6da846,Libby Johnson
/m/a3b94d8f,Liberace
/m/d0c53d74,Liberty DeVitto
/m/8eb4f331,Liev Schreiber
/m/6f49aed9,Light Yagami  
/m/3e5eae7e,Lil' Abner
/m/e8f3a99c,Lil' Abner 
/m/257c0111,Lil Jon
/m/62ecce73,Lil Wayne
/m/c6fd7928,Lila Murillo
/m/2f28fa16,Lilian Thuram 
/m/afe01f0d,Liliana Chacon
/m/b3a49b4f,Lilli Palmer
/m/e5222186,Lillian Copeland
/m/8046f33b,Lillian Ellison 
/m/a3fd526d,Lillian Garcia
/m/4d5cf11d,Lillian Hellman
/m/b00499a4,Lillix
/m/5ca524eb,Lily Potter
/m/ba0f5795,Lilyan Tashman
/m/7e1fbf78,Lina Inverse
/m/7b5ea36d,Lina Inverse  
/m/4ba49648,Lina Stern
/m/5be98945,Lincoln Kirstein
/m/1adc9ddf,Linc-Tones
/m/6717ac7d,Linda Creed
/m/7b427fd1,Linda Lavin
/m/bc3fae0f,Linda Lingle
/m/0245c001,Linda McCartney
/m/75a1633e,Linda Perry  
/m/cd0c424c,Lindsay Lohan
/m/09c2f59f,Lindsay Vuolo
/m/966b6ffa,Lindsey Buckingham  
/m/a035e87c,Lindsey Vonn
/m/0bdb2908,Lindsey Vuolo
/m/a50a4620,"Lindsey, Steven W."
/m/0ce64bd9,Link Wray 
/m/760d4d00,Linus Torvalds
/m/841dd4f0,Linus 
/m/12af061e,LinusLooney Tunes/Merrie Melodies
/m/9bd7976c,Lion Feuchtwanger
/m/855a7427,Liona Boyd
/m/e20d4403,Lionel Bart
/m/63f1c86d,Lionel Hampton
/m/c67cec0b,Lionel Hutz
/m/c49e0eee,Lionel Messi 
/m/2ca44ea4,Lionel Richie
/m/35b6ecb3,Lionel Trilling
/m/190cb2e5,Lip Pike
/m/548d926b,Lisa Bonet
/m/661066f2,Lisa Edelstein
/m/d3069cc9,Lisa Kudrow
/m/b0295405,Lisa Loeb
/m/e0c4dfa0,Lisa Lopes 
/m/0646753b,Lisa Marie Varon 
/m/2b651b7e,Lisa Moretti 
/m/50f2f65c,Lisa Rav
/m/79b1c8cf,Lisa Simpson 
/m/a5080a0c,Lisa Whelchel 
/m/504312dd,Lisbeth Salander 
/m/83838ad6,Lise Meitner
/m/8ad364df,Lisette Model
/m/0b373b61,Lita Ford
/m/cd97448b,Little Bad   Wolf
/m/14213d3e,Little Dot 
/m/ee93c7c3,Little Richard
/m/60012a67,Liv Tyler
/m/eff6780b,Liz Claman
/m/e1205ac3,Liz Hurley
/m/effd0725,Liz Lerman
/m/0c25feee,Liz Taylor
/m/9309285c,Lizzie Grubman
/m/60e97aff,LL Cool J
/m/1c95fdb2,Lloyd Kaufman
/m/cfa35993,Lobot
/m/acf1a914,Lois Griffin
/m/75ede9fc,Lois Lane
/m/c3ab78ca,Lon Myers
/m/f1335125,"Lopez-Alegria, Michael E."
/m/2bac7f63,Lord Granion  
/m/1a2529dd,Lord Voldemort
/m/370f0eb0,Lorelai Gilmore
/m/d62e7393,Lorenz Hart
/m/186415f8,Lorenzo da Ponte
/m/618e1c1d,Loretta Young
/m/abc2c2cd,Lori Berenson
/m/0d4f70a6,Lori Black 
/m/b6243b05,Lorin Maazel
/m/427148c2,Lorne Greene
/m/eaadc2bf,Lorne Michaels
/m/5ab0c865,Lorraine Gary
/m/fae5bb94,Lorraine Hansberry
/m/d533d08b,Loser
/m/18632f16,Lotfi Zadeh
/m/788db27b,Lothar Mathaus 
/m/50c5819f,Lou Adler
/m/27e68894,"Lou Barlow, "
/m/6cac72ee,Lou Boudreau
/m/1d30f719,Lou Jacobi
/m/b3948d62,Lou Reed
/m/55d1ec97,Lou Reed  
/m/52fab417,Louie
/m/3eb88755,Louie Appel 
/m/ae175f32,Louis Amberg
/m/99a38fef,Louis Armstrong
/m/ecbeff7a,Louis Auster
/m/1a7a035c,Louis B. Mayer
/m/f8f58e34,Louis Braille
/m/92cda5ca,Louis Bush
/m/dc1804a2,Louis Cennamo
/m/0b76ce6a,Louis D. Brandeis
/m/a10ce314,Louis Finkelstein
/m/5322daf2,Louis Ginzberg
/m/003ce1e5,Louis Hayes
/m/a4860ef2,Louis I. Kahn
/m/05d2eaa6,Louis Jacobs
/m/4caf9b45,Louis Johnson 
/m/6fba26df,Louis Kid Kaplan
/m/12d8397f,Louis L'Amour
/m/a118e458,Louis 'Lepke' Buchalter
/m/d8b4caa1,Louis Lumiere
/m/38c5220e,Louis Mordell
/m/420fd9de,Louis Moreau Gottschalk
/m/9a6a69ca,Louis Nizer
/m/18abdf6c,Louis Pasteur
/m/91652500,Louis Sachar
/m/a031477d,Louis Shelton 
/m/8dca5665,Louis Simpson
/m/e2f86332,Louis Slotin
/m/4edfac04,Louis Wirth
/m/8b2a97f3,Louis Zukofsky
/m/18dec0ca,Louisa May Alcott
/m/62e70f43,Louise Ashby
/m/309630c2,Louise Gluck
/m/9b72fc73,Louise Lasser
/m/f00ef698,Louise Nevelson
/m/c335d6d5,Louise Post of Veruca Salt
/m/7e2f5baa,Louise Rainer
/m/35695225,Louise Wener
/m/048d1f8b,"Lowell ""Bud"" Paxxon  "
/m/699dff1e,Lowell George  
/m/8f03343d,Luc Besson
/m/172dea06,Luc Hensill  
/m/6de555cb,Luca Pisaroni
/m/70bf8dce,Luca Turilli  
/m/77897711,Lucas Glover
/m/c00cb8a3,Lucas Grabeel
/m/7ef9dd06,Luchino Visconti
/m/df13af77,Luciano Pavarotti
/m/13958ef8,Lucille Ball
/m/258dd0d5,Lucius Malfoy
/m/b982a181,Lucky Lehrer
/m/9eb1a1eb,Lucky Oceans  of Asleep at the Wheel
/m/69b923b2,Lucy Kaplansky
/m/f72e3ed8,Ludacris
/m/9f935ef9,"Ludovic ""Ludo"" Bagman"
/m/6b78b57c,Ludwig Borne
/m/cbf2cb78,Ludwig Lewisohn
/m/409b9faa,Ludwig van Beethoven
/m/8e7ba2b8,Ludwig von Mises
/m/9228ff5f,Ludwig Wittgenstein
/m/070a4262,Ludwig Zamenhof
/m/cc949cbf,Luis Alfredo Gavarito
/m/9f3c90da,Luis Bunuel
/m/91d45f38,Luís Mariutti 
/m/e14744b8,Luis Munoz
/m/e87a805b,Luise Rainer
/m/b8bbbd4d,Lukas Foss
/m/698060fa,Luke Cage
/m/5076308a,Luke Ford
/m/ef9c06ea,Luke Paquin  
/m/ade6eadd,Luke Skywalker
/m/5ca25e02,Luke Wastell
/m/8c21cf7b,Luke Wilson
/m/9e10ae7f,Luminara Unduli
/m/239360f2,Lumiya
/m/1d6700d4,Luna Lovegood
/m/8ea4558c,Luna Vachon
/m/b00a4351,Lüpüs Thünder  
/m/1275c579,Luther Adler
/m/05cf43c7,Luther Grosvenor  
/m/00ed5559,Luther Perkins  
/m/3e6e5773,Luther Vandross
/m/14896240,Lyle Alzado
/m/7c3236b0,Lyle Berman
/m/3011158d,Lyndon B. Johnson
/m/adef0084,Lynn Ahrens
/m/cbe09c20,Lynn Margulis
/m/102133a7,Lynn Swann 
/m/72e3071a,Lynval Golding  
/m/36d885bf,M. J. Nurenberger
/m/5e680e96,M.C. Hammer
/m/f437c4b2,M.D. Geist  
/m/470680e0,Mace Windu
/m/32c6a872,Madam Hooch
/m/54f36bc3,Madam Malkin
/m/8bacf5a7,Madam Pince
/m/8ae5e40f,Madam Pomfrey
/m/56034766,Madam Rosmerta
/m/9b210e18,Madame C.J. Walker
/m/83bb5aec,Maddam Maxime
/m/fd3d23d2,Madea 
/m/31657011,Madeleine Albright
/m/fb1c40fb,Madeleine M. Kunin
/m/39f7a6b6,Madeline Albright
/m/990d05f4,Madeline Kahn
/m/7dc4e258,Madonna
/m/f3ff1740,Mae Jemison
/m/94dd6a3e,Mae West
/m/a2a2b214,Magdalena Kozena
/m/0c315f0c,Maggie Gyllenhaal
/m/4b3ca0af,Maggie Simpson
/m/54062893,Magic Dick  
/m/cedf422c,Magic Johnson
/m/e10cce55,Magic Roundabout
/m/2ea1c5ab,Magilla Gorilla
/m/a5e7e5e1,Magneto
/m/da628526,Magnus Andersson 
/m/f7cd743b,Magnus Rosén 
/m/5e450987,Magnus Sveningsson 
/m/f3ef6c7f,"Magnus, Sandra H."
/m/ee9d41e4,Mahalia Jackson
/m/7007184c,Mahoro Ando  
/m/41034869,Maimonides
/m/d6e86c21,Maja Ivarsson  
/m/18e6fd60,Makoto Allen Takamura  
/m/da43b6fb,Malakili 
/m/b138ee4d,Malbim
/m/eaa9a76e,Malcolm Baddock
/m/c178e973,Malcolm Fraser
/m/afea65e0,Malcolm Glazer
/m/bdc6e895,Malcolm McLaren
/m/9d13dccf,Malcolm Rifkind
/m/e629b278,Malcolm X
/m/4f15bb04,Malcom Young
/m/6471e4c2,Malva Schaleck
/m/167bfd5d,Mama Cass Elliot  
/m/2e92e832,Man Ray
/m/adfcdd00,Mana   
/m/ebb0eeb9,Manabu Satô  
/m/69892d74,Manasseh
/m/c75175dc,Mandy Moore
/m/974059e9,Mandy Patinkin
/m/ded5fc35,Man-E-Faces
/m/3a9b6307,Manfred Mann
/m/1ae07bff,Manfred Mann 
/m/ed886498,Manny Charlton  
/m/7f46faa3,Manuel Blum
/m/49e516d1,Manuel Göttsching  
/m/05e8a598,Manuel M. Noah
/m/5c00481f,Mara Jade
/m/3aa1c8fd,Marc Blitzstein
/m/032d30f8,Marc Bolan  
/m/e57235ff,Marc Chagall
/m/af340685,Marc Cohn
/m/1c2dc929,Marc Ecko
/m/0badea63,Marc Ford  
/m/d473a5bf,Marc Jacobs
/m/242e2402,Marc Jacquemin
/m/0d4be663,Marc Lawrence
/m/6ece4460,Marc Leon Nerlove
/m/861cfe86,Marc Maron
/m/dadcd00b,Marc Platt
/m/4d46941a,Marc Ribot  
/m/a93383be,Marc Rich
/m/b7957e4d,Marc Riley  
/m/bada507b,Marc Rogers 
/m/726cac46,Marc Shaiman
/m/17762d05,Marc Singer
/m/55a493b4,Marc Spitz
/m/9ff228c9,Marc Wallice
/m/b2a7a672,Marcel Breuer
/m/6b04a85a,Marcel Dalio
/m/a581caa4,Marcel Dassault
/m/2a49fb57,Marcel Hillaire
/m/a0ad23a0,Marcel Jacob 
/m/0d907997,Marcel Marceau
/m/071cb8ae,Marcel Proust
/m/ee7e6a2c,Marcel Reich-Ranicki
/m/5823a249,Marcello Alvarez
/m/f5531ac2,Marcello Magliocchi
/m/f560ee9e,Marcello Piccinini 
/m/ce176a6b,Marcia Clark
/m/be970782,Marcia Cross
/m/8b4c95ba,Marcia Falk
/m/b3b61847,Marcie Bolen  
/m/227b7bb3,Marco Biazzi  
/m/c2bc4c57,Marco Hietala 
/m/778624fd,Marco Mendoza 
/m/baaa79c3,Marco Minnemann
/m/d4c83730,Marco Zanoli
/m/d25d3275,Marcos Witt
/m/913bf431,Marcus Adoro  
/m/955730e2,Marcus Belby
/m/153d7691,Marcus Flint
/m/4ce41bc5,Marcus Garvey
/m/d3640399,Marcus Goldman
/m/65221eeb,Marcus Loew
/m/da03e858,Marcus Miller 
/m/7a6a7b7c,Marcus Raskin
/m/15d843ae,Mare Winningham
/m/2285a386,Marek Borowski
/m/ab22a8de,Margaret Becker 
/m/1b5d51da,Margaret Bourke-White
/m/f35e18f4,Margaret Geller
/m/64bdfa13,Margaret Thatcher
/m/953363d6,Margarethe von Trotter
/m/902b6956,Marge Dursley
/m/d669d2c9,Marge Gunderson
/m/6fa19903,Marge Piercy
/m/74650cf3,Marge Simpson
/m/ac4f3e3f,Marge Simpson 
/m/d0c7886d,Margret Rey
/m/2a9613f2,Marguerite Pewterschmidt
/m/9364d459,Marho Bateren
/m/d4b0dc3d,Maria Callas
/m/f91a29bd,Maria Guleghina
/m/8025b2e4,Maria Kanellis
/m/9188df58,Maria Menounos
/m/dfd3ad15,Maria Sharapova
/m/cffd871a,Mariah Carey
/m/ccdf51e7,Marian Anderson
/m/1eed722b,Mariana Pentcheva
/m/402e9e16,Marianne Faithfull
/m/8ee140ea,Marie Curie
/m/71bc1f51,Marie Windsor  
/m/dd3a35ae,Mariel Zagunis
/m/5571e3d9,Marietta Edgecome
/m/ad34bf35,Marilyn Bergman
/m/d24ecad6,Marilyn Hacker
/m/2b3865ef,Marilyn Hickey
/m/bfe96589,Marilyn Manson
/m/57470d3d,Marilyn Mazur
/m/60b70142,Marilyn Monroe
/m/a076149d,Marilyn Vos Savant
/m/5ebf95cb,Marina Domashenko
/m/96bb29e7,Mario Calandrelli
/m/9891ff98,Mario Calire
/m/d65b407f,Mario Castelnuovo-Tedesco
/m/74db2c20,Mario Davidovsky
/m/51c3e4b8,Mario Levi
/m/34383333,Mario Riggio
/m/d7078daa,Marion Barry
/m/86914743,Marion Raven 
/m/4f0c4dbd,Marisa Miller
/m/fceff2e7,Marisa Tomei
/m/7d457f34,Marit Larsen 
/m/30bd48c7,Mariuz Kwiecien
/m/baee31e7,Mark Abene
/m/3f442fde,Mark Ames
/m/ae8176ef,Mark Andes 
/m/f5a396f1,Mark Bass
/m/62a6e806,Mark Bedford 
/m/9b96fc69,Mark Beecher
/m/4a83a2e2,Mark Bryan  
/m/c5e37ffe,Mark Clarke 
/m/88913dec,Mark Cross
/m/ed9f66b9,Mark Cuban
/m/14771bf1,Mark Deakin 
/m/466970b0,Mark Dean
/m/9d90249b,Mark Deutrom 
/m/3882f2c5,Mark Evanier
/m/88db1899,Mark Evans
/m/f16dfedd,Mark Evans 
/m/8a5c3430,Mark Farmer 
/m/eb43b58c,Mark Farner  
/m/71e89444,Mark Feuerstein
/m/aa2bda45,Mark Frankel
/m/6be59a61,Mark Granovetter
/m/4bf59e5c,Mark Griffiths 
/m/830622df,Mark Hamill
/m/d35aed00,Mark Harelik
/m/1f54a686,Mark Helprin
/m/1691a21c,Mark Hoppus 
/m/19ce7731,Mark Ibold 
/m/b85833aa,Mark James Klepaski 
/m/23a0abc8,Mark Kac
/m/976c2367,Mark Kelly 
/m/efdca4c8,Mark Kelso
/m/5ddff27c,Mark King 
/m/2fbf2eec,Mark Knopfler
/m/3b5063e5,Mark Lee Townsend  
/m/134238fb,Mark Levine
/m/143fd569,Mark Linn-Baker
/m/10a32374,Mark Lowry  
/m/5ce5f092,Mark Mancina 
/m/9d70f959,Mark McClelland 
/m/ec251003,Mark Mendoza 
/m/6f38e01d,Mark Morton  
/m/121b3e93,Mark Nauseef
/m/fffc3649,Mark Nemer
/m/ef26bdcf,Mark O'Connor 
/m/e224018d,Mark Owen 
/m/77564a8b,Mark Price
/m/377c50ce,Mark Roth
/m/1ed667b7,Mark Rothko
/m/bd90772d,Mark Rubin of The Bad Livers
/m/6ef002b1,Mark Sandman
/m/cc0cfb14,Mark Spicoluk 
/m/3f230e93,Mark Spitz
/m/7f041606,Mark Stanley  
/m/7aacd817,Mark Stein 
/m/5208936c,Mark Stern
/m/2e5b0430,Mark Stoermer 
/m/c1ace511,Mark Strand
/m/081913ff,Mark Swartz
/m/18efb7ce,Mark Taimanov
/m/039cfc4d,Mark Tremonti  
/m/c03e0f47,Mark Twain
/m/d74c8331,Mark Volman
/m/8541f040,Mark Wahlberg
/m/974871c1,Mark Walker
/m/6e371f41,Mark Wilson 
/m/7f38d63d,Mark Zonder
/m/34510cac,Mark Zuckerberg
/m/be7abf43,Markku Lappalainen 
/m/d08d6346,Marko Paasikoski 
/m/4fc81c75,Markus Grosskopf 
/m/93cab88c,Marla Runyan
/m/e08699e4,Marla Sokoloff
/m/583f3931,Marlee Matlin
/m/eb0bc61e,Marlene Dietrich
/m/8f8a125d,Marlon Brando
/m/8dc88e04,Marmaduke
/m/6efac511,Marmaduke 
/m/51b6c20c,Marshall Goldberg
/m/9ad9f326,Marshall Holman
/m/a22c39f6,Marshall Nirenberg
/m/84031609,Marshall Sahlins
/m/2d1aa6b2,Marta Kauffman
/m/4d1d2d26,Marten Andersson 
/m/3273d4bc,Martha Farah
/m/9a92aa4f,Martha Nussbaum
/m/da05bbad,Martha Stewart
/m/8c31ad92,Martha Williamson 
/m/2ba9a033,Martian Manhunter
/m/847b182d,Martin Balsam
/m/e364944a,Martin Barre  
/m/2ca1a058,Martin Bengtsson 
/m/9584a594,Martin Buber
/m/29bf561c,Martin Cilia  
/m/1dd63ae7,Martin Davis
/m/8d374272,Martin Deutsch
/m/586e0f09,Martin Drew
/m/98022e7f,Martin Eric Ain 
/m/2f38e4d0,Martin Fleischmann
/m/57dae9c3,Martin Frost
/m/ffc7ffc3,Martin Garbus
/m/67a52a76,Martin Gordon 
/m/34692d01,Martin Gore  
/m/cd1016de,Martin Hellman
/m/ba920b60,Martin Kamen
/m/f76f33a7,Martin Karplus
/m/079246fd,Martin Kemp 
/m/8f4c60f8,Martin Kove
/m/7f9666b1,Martin Kruskal
/m/e055c4f5,Martin Landau
/m/d20b075a,Martin Lewis Perl
/m/135ef795,Martin Luther
/m/2be2e40e,Martin Luther King
/m/57b851eb,Martin Luther King Jr.
/m/72d6fe0e,Martin Mendez 
/m/09df0b81,Martin Nodell
/m/20b8337c,Martin Perl
/m/a5de5d37,Martin Ritt
/m/3a5f36fa,Martin Rodbell
/m/2175fb2b,Martin S. Feldstein
/m/10f60739,Martin Scorsese
/m/565be032,Martin Seligman
/m/06c7638a,Martin Sheen
/m/54922b18,Martin Sherman
/m/97933f7c,Martin Slattery  
/m/56553f4f,Martin Taylor 
/m/7162565c,Martin Turner 
/m/221c5ea6,Martin Verdonk
/m/e1db1afc,Martina Navratilova
/m/18685520,Marty Balin
/m/542df9fd,Marty Dieckmeyer 
/m/f7b4ceac,Marty Feldman
/m/19c30271,Marty Friedman
/m/64f4e93e,Marty Glickman
/m/45635410,Marty Hogan
/m/2c3bc5d4,Marty Jannetty
/m/ce3032ed,Marty Kaplan
/m/fd4da71b,Marty McFly
/m/0180dd62,Marty O'Brien 
/m/2e6a8139,Marty Willson-Piper  
/m/64fbd4c1,Martyn Latsis
/m/83fd10aa,Martyn LeNoble 
/m/57ca1e8f,Martyn P. Casey 
/m/85a6130d,Marv Albert
/m/ce1dadeb,Marv Levy
/m/ff4fbc95,Marv Tarplin  
/m/2819f867,Marv Wolfman
/m/934ced6b,Marvalo Guant
/m/5026fa87,Marvin Gaye
/m/09dfa265,Marvin Goldstein
/m/d5057e93,Marvin Hamlisch
/m/30adb3f4,Marvin Harris
/m/6a4fb0f2,Marvin Isley 
/m/a531056f,Marvin Kanarek
/m/33dd8ea7,Marvin Mandel
/m/8c6d7137,Marvin Miller
/m/8c10ed41,Marvin Minsky
/m/41d1a902,Marvin Pontiac
/m/8e0d0171,Mary Ann Cotton 
/m/10b8796c,Mary Antin
/m/d949074e,Mary J. Blige
/m/c2eab561,Mary Jane
/m/8237181b,Mary Joe Fernandez  
/m/5a5a7873,Mary Jones 
/m/83f9bbea,Mary Katherine Gallagher 
/m/6d2bbc03,Mary Kay Bergman
/m/13d68282,Mary Lou Retton 
/m/b33069bd,Mary Magdalene
/m/ed291a67,Mary McLeod Bethune
/m/2b59d1ae,Mary Richards
/m/0ffd2bc7,Mary Rodgers
/m/63c30c37,Mary Travers
/m/929b2d15,Mary Tyler Moore
/m/03b24124,Marybeth Tinning 
/m/e9d9c0f3,Mason Williams 
/m/6e3cea3f,"Massimino, Michael J."
/m/3d7a6255,Massimo Aiello
/m/527615be,Massimo Barbiero
/m/afb1bb99,Massimo Carrano
/m/2ccec8d8,Massimo Manzi
/m/00d3ef15,Master Chief 
/m/0eccbc89,"Mastracchio, Richard A."
/m/18c55713,Mat Osman 
/m/430238ec,Mata Hari
/m/e863322b,Mathias Bush
/m/4392e7d2,Mathieu Schneider
/m/764965d5,Mathieu Soucy
/m/74c1c05b,Mathilde Krim
/m/8954870b,Matisyahu 
/m/2359cb84,Matoi Shinkai  
/m/e3b516b2,Mats-Peter Sernrot
/m/432cb01c,"Matt ""Guitar"" Murphy "
/m/eff50cba,Matt Bachand  
/m/a8cbebc4,Matt Bellamy 
/m/1ca19e40,Matt Biondi
/m/26f56b68,Matt Bissonette
/m/8248e58b,Matt Damon
/m/e287becc,Matt Deis 
/m/38707f9c,Matt Drudge
/m/60969bf8,Matt Freeman 
/m/a6fc9b8c,Matt Hardy
/m/794d1b92,Matt Heafy  
/m/cbcf7f44,Matt Hollywood 
/m/7465b528,Matt Hoopes  
/m/a54afc1e,Matt Lauer
/m/ee1a9862,Matt LeBlanc
/m/fc7a7f29,Matt Lukin 
/m/913a3cbe,Matt Maginn 
/m/92aca974,Matt Malley 
/m/1541c5ca,Matt Mc Donough
/m/82f7ab93,Matt Noveskey 
/m/06213afd,Matt Roberts  
/m/23d6a34a,Matt Sharp 
/m/6077b722,Matt Skiba  
/m/4d813c8e,Matt Smith  
/m/7cde16d1,Matt Sorum
/m/534e6b03,Matt Stone
/m/0cbf4536,Matt Striker
/m/65417ec7,Matt Thiessen  
/m/cf8b15a8,Matt Tuck  
/m/765a970e,Matt Wachter 
/m/86e303cd,Matt Willis 
/m/f1af0bae,Matt Wong 
/m/40ea0aab,Matteo Cigna
/m/eca879ff,Matthew Bellamy  
/m/1122d57b,Matthew Bloom
/m/94fca287,Matthew Broderick
/m/7a8fb9b7,Matthew Fisher 
/m/5c3a9dc8,Matthew Friedberger  
/m/27297c22,Matthew Garrison
/m/9b36bb6a,Matthew Henson
/m/f56c59bb,Matthew Leone 
/m/1167cbaa,Matthew Messelson
/m/fb865842,Matthew Perry
/m/8a8a132c,Matthew Rabin
/m/915182a9,Matthew Sweet 
/m/ec17714a,Matthew Underwood
/m/c436f8b2,Matthew Winter 
/m/7f1c0e34,Matthias Jabs  
/m/8816434c,Mattias Eklundh  
/m/9a50403a,Matty Lewis  
/m/5a2d395c,Matvei D. Berman
/m/703f6616,Matyas Rakosi
/m/79710eef,Maude Flanders 
/m/f68cf3a8,Maureen Brown
/m/9d462a5c,Maureen Lipman
/m/476c94ee,Mauri Rose
/m/4471bd32,Maurice baron de Hirsch
/m/66a3d943,Maurice Gibb 
/m/2383fb5a,Maurice Girodias
/m/67ee37b6,Maurice Greenberg
/m/1342d305,Maurice Greene
/m/bbf05bd4,Maurice Podoloff
/m/9804af02,Maurice R Greenberg
/m/2a22f80e,Maurice Ravel  
/m/791533a4,Maurice Rose
/m/45bf6eb2,Maurice Sendak
/m/8650b25e,Maurice White 
/m/f49f1f32,Maurice Wilkes
/m/f874cf00,Maurice Zbriger
/m/44585400,Mauricio Zottarelli
/m/df80f373,Mauritz Stiller
/m/9db815d0,Maurizio Boco
/m/8746b4fe,Mauro Beggio
/m/677c38bb,Mauro Gatto
/m/93a7245e,Mauro Pezzente 
/m/3714494d,Maury Povich
/m/6fc97400,Maury Yeston
/m/361ef6e9,Max Apple
/m/8446c42e,Max Baer
/m/e3e89858,Max Baer Jr.
/m/c24a1aff,Max Bennett 
/m/6659e2fb,Max Black
/m/d16790a4,Max Bonvini
/m/4faccafe,Max Born
/m/97c6d691,Max Brod
/m/97856a8f,Max Collins 
/m/9a0fd36b,Max Fleischer
/m/47b7cfa7,Max Frankel
/m/6d3d9f62,Max Geldray
/m/7e2e0b2b,Max Grodenchik
/m/8932b7f4,Max Horkheimer
/m/b9c52678,Max Jacob
/m/7062d4ca,Max Levchin
/m/d2d20f0e,Max Linder
/m/ff0cf7d7,Max Lucado
/m/18dd958a,Max Maven
/m/ad065477,Max Middleton 
/m/dff2f323,Max Nordau
/m/59131fff,Max Ophuls
/m/865d62fd,Max Ophulus
/m/76ce41b5,Max Perutz
/m/819d855b,Max Pieri
/m/db82c087,Max Rafferty 
/m/76d32fb2,Max Rebo
/m/61382059,Max Reinhardt
/m/2dc781dd,Max Richards  
/m/1042840d,Max Roach
/m/fc8ed12b,Max Santos 
/m/d827023a,Max Schuster
/m/9f4a9480,Max Steiner
/m/878e92b8,Max Stirner
/m/781ee1e2,Max Tishler
/m/f54a0a94,Max Warburg
/m/c9298dc6,Max Warshaw
/m/52d6e2b9,Max Weber
/m/907dd3c1,Max Weinberg
/m/6ded4967,Max Weinreich
/m/628fa612,Max Yasgur
/m/d92f836a,Maxie Rosenbloom
/m/a839449e,Maxim Litvinov
/m/e5367402,Maxime Lessens
/m/4621cbb6,Maximilian Heller
/m/2517a6a4,Maximus 
/m/8712c788,Maxine Kumin
/m/910541cb,Maya Angelou
/m/13b33939,Maya Deren
/m/7536ab10,Mayer Amschel Rothschild
/m/6c530e4a,Mayim Bialik
/m/23003196,Mayor Quimby
/m/2667cad2,MC Hammer 
/m/a3b947e8,MC Paul Barman
/m/32a6ef15,MC Serch
/m/125b567f,"McArthur, K. Megan"
/m/3b6b6d16,Mcnair
/m/c3e52e22,Meadowlark Lemons 
/m/47bbc6e4,Meat Loaf 
/m/158588d3,Medgar Evers
/m/2bb3fe1b,Meegs Rascon  
/m/06f4dc89,Meg Griffin
/m/238a717b,Meg Ryan
/m/621cc8fa,Meg Whitman
/m/72125f49,Megatron
/m/0e97a838,Megax Fox
/m/f2683430,Meir Berlin
/m/aa24d2bf,Meir Kahane
/m/6c0c5357,Meir Simcha of Dvinsk
/m/f9dd142e,Mel Allen
/m/789ed465,Mel Blanc
/m/5fa4f6cf,Mel Brooks
/m/edfc7e32,Mel Gibson 
/m/6753f751,Mel Lastman
/m/2471fa2e,Mel Mermelstein
/m/8ccad4f6,Mel Schacher 
/m/57eb3cc0,Mel Torme
/m/8f677e84,Mel Ziegler
/m/24012cb7,Melania Knaus 
/m/04cc917d,Melanie Blatt of All Saints
/m/98919e77,Melanie Mayron
/m/c4a0c917,Melina Perez 
/m/b1d0549b,Melissa Auf der Maur 
/m/9b2e5ea5,Melissa Ethridge
/m/98b21351,Melissa Gilbert
/m/648e145c,Melissa Hiatt
/m/412acc71,Melissa Rivers
/m/778ffeab,Melville Shavelson
/m/a756bb9a,"Melvin ""Wah-Wah Watson"" Ragin "
/m/ad0c8440,Melvin Calvin
/m/28f781a2,Melvin Frank
/m/9aa5ea78,Melvin Gibbs 
/m/7e5a63ea,Melvin Krulewitch
/m/95d510b4,Melvin Schwartz
/m/8df1b432,Melvin Taylor 
/m/e611cac4,Melvyn Allen
/m/385bc2a2,Melvyn Douglas
/m/b4158398,Men of American Idol
/m/259470ce,Menachem Begin
/m/754006d8,Menachem Mendel Beilis
/m/28cda297,Menachem Mendel Schneerson
/m/f099a941,Menahem Golan
/m/6963aa99,Menahem Mendel Beilis
/m/c9e361bc,Menasseh ben Israel
/m/2efd44d2,Mental Complex
/m/ec34ca28,Mercedes Renard
/m/707648cc,Meredith Brooks 
/m/f447172d,Meredith Monk
/m/1388be85,Merle Allin 
/m/4f151d68,Merle Haggard
/m/af8ef195,Merlin   
/m/d2533ab2,Merlin Olsen  
/m/290eff47,Merope Gaunt
/m/1642c31e,Merry
/m/91efe963,Mertal
/m/6021d967,Merton Miller
/m/b51e9f3e,Mervyn LeRoy
/m/635f4417,Meryl Streep
/m/8449e3cb,Me'shell Ndegeocello
/m/c898367c,"Metcalf-Lindenburger, Dorothy M."
/m/dc1b2a45,Meyer Feldberg
/m/ee0fb5bc,Meyer Lansky
/m/389f02a7,Meyer Schapiro
/m/f156dac3,Mezz Mezzrow
/m/952c52cb,MH Abrams
/m/12c45ee9,Mia Hamm
/m/a31d4fe7,Mia Kirshner
/m/ed2102a9,Michael Albert
/m/51024e07,Michael Amott  
/m/3d53f031,Michael Andersson
/m/aacab6a5,Michael Angelo Batio
/m/f5c6cdda,Michael Anthony 
/m/a335be38,Michael Balcon
/m/7e03d7a1,Michael Ballack 
/m/8306b8a9,Michael Bennett
/m/05e5251a,Michael Bloomberg
/m/ec9b2d8a,Michael Bolton
/m/b0656759,Michael Brecker
/m/28e1b549,Michael Brennies
/m/5c42d6e9,Michael Brown
/m/fe212b97,Michael Bruce  
/m/03ed5ba8,Michael Callan
/m/882953e8,Michael Cartellone
/m/eea16cfe,Michael Chabon
/m/de6d82ba,Michael Chang 
/m/1118ed69,Michael Chertoff
/m/1d58b4a8,Michael Crichton
/m/2362fcf1,Michael Curtiz
/m/2e94ca63,Michael Danby
/m/68ec9239,Michael Davis 
/m/f61089cb,Michael Dell
/m/6c27725b,Michael Dempsey 
/m/38c4de1f,Michael Diamond
/m/871cb7c1,Michael Douglas
/m/6a1d4c1f,Michael Dukakis
/m/bf2ed731,Michael Eisenstein
/m/189734ab,Michael Eisner
/m/4c389adb,Michael English 
/m/42ee298c,Michael Epstein
/m/173c696b,Michael Faraday
/m/689cbe1c,Michael Feinstein
/m/49af165e,Michael Feldman
/m/fd3ecffe,Michael Freedman
/m/85cacef5,Michael Gottlieb
/m/3f6c82f5,Michael Gulezian 
/m/0d8ea9d6,Michael Gurley  
/m/77931ca4,Michael Haneke
/m/88b50bb6,Michael Hayes
/m/a7e28675,Michael Hedges 
/m/a015fc18,Michael Heidelberger
/m/18035c0e,Michael Hordern
/m/0568a9eb,Michael Houser  
/m/e27bb03b,Michael Howard
/m/ee9063d6,Michael Ian Black
/m/afad8f27,Michael Inez 
/m/69072216,Michael Isikoff
/m/71c52223,Michael Ivins 
/m/0e88974f,Michael J. Fox
/m/b1d113e1,Michael Jackson
/m/36549922,Michael Johnson 
/m/79255a6e,Michael Jordan
/m/77965f3e,Michael Kamen
/m/6b4eaa6c,Michael Keaton
/m/d690753f,Michael Kidd
/m/834b1746,Michael Kinsley
/m/61aa7ab2,Michael Klausman
/m/89896b29,Michael Kors
/m/a7fa3d9a,Michael Kubovy
/m/0bb08f26,Michael Landau 
/m/a6e2c306,Michael Landon Jr.
/m/82914492,Michael Lepond 
/m/d02407f6,Michael Lerner
/m/917b9d05,Michael Mann
/m/bd90718c,Michael Manring
/m/07de6558,Michael Mcdonald 
/m/01033f53,Michael Medved
/m/727cd561,Michael Milken
/m/4984c7d5,Michael Monarch  
/m/7441da9f,Michael Nesmith  
/m/9fe1f7db,Michael O. Rabin
/m/9797cf1f,Michael Owen 
/m/75fe7287,Michael Paget  
/m/2fa1ef27,Michael Phelps
/m/0ab1f55a,Michael Pinella 
/m/85590f82,Michael Posner
/m/7a39f4ba,Michael Powell
/m/3521a43c,Michael R.Barratt
/m/d2e3a46a,Michael Rapaport
/m/8d089577,Michael Redd
/m/9c885d9b,Michael Ricketts 
/m/5a14774e,Michael Romeo  
/m/fef24d0e,Michael Rosenbaum
/m/5a47da63,Michael S. Brown
/m/19e5f209,Michael Sandel
/m/0b34fabf,Michael Savage
/m/66e182f3,Michael Schenker 
/m/3564492a,Michael Schuhmacher
/m/52f10826,Michael Schwerner
/m/b01c027c,Michael Showalter
/m/7b40afe8,Michael Shrieve
/m/82c4e929,Michael Shuman 
/m/490f70f6,Michael Steele 
/m/f103574d,Michael Stipe
/m/d2180d2c,Michael Sweet  
/m/3fdaba56,Michael T. Weiss
/m/60b7c24f,Michael Thomas
/m/68eaee4a,Michael Tilson Thomas
/m/e38c608d,Michael Todd 
/m/e51cc8fb,Michael Tucker
/m/100dabab,Michael Vartan
/m/5f4684dc,Michael Vosbein
/m/d64a669b,Michael W. Smith 
/m/29c265ce,Michael Warren
/m/7ea98b8d,Michael Weber 
/m/07564bf2,Michael Wilder
/m/9d731f0d,Michael Wilton  
/m/58ddd788,Michael Winner
/m/4b2fd8d4,Miche Pouliot
/m/1e07e744,Micheal Corner
/m/d83d0195,Michel Hatzigeorgiou 
/m/7d53b743,Michel Kikoine
/m/3d2b20cc,Michel Platini 
/m/4ff6523e,Michel Thomas
/m/6a5c8a7a,Michelangelo Buonarroti
/m/b5aa9976,Michele Lee
/m/d701ef54,Michele Pfeiffer
/m/ab053663,"Michele Vurchio ""Bomber"""
/m/4f9aa8a4,Michelle Branch 
/m/df0c69da,Michelle Josef
/m/a7fc9dd2,Michelle Kwan
/m/4afeaf8b,Michelle McCool
/m/4ff919dc,Michelle Meldrum  
/m/15a9a4a1,Michelle Monaghan
/m/b621122f,Michelle Obama
/m/2663ee7f,Michelle Pfeiffer
/m/9d73b2a9,Michelle Stein-Evers
/m/f7a587f8,Michelle Trachtenberg
/m/d18ba583,Michelle Vieth
/m/80547444,Michelle Williams
/m/7de737fe,Mick Abrahams  
/m/7f4311bb,Mick Barr  
/m/d4628bd5,Mick Box  
/m/87b36aa2,Mick Foley
/m/eef4711f,Mick Grabham  
/m/6444f761,Mick Green
/m/b6f1ec29,Mick Jagger
/m/6e62a322,Mick Jones  
/m/37907e46,Mick Karn 
/m/5fcbeaac,Mick Mars  
/m/72e870ca,Mick Quinn 
/m/1e10fb39,Mick Ralphs  
/m/cc5cc4c6,Mick Ronson  
/m/0449c4aa,Mick Taylor  
/m/d50e8c7b,Mick Thomson  
/m/ae9515bd,Mickey Appleman
/m/a7e824c5,Mickey Cohen
/m/77634e0d,Mickey Hart
/m/5ab593a9,Mickey Madden 
/m/5f3f4c00,Mickey McFinnigan
/m/15920fff,Mickey Mouse
/m/e23b9b07,Mickey Rooney 
/m/e0e51c2e,Mickey Ruskin
/m/96bae1f3,Mickey Schwerner
/m/632b976f,Mickie James
/m/0cce055a,Midge Decter
/m/e05efbc0,Midge Ure  
/m/663fdb7f,Migé Amour 
/m/f08837df,Might Guy
/m/e4fafca4,Mighty Mouse 
/m/e8db8f8a,Miguel Cotto
/m/983703a8,Miguel Najdorf
/m/4cb39c01,Miika Tenkula  
/m/648b6204,Mikael Akerfeldt  
/m/fd6321f8,"Mike ""The Mouth"" Matusow"
/m/a80c98b8,Mike Alexander 
/m/e9e966db,Mike Binder
/m/bf73ae4b,Mike Bishop 
/m/2ff30b1d,Mike Bloomfield
/m/18218cf0,Mike Brewer 
/m/b0062fb0,Mike Burkett 
/m/ebf69218,Mike Cammalleri
/m/9ebb869f,Mike Campbell  
/m/97f42c3b,Mike Childers
/m/ab35a569,Mike Clark
/m/6ad9ffe4,Mike D
/m/9a564a53,Mike Daly 
/m/61fc2b4f,Mike D'Antonio 
/m/58d5ac78,Mike Davenport 
/m/297d73be,Mike Davidow
/m/0bcdf750,Mike Davis  
/m/60047938,Mike de Albuquerque 
/m/b5e489f1,Mike Dean 
/m/5d2ec78d,Mike Diamond
/m/1268803d,Mike Dirnt
/m/c5e0cdca,Mike Ditka
/m/61b00872,Mike Dyball 
/m/f36ad75b,Mike Einziger
/m/4e5ebe1f,Mike Ellis
/m/d1636f9c,Mike Garson 
/m/539996e8,Mike Gordon of Phish
/m/bdcfda72,Mike Gordon 
/m/9438a38c,Mike Hartman
/m/b34e0641,Mike Hatalak  
/m/c2d2406b,Mike Herrera 
/m/125ce368,Mike Hindert 
/m/fa94972a,Mike Honda
/m/e38e2838,Mike Huckabee 
/m/bbe685e3,Mike Inez 
/m/e103f989,Mike Jacobs
/m/1ea8ba25,Mike Kennerty  
/m/712a6718,Mike Klein
/m/b6abcc21,Mike Kroeger 
/m/d11512e6,Mike Leigh
/m/37aa131e,Mike Lewis 
/m/e6d289c7,Mike Lieberthal
/m/8af727ac,Mike Mainieri
/m/66f9bf15,Mike Mangini
/m/b012330e,Mike Martin  
/m/52f3cb53,Mike May
/m/fbe1e2b7,Mike McCready  
/m/faa2ac4f,Mike Mills 
/m/979dfaff,Mike Mushok  
/m/96e42c75,Mike Myers
/m/31f308d5,Mike Ness  
/m/835309d9,Mike Nichols
/m/bf0e526b,Mike Oldfield
/m/3f222a03,Mike Pinder 
/m/df7875d9,Mike Porcaro 
/m/adbd3483,Mike Portnoy
/m/1737b6f8,Mike Riggs  
/m/dead8d3a,Mike Rossman
/m/9249cb54,Mike Rutherford
/m/ab4c0137,Mike Shinoda  
/m/772880db,Mike Singletary
/m/dc180c4e,Mike Slamer  
/m/70b515d5,Mike Starr 
/m/1a074cb8,Mike Stoller 
/m/55b6dbdc,Mike Stone  
/m/519b2970,Mike Terrana
/m/66c8a2c0,Mike Tomlin
/m/6c80ff00,Mike Turner  
/m/90fe3c4d,Mike Tyson
/m/5db0fede,Mike Varney  
/m/11cc198a,Mike Wallace
/m/9de3a0a0,Mike Watt
/m/76be34ea,Mike Yellen
/m/9d7f288c,Mikey Craig 
/m/30250094,Mikey Hachey 
/m/a1079e24,Mikey Heppner  
/m/ee014331,Mikey Welsh 
/m/9035d604,Mikhail Botvinnik
/m/d53c351d,Mikhail Fridman
/m/78b49298,Mikhail Gorbachev
/m/5b1dbda4,Mikhail Gurevich
/m/173e37e4,Mikhail Khodorkovsky
/m/a736b063,Mikhail Koltsov
/m/ae545717,Mikhail Tal
/m/383a65d0,Mikko Paananen 
/m/330f8c3f,Mikko Viljami Lindström  
/m/9996694c,Miklos Radnoti
/m/5d0909b3,Milena Kunis
/m/aece832d,Miles Davis
/m/1406a071,Miley Cyrus
/m/f0555b4b,Milford H. Wolpoff
/m/cff67a6d,Mili Avital
/m/862f0c75,Milla Jovovich
/m/2e8d0717,Millard Powers 
/m/a12f9b3a,Millicent Bagnold
/m/8ed5454c,Millicent Bulstrode
/m/92bf9212,Millions Knives 
/m/bb4ebaa5,Milos Forman
/m/baa06232,Milt Gabler
/m/60269247,Milt Gross
/m/0a04de1a,Milton Ager
/m/8554896b,Milton Babbitt
/m/d412950c,Milton Berle
/m/c6254d89,Milton Friedman
/m/d8106a9a,Milton Glaser
/m/13152c38,Milton Hershey
/m/bccf8f70,Milton Shapp
/m/42de5bd3,Mimi Marquez 
/m/b59a2cb0,Mimmo Cafiero
/m/9505928c,Mimmo Campanale
/m/34498fa1,Mina Loy
/m/b67670df,Mindy Cohn
/m/2cb4b73e,Mindy Smith 
/m/7f328020,Minerva McGonagall
/m/101c70f4,Minnie Joycelyn Elders
/m/1cab0144,Minnie Mouse
/m/82032c7c,Minnie Mouse 
/m/68174b42,Mino Petruzzelli
/m/cbbcfe7d,Mira Furlan
/m/e4ecf90c,Miranda Cosgrove
/m/59fe518e,Miranda Lambert
/m/9118ecb8,Miranda Priestly 
/m/73af1bab,Mircea Gogoncea 
/m/7fa52963,Miriam
/m/6ee0c69b,Miroku  
/m/acd1dead,Miša Aleksić 
/m/d3001e08,Misato Katsuragi 
/m/51e58987,Mischa Elman
/m/f32dc747,Miss Swan
/m/b9ed85d7,Missy Elliott
/m/f565639d,Misty May Treanor
/m/37844295,Mitch Daniels
/m/713069f7,Mitch Kapor
/m/5cbdddf6,Mitch Leigh
/m/4b1766a8,Mitch McConnell
/m/7feea14a,Mitch Mitchell
/m/6e0f6e1d,Mitchell Feigenbaum
/m/8c246987,Mitchell Parish
/m/2a9b1ae2,Mitt Romney
/m/ce55c251,MJ Hibbett 
/m/0e403418,Mo Foster
/m/48daa838,Mo Ostin
/m/397f79ad,Mo Udall 
/m/06a80056,Moaning Myrtle
/m/b8185a1e,Mobb Deep
/m/8524b007,Moby
/m/42f9fa9c,Moby Dick
/m/03c0d136,Modest Mussorgsky 
/m/5185a940,Modigliani
/m/e80b9d9b,Moe
/m/507f59b2,Moe Berg
/m/2f6f078a,Moe Dalitz
/m/5f75daf2,Moe Howard
/m/e79011ab,Moe Sczyslak
/m/f5d3f7c8,Mogli
/m/1da74846,Mohammed Ali
/m/2fbac5e7,Mohandas Gandhi
/m/919bbe40,Moisei Uritsky
/m/59b95288,Moisei Vainberg
/m/267fb6c4,Moller Eli
/m/6ca65237,Molly Brown
/m/91847b09,Molly Weasley
/m/200c3173,Mon Mothma
/m/ee9d3c70,Moni Ovadia
/m/e18f6869,Monica Bellucci
/m/7bb6c238,Monica Lewinsky
/m/2ee2ce41,Monica Seles
/m/e943c225,Monica Zsibrita
/m/39b1b0d2,Monk Montgomery
/m/b7b2bac6,Monkey D Luffy 
/m/c4ac2b82,Mononoke
/m/fbd36856,"Monsters, Inc"
/m/d9a359bb,Montague
/m/e5ed6178,Montague Glass
/m/030a79c0,Montserrat Caballe
/m/548991ec,Monty Hall
/m/c027f613,Mordecai Kaplan
/m/f5da7c85,Mordecai Myers
/m/d0e91e57,Mordecai Richler
/m/d4577ea7,Mordecai Sheftall
/m/bc23233a,Mordechai
/m/e1b1a004,Mordechai Gvirtig
/m/384d600f,Mordechai Richler
/m/f93d8841,Mordechai Vanunu
/m/0bb692a4,Mordechaj Anielewicz
/m/dfff4113,Morey Amsterdam
/m/3d95c7ad,Morfin Gaunt
/m/5aebc833,Morgan Agren
/m/0cd52526,Morgan Freeman
/m/2c172cf3,Morgan Pressel
/m/8bdcf9c9,Morley Safer
/m/87952127,Morpheus 
/m/f21cfaae,Morris Bright
/m/5883b176,Morris Cohen
/m/3076738c,Morris Halle
/m/d9d149c9,Morris Lapidus
/m/4a96c9e9,Morris Louis
/m/8ef9d507,Morris Markin
/m/25e123cc,Morris Michtom
/m/2ef9cd1f,Morris Raphael Cohen
/m/958f39da,Morris Swadesh
/m/f519daf9,Mort Sahl
/m/312045de,Mort Shuman
/m/adf2f6fd,Mort Weisinger
/m/f24df732,Mort Zuckerman
/m/e3013bdb,Morten Veland 
/m/f7331963,Mortimer Adler
/m/e81d04d1,Mortimer Mishkin
/m/521603a4,Morton Feldman
/m/15cd5a05,Morton Gould
/m/8f6f9919,Morton Shulman
/m/cff97b66,Morty
/m/910bc7fc,Morty Black 
/m/a681979b,Moses
/m/be569228,Moses Alexander
/m/3c0a7639,Moses Chaim Luzzato
/m/9130b37b,Moses de Leon
/m/d04f9aab,Moses Gomberg
/m/6b04b641,Moses Haim Montefiore
/m/711a88ba,Moses Howard
/m/e83d00e9,Moses Maimonides
/m/c7804f50,Moses Mendelssohn
/m/dac0bd6a,Moses Montefiore
/m/f6c08a96,Moses Sithole
/m/db46d526,Moses Sofer
/m/58a50554,Moshe Bar
/m/c90e1304,Moshe Dayan
/m/3e677b9d,Moshe Feinstein
/m/de98c283,Moshe Feldenkrais
/m/7c5fa180,Moshe Greenberg
/m/4dd909a5,Moshe Katsav
/m/08ff83d0,Moshe Marzouk
/m/9efca2d2,Moshe Sharett
/m/e9d5b56c,Moshe Yaalon
/m/f560ed36,Moss Cass
/m/7db38b15,Moss Hart
/m/cd743678,Mother Teresa
/m/d59604f9,Motoko Kusanagi  
/m/b9942031,Moya Brennan
/m/67a9cdbf,Mozart
/m/a55da117,Mr Bean
/m/e53505ea,Mr. Fantastic
/m/9ad46df0,Mr. Furley
/m/abcd2ab4,Mr. Kool-Aid
/m/46575dea,Mr. Magoo 
/m/12d7d164,Mr. Rogers
/m/c48dce06,Mr. T
/m/9a5b7231,Mr. Weatherbee
/m/02f9c94c,Mr.Ollivander
/m/0c0224ee,Mrs Figg
/m/61a8fce2,Mrs. Norris
/m/b1b1ed8e,Ms. Mavel
/m/03328a0a,Muddy Waters 
/m/4cc456a1,Mudge
/m/2b1d6842,Muff Winwood 
/m/1f51d57a,Muhammed Suiçmez  
/m/24dc0734,Mummies Alive
/m/98a5a5ff,Mundungus Fletcher
/m/d80991ea,Murazzi Michele
/m/994a8be0,Murdoc Niccals 
/m/c905b740,Muriel Rukeyser
/m/f44150c6,Muriel Siebert
/m/1ea528f0,Murray Foster 
/m/012187d0,Murray Gell-Mann
/m/8f4f2d47,Murray Perahia
/m/32f695e9,Murray Rothbard
/m/867f9919,Muttley 
/m/cf7ed529,Muzz Skillings 
/m/96ea75dd,Mya
/m/3fe45ffa,Myer Prinstein
/m/a04e90e0,Myles Goodwyn  
/m/84821267,Mylon Lefevr 
/m/92186c5c,Myron Scholes
/m/3677eeae,Naaman Belkind
/m/48141297,Nabuu Brothers  
/m/966bdaa9,Nachman Krochmal
/m/0e619be6,Nachman of Breslav
/m/1aa5d687,Nadine Gordimer
/m/40f8d2a2,Nadine Strossen
/m/8b162beb,Nadja Peulen 
/m/66e8fa49,Naftali Zvi Yehuda Berlin
/m/6fd050c5,Nagamimi  
/m/f6db0ee8,Nagini
/m/4dd56f94,Nahmanides
/m/34bb099c,Namor
/m/8e1afd7b,Nan Goldin
/m/01a06710,Nana Vasconcelos
/m/77ca84cb,Nancy Lieberman
/m/e07d5db8,Nancy Meyers
/m/aba7b9c7,Nancy Pelosi
/m/053e87a1,Nancy Spero
/m/11e736a7,Nancy Spungen
/m/bed4ef26,Nancy Stafford 
/m/2560e548,Nancy Walker
/m/dc549f03,Nancy Wilson  
/m/c3b11c4a,Nancy 
/m/4098d651,Nanni Moretti
/m/5a6b2d8f,Nannie Doss 
/m/5e12ce01,Naoki Ryo  
/m/0686b74b,Naomi Watts
/m/3f891833,Naomi Wolf
/m/8c8f3151,Naoshi Mizuta 
/m/0920dc66,Naota Nandaba  
/m/0eaa3973,Napoleon Bonaparte
/m/0bdc701e,Napoleon Dynamite 
/m/d8758cd5,Narciso Yepes 
/m/5280a7ed,Narcissa Malfoy
/m/a3c311e9,Narrator  
/m/6f5b041a,Nat Holman
/m/3fa9aa94,Nat King Cole
/m/e1417242,Natalie Appleton of All Saints
/m/47a052ef,Natalie Dessay
/m/da1e9558,Natalie Goldberg
/m/6ee40330,Natalie Hawthorne
/m/41ae083c,Natalie Imbruglia
/m/e421ecf7,Natalie Portman
/m/2d4becea,Natalie Schafer
/m/834fe273,Natan Shcharansky
/m/ed469b9c,Natan Tenenbaum
/m/64c85703,Natasha Bedingfield
/m/c99a9fe8,Natasha Fatale
/m/8dae1797,Natasha Lyonne
/m/b65ddf7c,Natasha Shneider 
/m/654951bd,Natasi Daala
/m/1adc4dd5,Nate Albert  
/m/69968c8b,Nate Mendel 
/m/6205d21b,Nate Query 
/m/4672ce69,Nathan Divinsky
/m/ee425d2a,Nathan East 
/m/4c82bdf0,Nathan Gunn
/m/855f343e,Nathan Mayer Rothschild
/m/03823e71,Nathan Milstein
/m/31e61fdf,Nathan Strayer  
/m/12cfda2b,Nathan Swartz
/m/bc6dec0f,Nathan Watts 
/m/af240b91,Nathanael West
/m/df79477d,Nathaniel Hawthorne
/m/f23c5e6c,Neal Doughty 
/m/6a6f3c16,Neal Schon
/m/e00b214a,Neal Smith
/m/5a9fa5bd,Ned Block
/m/71d755c1,Ned Glass
/m/8eac7b94,Neely Jenkins 
/m/fa4b317c,Nehemiah Cohen
/m/8a47a117,Neil Armstrong
/m/f9f7d1f2,Neil Diamond
/m/7e65ad9a,Neil Gaiman
/m/e1b5d0ec,Neil Gillman
/m/57f2cab0,Neil Goldschmidt
/m/af96b861,Neil Martin
/m/a0701e95,Neil Postman
/m/50bf9d00,Neil Sedaka
/m/3fe2127a,Neil Simon
/m/4bd25599,Neil Stubenhaus 
/m/66324ed2,Neil Walk
/m/aee13af8,Neil Young
/m/014a93c4,Neji Hyuuga
/m/791dce39,Neko Case  
/m/03b87441,Nell Carter
/m/d39eb69e,Nelly Furtado 
/m/34f1a42e,Nelly Sachs
/m/75bc6575,Nelson 
/m/2bdf3bf3,Nelson Algren
/m/1c3ad565,Nelson Goodman
/m/f256b9ea,Nelson Mandela
/m/89fb9405,Nemo
/m/cdd7b1ed,Neve Campbell
/m/fc597812,Neville Longbottom
/m/535650c3,New Found Glory
/m/3d33b4ca,Newt Gingrich
/m/322f1db4,Ne-Yo
/m/37fbf448,Nic Cester  
/m/b87298a2,Nicholas Barron 
/m/281ea090,Nicholas Bullen 
/m/948aa75e,Nicholas Cage
/m/299a6c19,Nicholas Flamel
/m/6f20d7fd,Nicholas Meyer
/m/ca4e23de,Nicholas Roeg
/m/34d6ed2e,Nicholas Tse 
/m/e929bdd4,Nichole Richie
/m/5b85ed98,Nick Beggs 
/m/1b45983d,Nick Berg
/m/1c6d0fdb,Nick Carter
/m/93f6e367,Nick Catanese  
/m/94374171,Nick Drake 
/m/3f4f8af7,Nick Feldman 
/m/34e2a6b0,Nick Fury
/m/b49a2a80,Nick Fyffe 
/m/cd4419b5,Nick Gilder  
/m/4edc1f59,Nick Gregory
/m/5a41def3,Nick Griffin
/m/9fbfb43b,Nick Harmer 
/m/94477610,Nick Hawkins  
/m/939464fb,Nick Lowe 
/m/e75085e0,Nick McCarthy  
/m/865d801d,Nick Menza
/m/b06b12d1,Nick Oliveri 
/m/9ba7c1df,Nick O'Malley 
/m/1015a63c,Nick Seymour 
/m/1809f780,Nick Sheppard  
/m/ee4f60b7,Nick Valensi  
/m/53baa672,Nick Wheeler  
/m/1183aa98,Nick Wiggins 
/m/3a80788f,Nick Zinner 
/m/d6656b56,Nicke Andersson  
/m/55c92d9d,Nicke Borg  
/m/3cc3780b,Nicky Cruz
/m/dec62ed8,Nicky Gebhard
/m/a5254155,Nicky Hopkins 
/m/2a37e23b,Nicky Wire 
/m/58d28d14,Nicolas Cage
/m/be212153,Nicolas Godin 
/m/c4fc3d98,Nicole Appleton of All Saints
/m/153f2b44,Nicole Bass
/m/621f77fb,Nicole Hollander
/m/cfd6abdc,Nicole Kidman
/m/74246c8d,Nicole Scherzinger
/m/bbd85e5d,Nicolette Sheridan
/m/f6df82e1,Nidia Guenard
/m/16156413,Niels Bohr
/m/dcddfc83,Niels Henrik David Bohr
/m/1bc506eb,Nien Nunb
/m/74e4306f,Nigel Griggs 
/m/59efec48,Nigel Harrison 
/m/2bd170a2,Nigel Lawson
/m/50f307c9,Nigel Olsson 
/m/1939a9ec,Nigella Lawson
/m/ea3d7012,Nightcrawler
/m/7715a849,Nikita Mikhalkov
/m/484a92c8,Nikki Flores
/m/93c717f5,Nikki Griffin
/m/86783448,Nikki Reed
/m/d8c98bc1,Nikki Schieler Ziering
/m/5ce9edd4,Nikki Sixx 
/m/94847510,Nikki Ziering
/m/c676c1a5,Niklas Almqvist  
/m/168e8e87,Niklas Sundin  
/m/5cd5217c,Nikolai Fraiture 
/m/88415144,Nikolai Rimsky-Korsakov 
/m/79585a37,Nimphodorah Tonks
/m/e7a76fc1,Nina Gordon  
/m/aa38e71c,Nina Hartley
/m/229d26fd,Nina Stemme
/m/3f855176,Nissim Ezekiel
/m/6a2cc641,Nissim of Gerona
/m/36af4493,Nita Lowey
/m/eddf09b0,Noa Briqualon
/m/cfa36b7c,Noah
/m/57e0b2e4,Noah Cantor
/m/e4d6e182,Noah Taylor
/m/a8ba16c2,Noah Wyle
/m/a7670735,Noam Chomsky
/m/288dd120,Noam Elkies
/m/f223e55a,Noel Gallagher
/m/b5e5ddfd,Noel Paul Stookey
/m/995249e1,Noel Redding 
/m/09d7d866,Noggin the Nog
/m/9bc77003,Noid
/m/5ec89f88,Nokie Edwards  
/m/e1b969e2,Nono 
/m/66349294,Noodles  
/m/650bf2c8,Nora Ephron
/m/730f7538,Nora Greenwald
/m/50a16ac5,Nora Roberts
/m/17c72894,Norah Jones
/m/d51aa1fc,Norbert
/m/4bb0861b,Norbert Krief  
/m/8ec77747,Norbert Weiner
/m/7097e3ed,Norberto Di Bella
/m/a83166e6,Norm Coleman
/m/5e4cd5c6,Norm Crosby
/m/1846a418,Norm MacDonald
/m/37a3ab46,Norm Miller 
/m/e5d46e8c,Norma Shearer
/m/70072a46,Norman Abramson
/m/6307e608,Norman Blake  
/m/eb4c7c8e,Norman Blake 
/m/278a6ffa,Norman Cantor
/m/3a13ff30,Norman Cohn
/m/4eae84fb,Norman Corwin
/m/9138e160,Norman Fell
/m/5dccd089,Norman Finkelstein
/m/40e45946,Norman Gerschwind
/m/d66cbfa8,Norman Gimbel
/m/6a1ada68,Norman Granz
/m/22e9cc6a,Norman Greenbaum
/m/1f6326e4,Norman Hackerman
/m/46232d85,Norman Lamm
/m/70109dd8,Norman Lear
/m/fe8f5abd,Norman Levinson
/m/5e283268,Norman Mailer
/m/50c3387f,Norman Mineta
/m/64d7d887,Norman Norell
/m/1d14bc24,Norman Ornstein
/m/0e3da24e,Norman Osborn
/m/c0d13efe,Norman Podhoretz
/m/ed0b5833,Norman Rockwell
/m/68321778,Norman Schwarzkopf
/m/47ebb644,Norman Sisisky
/m/ae0b8c59,Norman Vincent Peale 
/m/b9376789,Norman Watt-Roy 
/m/52b6cca9,Nosson Zvi Finkel
/m/6fc134c1,Nostradamus
/m/a761e145,"Nott, Theodore"
/m/4b8f671b,Nuno Bettencourt
/m/bf8c516a,Nuno Mindelis 
/m/304aa99d,"Nyberg, Karen L."
/m/fd97cb7a,Nymphadora Tonks
/m/0737c424,Obadiah ben Abraham 
/m/c859ca6f,Obadiah ben Jacob Sforno
/m/db543fea,Obi-Wan Kenobi
/m/94b94aa8,Obo Addy
/m/2da974ea,Oda Nobunaga  
/m/518f5994,Oded Fehr
/m/a5a0fa37,Oeri
/m/d17f0ce0,Oji Tanaka  
/m/b3698096,"Ole Moe , Aura Noir)"
/m/e37c83a7,Ole-Johan Dahl
/m/b7868e26,Olga Sosnovska
/m/085ceb46,Olivander
/m/b45f19b5,Olive Oyl
/m/8ada045c,Oliver Hudson
/m/27f63855,Oliver Kahn 
/m/43be1347,Oliver Riedel 
/m/999b4724,Oliver Sacks
/m/1a7bcc18,Oliver Stone
/m/eee09733,Oliver Wood
/m/ee272afc,Olivia Goldsmith
/m/3b0221ab,Olivia Newton 
/m/0dd352a3,Olivier Manchion 
/m/d4fce38b,Olsen Twins 
/m/5a3d8a33,Olympe Maxime
/m/cf9eb519,Olympia Snowe
/m/9baa7d09,Omar Abdel-Rahman
/m/772729b5,Omar Hakim
/m/c9ce93d8,Omar Little
/m/2868a582,Omar Rodriguez-Lopez 
/m/7ea18521,Omnisoul
/m/24b40b8a,Omri Katz
/m/173f25dc,Onel A. de Guzman
/m/b1875cbc,Onsokumaru 
/m/09a67ab1,Oola
/m/7e4501be,Oprah Winfrey
/m/a352c2c6,Optimus Prime
/m/fb9d0830,Oral Roberts
/m/7ed212c2,Orel Herschiser 
/m/c301601a,Orla Quirke
/m/072e871c,Orlando Bloom
/m/efa9242c,Orson Welles
/m/704052d2,Orville Wright
/m/42867527,Osama Bin Laden
/m/ba37b6a6,Oscar De La Hoya
/m/bb3491b5,Oscar Goldstein
/m/eee24226,Oscar Goodman
/m/150e7773,Oscar Hammerstein
/m/016dee2f,Oscar Handlin
/m/dff18e53,Oscar Homolka
/m/84e80d4d,Oscar Latino
/m/89bf973d,Oscar Levant
/m/cb2db712,Oscar Robertson 
/m/583096a1,Oscar Straus
/m/44768e12,Oscar Wilde
/m/358c120f,Oscar Zariski
/m/969c1744,Osip Mandelshtam
/m/43f4a1fe,Oskar Klein
/m/ce76860a,Oskar Morawetz
/m/8f329091,Oskar Morgenstern
/m/3ed7d912,Oskar von Reuenthal 
/m/f7a53308,Ossie Schectman
/m/79dfd647,Ossip Bernstein
/m/ced792b8,Oswald Chambers 
/m/a541cd44,Oswald Jacoby
/m/114e74ae,Oteil Burbridge 
/m/6b58e4b1,Otokichi Nakane  
/m/e7092fc4,Ottmar Liebert 
/m/1be93899,Otto Bagman
/m/1136f592,Otto Klemperer
/m/b95c91ab,Otto Loewi
/m/d654f360,Otto Maria Carpeaux
/m/c29c52b0,Otto Meyerhof
/m/909a3062,Otto Preminger
/m/d5c1e39f,Otto Stern
/m/93b4667f,Otto Wallach
/m/ca71ef80,Otto Weininger
/m/645531bb,Ovadia A. Vaknin
/m/beda5602,Ovadia Yosef
/m/8b6f2d72,Owen Biddle 
/m/0cd838da,Owen Cauldwell
/m/a3da6742,Owen Wilson
/m/7aeae10e,Oz Fox  
/m/9ac8c53d,Ozzy Osbourne
/m/58ceedb1,P.F. Sloan
/m/fa0a8231,P.J. Clevenger
/m/28e8364c,P.J. Thomas
/m/18baefe8,Pablo Aimar 
/m/54c3156e,Pablo Piccaso
/m/7bbecae6,Pac-Man
/m/dce72e0b,Paco Benitez
/m/7d2d3cff,Paco de Lucia 
/m/2a31b048,Paco Peña 
/m/8bb4baf4,Paddy Chayefsky
/m/27e5b83d,Padma Patil
/m/582d4c6a,Padme Amidala
/m/1342a9a1,Page Falkenberg
/m/097f41dd,Page Hamilton  
/m/9e1919cb,Page McConnell 
/m/b0112cc5,Paige Davis
/m/c3bd1e3e,Paige Haley 
/m/49a17539,Pamela Anderson
/m/41610a79,Pamela Dennis
/m/3485cf1e,Pancho Villa
/m/f98bad2d,Pansy Parkinson
/m/96832465,Paolo Cazzanti
/m/0074303c,Paolo Gregoletto 
/m/6dc4e663,Paolo Maldini 
/m/d8624118,Paolo Mappa
/m/b17284a5,Paolo Valli
/m/7b1a39b6,Pappo 
/m/eeb6eb5a,Paris Hilton
/m/e3494b57,Parvatie Patil
/m/f6e06283,Pat Badger 
/m/3fad1eab,Pat Benatar 
/m/e968d9de,Pat Boone 
/m/b67a1851,Pat Donaldson 
/m/dc4237f5,Pat Metheny  
/m/261f3880,Pat Morita
/m/d627daf0,Pat O'Donnell
/m/94a49eed,Pat Petrillo
/m/1d26b793,Pat Priest  
/m/46868e2b,Pat Quinn
/m/d7558892,Pat Robertson
/m/cf610e28,Pat Smear
/m/c3ab734e,Pat Smear  
/m/e9a4fe7b,Pat Travers 
/m/7c76f6d3,Patrice Guers 
/m/8eaff12d,Patricia Arquette
/m/1f1b8237,Patricia Bath
/m/1c9f3b51,Patricia Day 
/m/62d71416,Patricia Racette
/m/f136747a,Patrick Dahlheimer 
/m/4f2a532b,Patrick Marber
/m/f114b013,Patrick Moraz 
/m/96bb089d,Patrick O'Hearn 
/m/bc4b8ece,Patrick Pewterschmidt
/m/5e82c6a4,Patrick Scales   
/m/80d6d900,Patrick Star
/m/afa0aa3b,Patrick Stump  
/m/3b18c9fc,Patrick Swayze
/m/ff427d57,Patrick T Doody
/m/037e2823,Patrick Vieira 
/m/ef3a9876,Patrick Walden  
/m/faa53458,"Patrick, Nicholas J. M."
/m/fd0b6641,Patsy Cline
/m/a48330bf,Patti Label 
/m/8934ff47,Patti Loveless
/m/5d0f1549,Patti Smith
/m/ad52da4a,Patty Hewes 
/m/b88c9f68,Patty Selma
/m/0e4c894d,"Paul ""Mac""Mc Kinnon"
/m/1a9099f0,"Paul ""Pab"" Brown"
/m/bf607a6f,"Paul ""Wix"" Wickens "
/m/e1c84624,Paul Allan
/m/58239319,Paul Allender  
/m/b38e1ff6,Paul Anka
/m/c63e8655,Paul Arthurs  
/m/0a13a58a,Paul Auster
/m/f993a9dc,Paul Azinger 
/m/9f305b89,Paul Banks  
/m/b71b6052,Paul Baran
/m/b0405f74,Paul Barker 
/m/0ca5f552,Paul Benacerraf
/m/5e3fef96,Paul Berg
/m/aa263941,Paul Bernardo 
/m/c242df60,Paul Brandit
/m/da64d164,Paul Brett 
/m/00b814ad,Paul Caiafa  
/m/21a841bb,Paul Celan
/m/383b2612,Paul Cézanne
/m/34f4b9ea,Paul Cohen
/m/cbdf017c,Paul Colman 
/m/19f7f356,Paul De Lisle 
/m/2058e182,Paul Di Anno
/m/79439a2f,Paul Doucette  
/m/1a26d87b,Paul Dukas
/m/396766d3,Paul Ehrlich
/m/c220d8c4,Paul Ekman
/m/b14d8437,Paul Erdos
/m/0f8f86aa,Paul Francis Webster
/m/166490b9,Paul Frees
/m/146c1d4b,Paul Gardiner 
/m/dda4bdf7,Paul Gauguin
/m/7aa68870,Paul Gilbert
/m/d295fc85,Paul Glaser
/m/4b486904,Paul Gray 
/m/c49edc5d,Paul Greengard
/m/a2840280,Paul Halmos
/m/27f8d5de,Paul Hamm
/m/fd3f110a,Paul Harvey
/m/734e3bcc,Paul Heyman
/m/a9c06e21,"Paul Jackson, Jr. "
/m/d826f497,Paul Johann Ludwig Heyse
/m/77a5a6e5,Paul Krassner
/m/fd0d00c3,Paul Krouch
/m/0db7d1bc,Paul Krugman
/m/c8c05d6e,Paul Landers  
/m/addc5ea0,Paul Lazarsfeld
/m/514d4d4d,Paul Lukas
/m/2678b383,Paul Mazursky
/m/42e7f4cf,Paul McCartney 
/m/342f22d3,Paul Michael Glaser
/m/a070c75e,Paul Molitor  
/m/6f48f17a,Paul Motian
/m/43483338,Paul Muni
/m/22bf022c,Paul Newman
/m/1979632c,Paul Noonan 
/m/f4def216,Paul Novosel
/m/ef9fd36b,Paul Quinn
/m/68740252,Paul Radin
/m/3d44cc10,Paul Rand
/m/c3b3d2a1,Paul Raven 
/m/16532a59,Paul Reichmann
/m/bbba328b,Paul Reiser
/m/d77acd7e,Paul Reubens
/m/04686f59,Paul Reynolds  
/m/8cdd31b9,Paul Rudd
/m/21b9be05,Paul Ryan  
/m/86b96cb4,Paul Samuelson
/m/75e7b61b,Paul Samwell-Smith 
/m/6988918b,Paul Shaffer
/m/39b2d1e1,Paul Simon
/m/86a665cd,Paul Stanley
/m/fcfee691,Paul Stookey
/m/b0900525,Paul Strand
/m/a0c83bc5,Paul Tagliabue
/m/12dcaf7c,Paul Thomas 
/m/504e7833,Paul Thompson
/m/44500495,Paul Tobias  
/m/648f60a6,Paul Waaktaar-Savoy  
/m/d47fc373,Paul Walker  
/m/2dc79151,Paul Wall
/m/7c8dcaac,Paul Warburg
/m/3b354072,Paul Weitz
/m/ebddce25,Paul Weller  
/m/1aa7d2a3,Paul Wellstone
/m/a78bbf59,Paul Wertico
/m/dbb8e686,Paul Wilson 
/m/5f21ed69,Paul Winchell
/m/d3eef34f,Paul Wittgenstein
/m/eb1aa656,Paul Wolfowitz
/m/a468bc44,Paul Wyle   
/m/5cddcd0e,Paula Abdul
/m/116b307e,Paula Tallal
/m/19a769c7,Paulette Goddard
/m/47ef3a24,Paulie Ayala
/m/dbbb92bf,Pauline Friedman
/m/f24fd449,Pauline Trigere
/m/1fed364f,Paulinho Da Costa
/m/2964311b,Paulo Coelho
/m/fbf8dead,Paulo Costanzo
/m/a46f555e,Paulo Xisto Pinto Jr. 
/m/93ddbde0,Pauly Shore
/m/e9760c76,Pavel Axelrod
/m/91441872,Payne Stewart 
/m/59c79ea3,Paz Lenchantin 
/m/589f32c4,Peaches 
/m/4c2f1d46,Pearl the Landlord
/m/f5a72469,Pebbles 
/m/cf8139e4,Pedro Alonso Lopez
/m/c8a8d2d4,Pedro Aznar 
/m/b492c8b4,Pedro Lopez
/m/3da2c675,Pee Wee Herman
/m/fb6fa897,Peeves
/m/d5c47769,Peggy A. Whitson
/m/560127d5,Peggy Lipton
/m/c763caab,Pekka Pohjola 
/m/a01a38a5,Pelé
/m/83503a02,Penelope Clearwater
/m/6b66c7d9,Penelope Cruz
/m/cee82d69,Pepe Le Pew 
/m/f8685f82,Peppe Merolla
/m/9447c4de,Pepsi Tate 
/m/26e0dd7f,Per Gessle  
/m/fd542074,Percy Faith
/m/71a7c964,Percy Jones 
/m/670f96a7,Percy Lavon Julian
/m/d2e87eab,Percy Weasly
/m/035f9ed4,Perry Bamonte  
/m/31bf0fb6,Perry Farrell 
/m/f0f185aa,Perry Green
/m/4c519d8e,Perry White
/m/283cbad0,Persi Diaconis
/m/8cd85723,Pertunia Dursly
/m/44f36287,Pete Best
/m/528f565a,Pete Birrell 
/m/cea6bc0b,Pete Brown
/m/54b4064f,Pete Cortese  
/m/03a5c579,Pete Doherty  
/m/f619e42e,Pete Drake 
/m/27ee71d6,Pete Farndon 
/m/e87fc1d6,Pete Maravich
/m/0eab4211,Pete Sampras
/m/3da172d7,Pete Shelley  
/m/222d0802,Pete Thomas
/m/d2fa8d3a,Pete Townshend
/m/2c613929,Pete Trewavas 
/m/3430b3e5,Pete Wentz 
/m/99b58459,Pete Willis  
/m/ca446bee,Pete Yorn 
/m/f4fd703a,Pete Zeldman
/m/d6c0d4fe,Peter Asher  
/m/ba88203a,Peter Baltes 
/m/5829604b,Peter Bardens
/m/0da170a9,Peter Barnes
/m/8544bec1,Peter Bart
/m/e0d97536,Peter Baume
/m/41d0b495,Peter Bentley
/m/5e90affc,Peter Berg
/m/af006636,Peter Blau
/m/92b83e78,Peter Bogdanovich
/m/37ce18c2,Peter Buck  
/m/30c10a21,Peter Cetera 
/m/c00eb53a,Peter Cincotti
/m/a0fabfa6,Peter Coyote
/m/ced03c63,Peter Criss
/m/1b64cc78,Peter David
/m/64356348,Peter Deutsch
/m/7bbcfcd4,Peter Eisenman
/m/1799f329,Peter Elias
/m/974f8c0e,Peter Erskine
/m/b0f00886,Peter Falk
/m/262982c3,Peter Feldman
/m/5f107097,Peter Frampton  
/m/82c5955d,Peter Gabriel
/m/2605dc91,Peter Gallagher
/m/1ef83571,Peter Gay
/m/f682af4d,Peter Gifford 
/m/0585c81b,Peter Giger 
/m/b8e475cd,Peter Goldmark
/m/00504323,Peter Green
/m/a5659225,Peter Greenaway
/m/c8471eba,Peter Griffin
/m/1c10eee8,Peter Himmelman
/m/bbb03234,Peter Hook 
/m/d49ca305,Peter Hume 
/m/d5cac47b,Peter Hyams
/m/2c241cc1,Peter Ilyich Tchaikovsky 
/m/65946b44,Peter Ivany
/m/f82b135f,Peter Iwers 
/m/11a3617f,Peter J. Weinberger
/m/bd4019aa,Peter Jackson
/m/057c9465,Peter Jennings
/m/a98c94f3,Peter Koppes  
/m/d7f0564e,Peter Lax
/m/359c46bb,Peter Lindgren  
/m/d6e63012,Peter Lobo
/m/925fb0db,Peter London 
/m/eecd5bca,Peter Lorre
/m/bcbac497,Peter Mandelson
/m/f68b8144,Peter Mark Richman
/m/7f6c633a,Peter Marshall
/m/8cbc94b8,Peter Max
/m/c222138c,Peter Munk
/m/72b8bcd9,Peter Neufeld
/m/81a0b849,Peter Olsson 
/m/b1f7e8c5,Peter Pan
/m/88e7d24b,Peter Paul Rubens
/m/50d8984f,Peter Petigrue
/m/182f6674,Peter Quaife 
/m/b03a803c,Peter Revson
/m/4bd73213,Peter Riegert
/m/663ebc82,Peter S. Beagle
/m/714dec99,Peter Sellers
/m/56cc6421,Peter Singer
/m/2b319fc4,Peter Steele 
/m/dcca24ee,Peter Strauss
/m/07294472,Peter Svensson  
/m/89aa73e3,Peter Svidler
/m/3b353709,Peter Tork 
/m/65a48861,Peter Weir
/m/c149b1b6,Peter White 
/m/3f073b77,Peter Wolf 
/m/99390c58,Peter Yarrow 
/m/68e8ec56,Petr Cech 
/m/a892a230,Petre Roman
/m/396c6700,"Pettit, Donald R."
/m/607e03ec,Petunia Dursley
/m/c26f83b9,Peyton Manning
/m/48cf9270,PG Wodehouse
/m/6380b917,Phil Campbell  
/m/ef75f9b9,Phil Chess of the Chess Brothers
/m/2d07d76b,Phil Chevron  
/m/81975586,Phil Collen  
/m/44f1fa64,Phil Collins
/m/31378bd6,Phil Dalmolin
/m/69c79a77,Phil Donahue
/m/04af5e4d,Phil Harris
/m/99ffd987,Phil Jackson
/m/60e8c022,Phil Joel 
/m/a40567c1,Phil Katz
/m/788a131e,Phil Keaggy 
/m/fa87defa,Phil Lesh 
/m/d501b4bb,Phil Lynott 
/m/9a719de0,Phil Ochs
/m/fe7ff616,Phil Rudd
/m/ef65d128,Phil Silvers
/m/709e9d13,Phil Small 
/m/dc81d831,Phil Spalding 
/m/91bbf6c3,Phil Spector
/m/eaed5d8a,Phil Thornalley 
/m/ba58f6a7,Philip Anschutz
/m/f40e8e37,Philip Bailey 
/m/7fd5f2ed,Philip Catherine 
/m/489de144,Philip Emeagwali
/m/e0c39b07,Philip Glass
/m/748af37e,Philip Guston
/m/9b8784c9,Philip Kaufman
/m/22378595,Philip Levine
/m/0b701378,Philip M. Klutznick
/m/4a817f36,Philip Roth
/m/2cf74d26,Philip Seymour Hoffman
/m/1b817dfd,Philipp Frank
/m/409e5cab,Philipp Lahm 
/m/f8493927,Philippe Halsman
/m/fe74570a,Phillip Klutznick
/m/5515b770,Phillip Knight
/m/3ff5db11,Phillipe Jaloussky
/m/38cf265a,Philly Jo Jones
/m/efe5174a,Philo
/m/c380e900,Philo Judaeus
/m/c8824bdd,Phineas Horowitz
/m/eed5a574,Phish
/m/64297ca0,Phoebe Cates
/m/8601ecfe,Phoebe Snow
/m/b950108f,Phoebus Levene
/m/643bfac8,Phranc
/m/ada5ced2,Phyllis Bennis
/m/e9b855fc,Pier Paolo Pasolini
/m/2f368391,Pierce Brosnan
/m/733e1e8e,Piero Borri
/m/b9f672ae,Pierre Bouvier  
/m/5697c192,Pierre Darmon
/m/0018410d,Pierre De Reeder 
/m/c2d26cf8,Pierre Mendes-France
/m/af675708,Pierre Monteux
/m/c052a79b,Pierre Omidyar
/m/fefadcd8,Pierre Salinger
/m/5e9bd79d,Pierre-Auguste Renoir
/m/50d2f540,Piers Polkis
/m/97978697,Pieter Brueghel the Elder
/m/c20893eb,Pietro Vitale
/m/20ad439e,Pig Benis 
/m/8c09ee8e,Piglet
/m/b9618759,Pigwigeon
/m/ebb6225d,Pinchus Kremegne
/m/8dc5344b,Pink
/m/6df34c25,Pinnochio
/m/db638e40,Pino Palladino 
/m/1f5a1e7d,Piper Laurie
/m/cff504e7,Pippin
/m/df0905f9,Placido Domingo
/m/249dc6bb,Plain White Ts
/m/3aa3cde8,Plato
/m/684398ab,Plo Koon
/m/ea8dbc79,Pluto
/m/ded3ff01,Pocahotnus
/m/20bbc39a,"Polansky, Mark L."
/m/818cd32b,Popa Chubby
/m/f5e1385f,Popeye
/m/e7ed723e,Porky Pig
/m/bb81507a,Porl Thompson  
/m/ea5217a5,Porter Wagner
/m/9f5d5103,Practical Pig
/m/6285027a,Prairie Prince
/m/df71f129,Prescott Niles 
/m/034912de,Preston R Tisch
/m/a08bf7c4,Preston Reed 
/m/daecc299,Preston Sturges
/m/a690f758,Pretty Ricky
/m/2b7fa933,Primo Levi
/m/97c8f692,Prince
/m/f373b373,Prince Xizor
/m/713245e4,Princess Leia
/m/de4026d6,Princess Mononoke
/m/688acdb7,Princess Superstar
/m/a2a0c591,Priss S. Asagiri
/m/d9997527,Prof. Binns
/m/796d4077,Prof. Dippet
/m/a11d130a,Prof. Flitwick
/m/277d16bb,Prof. Grubbly-Plank
/m/c1fb42be,Prof. Lockhart
/m/8ebe3a63,Prof. Quirell
/m/2b62b6e5,Prof. Severus Snape
/m/6c48d87b,Prof. Slughorn
/m/8cf13825,Prof. Sprout
/m/1056d96b,Prof. Trelwaney
/m/15a7dd81,Prof. Vecter
/m/a6876433,Professor Frink
/m/e22d6f6f,Professor X
/m/e69e6446,PROXY
/m/c1f0c394,Psylocke
/m/b7f8744c,Pumba
/m/75f45d89,Punisher
/m/290fda31,Pyotr Leonidovich Kapitsa
/m/344bfc53,Q*bert
/m/b621d4aa,Quark Griffin
/m/850cf739,Quatre from Gundam Wing
/m/c18c1f3c,Queen Elizabeth 
/m/ed9970e1,Queen Latifah
/m/c20a066f,Queer Duck
/m/cb6d3fe9,Quentin Kopp
/m/8f16c898,Quentin Tarantino
/m/d387fb17,Quicksilver
/m/b5c71c1d,Quietdrive
/m/81ad6a15,Qui-Gon Jinn
/m/e8ecc320,Quincy Jones
/m/042a6f76,Quinlan Vos
/m/faa735f8,Quinn Allman  
/m/fb0ce8e9,Quinn Martin
/m/471ec751,R. Kelly
/m/a17d3e5f,R. L. Burnside 
/m/13beef4f,R. Stephen Berry
/m/1390c2d4,R. Stevie Moore
/m/585f60c9,R.B. Kitaj
/m/c32aadef,R.G. LeTourneau
/m/8f6a3346,R.H. Thomson
/m/388ef2d6,R.Kelly
/m/e5a43740,R.L. Stevenson
/m/be7a786a,R.L. Stine
/m/552c0dcb,R2-D2
/m/dea4f52f,Rabbah
/m/c44a29c8,Rabbenu Gershom
/m/532807d5,Rabbi Akiva
/m/a793156a,Rabbi Menachem Mendel
/m/9fa90135,Rabbi Shmuel
/m/8fc42821,Rabbi Yochanan
/m/8bcd1c68,Rabindranath Tagore
/m/b5a19be7,Rachael Sage
/m/bc4a4c90,Rachel
/m/ac6cacf3,Rachel Bilson
/m/8c5866db,Rachel Bolan 
/m/d0c2d4db,Rachel Carson
/m/ddffa1b5,Rachel Dratch
/m/d85a065a,Rachel Green 
/m/235c8121,Rachel Hurd-Wood
/m/dd8bb744,Rachel Maddow
/m/f5cf4a22,Rachel McAdams
/m/45d04b38,Rachel Weisz
/m/5122d20f,Rafael Nadal
/m/cce27db2,Raffi
/m/db1e82cd,Rahm Emanual
/m/9c82f3da,Rahsaan Roland Kirk
/m/74ca9250,Rainer Wolf Fassbinder
/m/193f5517,Rakka 
/m/016e1cb4,Ralph 
/m/6dcf8c8a,Ralph Alpher
/m/2294a973,Ralph Baer
/m/a4d73ab2,Ralph Bakshi
/m/4a5dad51,Ralph Bass
/m/601dcc7f,Ralph Bunche
/m/37f0cb04,Ralph Ellison
/m/6bfae348,Ralph Fiennes
/m/790c6eab,Ralph Lauren
/m/c4510ff1,Ralph Nadar
/m/30be5ec7,Ralph Peterson
/m/2e35d4b3,Ralph Roberts
/m/92658e95,Ralph Towner  
/m/738f757b,Ralph Vaughan Williams 
/m/0476f08e,Ram Dass
/m/15a33244,Rama Claproth 
/m/0247b7dd,Ramakrishna Paramhansa
/m/d3a861e3,Raman Raghav 
/m/885b933a,Rami Jaffe
/m/daf22b3b,Ramon Rossi
/m/447b1731,Ramon Vargas
/m/01e14228,Ramzi Abed
/m/c35aee28,Randall Batinkoff
/m/01e492e9,Randall Cunningham 
/m/3e6caa22,Randall Franks
/m/1de93dd3,Randolph J.Bresnik
/m/27129c82,Randy Bachman   
/m/e3f133de,Randy Bradbury 
/m/7b83bf3a,Randy California  
/m/0e32562a,Randy Cook
/m/4e50b539,Randy Grossman
/m/70fbd712,Randy Jackson
/m/c391720a,Randy Meisner 
/m/a817a8ff,Randy Napoleon 
/m/f473bb5b,Randy Newman
/m/78eda9b8,Randy Orton
/m/92ad2405,Randy Poffo
/m/ccd555f1,Randy Rhoads
/m/c3691cf7,Randy Travis
/m/fad181be,Randy VanWarmer 
/m/5895d5ec,Randy Walker
/m/75fab473,Raoul Bott
/m/151b07e4,Raoul Bova
/m/d4edf2c6,Raoul Journo
/m/84fc7720,Raphael
/m/c3592878,Rashi
/m/8c485713,Raul Hilberg
/m/eed9b7ac,Rav Ashi
/m/ee30a632,Rav Yosef
/m/97aca8ae,Rava
/m/84af606e,Raven-Symoné
/m/c4702c47,Ravi Zacharius
/m/e79a0a53,Ravina
/m/1d8c15d6,Ray Arcel
/m/e4ca3fa2,Ray Benson 
/m/b96cee28,Ray Boltz 
/m/bfffcfb9,Ray Brown 
/m/9d2e720d,Ray Charles
/m/d4be0ab7,Ray Davies  
/m/2f9df7e9,Ray Evans
/m/0d992db5,Ray Jackendoff
/m/f18b7dac,Ray Lewis 
/m/d59436e6,Ray Luzier 
/m/6fac1ce8,Ray Manzarek 
/m/f329a9d9,Ray Nagin
/m/9886aa9a,Ray Reach 
/m/700125e0,Ray Shulman 
/m/e68d7e77,Ray Solomonoff
/m/64d778cf,Ray Styajit 
/m/743ab0f6,Ray Toro  
/m/760129ee,Raymond Federman
/m/c516e288,Raymond Kurzweil
/m/8db82b27,Raymond Scott
/m/1f70e960,Raymond Teller
/m/d6db05db,Raymond Zussman
/m/17721679,Rayna Foss 
/m/1b1934d4,Rea Mochiach
/m/dd75d46e,Reb Beach  
/m/80a9708e,Reba McEntire  
/m/c6859c97,Rebecca Walker
/m/6cfdbc4f,Red Auerbach
/m/2604e6c6,Red Baron
/m/0ecd7bcb,Red Buttons
/m/1107a831,Red from The Shawshank Redemption
/m/b69034c3,Red Holzman
/m/c9e2b5c0,Red Jumpsuit Apparatus
/m/8c408721,Red Rhodes 
/m/4dbcdbdd,Red Rodney
/m/c4510227,Rees Howells
/m/e0308f60,Reese Witherspoon
/m/9932b322,Reggie Jackson
/m/cb9e492a,Reggie Mantle
/m/e40c65fd,Reggie Scanlan 
/m/f537461e,Reggie White
/m/3ad800cd,Regina Spektor
/m/9030edf5,Regina Zernay
/m/7f5f99a2,Reginald Arvizu 
/m/2241804a,Regis Philben
/m/20c9deff,Rehoboam
/m/62aa6a5a,Rei 
/m/28a95ba1,Rei Ayanami 
/m/6572d07e,Reinhard Bendix
/m/6fd4cdc5,Reinhard Selten
/m/c4992677,"Reisman, Garrett E."
/m/5d14191f,Reki
/m/2302b94e,Rembrandt
/m/648bbc41,Remus Lupin
/m/cde200d7,Ren and Stimpy
/m/211c1342,Rena Mero 
/m/22795bac,Rena Sofer
/m/7e4dffcc,Renè Creemers
/m/66f1a757,Rene Dreyfus
/m/75a75695,Rene Dupree
/m/40ce41df,Rene Engel
/m/6303b4e5,Rene Pape
/m/46cd73f4,Renee Fleming
/m/40665eb8,Renee Richards
/m/3e903912,Renée Zellweger
/m/50687717,Reuben
/m/1279565b,Reuben Fine
/m/8ab49f67,Reuben Greenberg
/m/fced5f97,Reuben Mattus
/m/30d8d667,Reverend Lovejoy
/m/ce604270,Rex Brown 
/m/08165ac5,Rex Harrison
/m/de99bd00,Rey Mysterio
/m/98b5b973,Rhea Perlman
/m/ac7789a8,Rhonda Byrne
/m/4fed51a5,Rhonda Fleming 
/m/eb7ff428,Ric Craig
/m/c9359a63,Ric Fierabracci 
/m/fe7afe82,Ric Flair
/m/5da8177e,Ric Grech 
/m/d8222457,Ric Ocasek  
/m/c899a918,Ricardo
/m/03ac81db,Ricardo Cortez
/m/89c7105d,Ricardo Iorio 
/m/51e9e945,Riccardo Scamarcio
/m/3deab535,Rich Mullins
/m/ddb8a6ee,Rich Redmond
/m/517c8ade,Rich Robinson
/m/e8d76707,Rich Tschirhart 
/m/3622ca4a,Rich Ward  
/m/8475e84e,Rich Williams
/m/9f6cf11f,Richard Adler
/m/b2a6d1c4,Richard Alpert
/m/538068bc,Richard Arnold
/m/bd59db05,Richard Avedon
/m/59a8783f,Richard Axel
/m/b43be3ad,Richard Bellman
/m/235a6cf8,Richard Belzer
/m/ce70bc31,Richard Benjamin
/m/5da6bfaa,Richard Bona
/m/fc20256c,Richard Boone
/m/7df012cb,Richard Branson 
/m/440e2d77,Richard Brauer
/m/93777fc2,Richard Brooks
/m/8e03abad,Richard Burton
/m/0f200ed9,Richard Campbell
/m/05565508,Richard Cheese
/m/4f144460,Richard Courant
/m/750bf306,Richard Daley
/m/cb6af429,Richard Danielpour
/m/a79b0073,Richard Dreyfuss
/m/e067a893,Richard Dutcher
/m/74990886,Richard Feynman
/m/adada51f,Richard Finch 
/m/5e1b14ac,Richard Fleischer
/m/a30fecbc,Richard Foos
/m/e7be7606,Richard Fortus  
/m/20492417,Richard Frenkiel
/m/573f6d83,Richard Gere
/m/aa1e72f9,Richard Goldstone
/m/e3d66829,Richard Grossman 
/m/a2d43b47,Richard Guyot
/m/39084d00,Richard Hell 
/m/96a24657,Richard Hofstadter
/m/282fe4c3,Richard Howard
/m/d232844c,Richard Ivry
/m/06a4243e,Richard Jones 
/m/06a4243e,Richard Jones 
/m/0b54092c,Richard Karp
/m/37b93d45,Richard Kiel
/m/3f72c185,Richard Kind
/m/d5c41bc2,Richard Kline
/m/c4439184,Richard Kruspe  
/m/48ed0aeb,Richard L. Neuberger
/m/1d463fb1,Richard L. Simon
/m/aeac6935,Richard Levin
/m/7a2bd650,Richard Lewis
/m/21ff99fc,Richard Lewontin
/m/fb1da82e,Richard Lloyd  
/m/fac287d4,Richard Meier
/m/b48837f0,Richard Meltzer 
/m/fee1a39c,Richard Neutra
/m/d33b6158,Richard Oakes  
/m/6370e643,Richard On  
/m/76ffdb8e,Richard P. Feynman
/m/ead75860,Richard P. Stanley
/m/9b8e05c8,Richard Page 
/m/c9990aef,Richard Perle
/m/cdb73f8e,Richard Pryor
/m/dba08ab3,Richard Ramirez 
/m/9169fe9e,Richard Reti
/m/d6f4b1a3,Richard Rich 
/m/94acdb7a,Richard Rodgers
/m/41844487,Richard Rogers
/m/2ed3ead6,Richard Rossi 
/m/03b3c929,Richard Scheufler
/m/7ef435d9,Richard Schiff
/m/3de60d9a,Richard Serra
/m/d111bc99,Richard Sherman
/m/49736730,Richard Simmons
/m/5aa48158,Richard Sinclair 
/m/7bee57c6,Richard Sohl
/m/956ae568,Richard Stallman
/m/27d4037c,Richard Stone
/m/d6be0a0b,Richard Strauss 
/m/d9de314b,Richard Tandy 
/m/e7b8d140,Richard Tee 
/m/59cd456e,Richard Thompson  
/m/8d6c0fac,Richard Tucker
/m/33a4d17b,Richard Wagner 
/m/c8db0e99,Richard Willstatter
/m/a2056a8f,Richard Wright
/m/7797516f,Richie Edwards 
/m/1ac64047,Richie Furay
/m/8113892f,Richie Kotzen 
/m/29871809,Richie Pratt
/m/354fddf5,Richie Rich 
/m/e5838bd1,Richie Sambora  
/m/2bde7859,Rick Apgar
/m/a74a0215,Rick Chertoff
/m/51e944bc,Rick Cua 
/m/f48dd445,Rick Danko 
/m/5bb90e2d,Rick Davies 
/m/788c626c,Rick Derringer  
/m/7ec0c1e0,Rick James
/m/f697ca84,Rick Johnson 
/m/4c3d6902,Rick Kemp 
/m/2c90ad66,Rick Latham
/m/3dacfb02,Rick Moranis
/m/a3dc1f12,Rick Nielsen  
/m/5491d1c2,Rick Nylon  
/m/8b4471a8,Rick Parfitt  
/m/281b5a7d,Rick Perry
/m/c6a8edb9,Rick Renstrom  
/m/1b5c656e,Rick Ross
/m/37541cd8,Rick Rubin of Def Jam
/m/41489e94,Rick Savage 
/m/78f838b5,Rick Steel
/m/10401ffc,Rick Wakeman 
/m/86a74fdd,Rickey Lime  
/m/532a166d,Ricki Lake
/m/ed1870d1,Ricky Jay
/m/49a20377,Ricky Lawson
/m/85c8db29,Ricky Malichi
/m/818ef62d,Ricky Martin
/m/44bea067,Ricky Maymi 
/m/b26fb950,Ricky Nelson 
/m/7ebbaf8f,Rico Villasenor 
/m/e3107edd,Ridley Scott
/m/52855772,Rihanna
/m/df5a18f8,Rik Emmett  
/m/0678d3b6,Rikki Lake
/m/30d10766,Rikki Rockett
/m/0fcbbb2a,Rino Cavalli
/m/c1ef4abb,Rino Corrieri
/m/6320e5b8,Rita Hayworth
/m/faa84ffe,Rita Levi-Montalcini
/m/d6d417de,Rita Rudner
/m/ac634bdd,Ritchie Blackmore  
/m/cb158683,Ritchie Valens 
/m/34d84012,Rits Skeeter
/m/34959f66,Rivaldo 
/m/eeccdcb5,River Phoenix
/m/1da6f860,Rivers Cuomo  
/m/c0a5e0f3,Road Runner
/m/a8a896bc,Roald Hoffmann
/m/18a9a7b7,"Rob ""The Drummer"""
/m/093c1d7d,Rob Boshuijzen
/m/9d945958,Rob Bourdon
/m/c9458963,Rob Cohen
/m/3e3c5138,Rob Conway
/m/349d8105,Rob Derhak 
/m/098b6053,Rob Glaser
/m/3f9bb269,Rob Hyman
/m/c2b0a9bc,Rob Leytham
/m/a3e4a5f1,Rob Malda
/m/c5b52238,Rob Morrow
/m/46284ace,Rob Nicholson
/m/69ba5ab4,Rob Petri
/m/ecec52b0,Rob Reiner
/m/efb5d2d0,Rob Schneider
/m/444481f1,Rob Thomas
/m/263d7deb,Rob Van Dam
/m/e4306554,Rob Wexler
/m/3084833b,Rob Wright 
/m/be970713,Robb Royer 
/m/bdaacdc7,Robben Ford 
/m/ab235c2e,Robbie Ameen
/m/21c39867,Robbie Crane 
/m/8b771ea6,Robbie Krieger
/m/2d40c380,Robbie McAlister
/m/7c8a3a38,Robbie Merrill 
/m/d75fea24,Robbie Roberts
/m/c62b8810,Robbie Robertson
/m/dfc926b9,Robbie Robertson  
/m/a187f27e,Robbie Williams
/m/c43b2728,Robbin Crosby  
/m/8536e509,Robby Benson
/m/c4033b00,Robby Krieger  
/m/c08202e8,Robby Takac 
/m/76ff3f26,"Robert ""Bucket"" Hingley  "
/m/6953cc2b,"Robert ""Pops"" Popwell"
/m/be6d6adf,Robert A. M. Stern
/m/458f8c3f,Robert Adler
/m/586b6aec,Robert Altman
/m/7572ddc3,Robert B. Solomon
/m/7c8ee259,Robert Barany
/m/a7e81043,Robert Bell 
/m/1aefa3d9,Robert Bloch
/m/b821c06b,Robert Boyle
/m/a91c9bfc,Robert Bresson
/m/7566546a,Robert Briscoe
/m/366e3679,Robert Byrd
/m/308dbaf3,Robert Capa
/m/cb238b10,Robert Clary
/m/5166b3e9,Robert Cray 
/m/fcc8e6b8,Robert De Niro
/m/4d59f239,Robert Dean Smith
/m/a1826cb9,Robert DeLeo 
/m/d38615ba,Robert Downey Jr
/m/a701eb7f,Robert Duvall
/m/66c8d5fa,Robert E. Lee 
/m/a8fd5101,Robert E. Rubin
/m/edb2831b,Robert Epstein
/m/e4e8e39c,Robert Evans
/m/53b2a81f,Robert F. Furchgott
/m/44732fe9,Robert Fano
/m/96061d68,Robert Flynn  
/m/3127f0d2,Robert Fogel
/m/6cc3e058,Robert Frank
/m/bf9e2740,Robert Fripp  
/m/df29fb9b,Robert Frost
/m/648affd1,Robert Furchgott
/m/9fc4ee30,Robert Gates
/m/c662b0e2,Robert Gordis
/m/0e949f79,Robert Greenwald
/m/440b39cb,Robert Hardy 
/m/4ebc640e,Robert Heilbroner
/m/a077aa11,Robert Hofstadter
/m/1d460f89,Robert Horvitz
/m/bbea221c,Robert Johnson 
/m/7a553ed9,Robert Jospè
/m/21f7bc37,Robert King Merton
/m/255cd8c4,Robert Klein
/m/3b20055e,Robert Lamm 
/m/864ae2b0,Robert Langer
/m/b3183ee1,Robert Lansing
/m/e9a07cbd,Robert Lee Morris
/m/f949c9ae,Robert Levon Been 
/m/91eab5e6,Robert Lowie
/m/c579cd4b,Robert Ludlum
/m/cca5a45d,Robert Maxwell
/m/9bcd8ba4,Robert Merton
/m/5771b51f,Robert Moses
/m/e8f0d140,Robert Newman 
/m/e499686d,Robert Novak
/m/a6edfb37,Robert Nozick
/m/9cbe81ef,Robert Oppenheimer
/m/5a051494,Robert Pattinson
/m/32d72d0d,Robert Picardo
/m/61708cd7,Robert Pickton
/m/2b52df67,Robert Rauschenberg
/m/546b8b15,Robert Reich
/m/0df304b6,Robert Rosenthal
/m/603a571b,Robert Rossen
/m/862d4110,Robert S. Strauss
/m/6237114c,Robert Schimmel
/m/e588c5ff,Robert Schuller
/m/77ceec51,Robert Schumann  
/m/98c503ba,Robert Schwartzman
/m/aa058908,Robert Sean Leonard
/m/efdbf450,Robert Shapiro
/m/2723a69c,Robert Shaye
/m/07d80a2c,Robert Sherman
/m/dc1453ab,Robert Shi
/m/9221a27c,Robert Silverberg
/m/60de979a,Robert Siodmark
/m/bfcea91f,Robert Slairden
/m/de44c21b,Robert Sledge 
/m/069076f1,Robert Smigel
/m/e143f133,Robert Smith  
/m/110de609,Robert Solow
/m/6e83235a,Robert Sternberg
/m/90060157,Robert T. Sturgeon  
/m/da13e94c,Robert Tappan Morris
/m/ae9279e4,Robert Tench 
/m/d13f98b0,Robert Trujillo
/m/22a0da2f,Robert Walker 
/m/96bc3897,Robert Westerholt  
/m/c26f2800,Robert Wexler
/m/a623b115,Robert Wise
/m/2850504b,Robert Wuhl
/m/c1c1cf2e,Robert Z. Leonard
/m/375e8054,Robert Zemeckis
/m/2691f705,Robert Zimmerman
/m/5af38888,Robertinho Silva
/m/3ba36788,Roberto Alagna
/m/20616312,Roberto Baggio
/m/94ee5254,Roberto Dani
/m/5585d32d,Roberto García 
/m/819aed07,Roberto Gatto
/m/4a7cae05,Roberto Iniesta  
/m/4d1af238,Roberto Rossellini
/m/22d5d814,Robin
/m/aeb38626,"Robin ""Graves"" Eaglestone "
/m/1f03e760,Robin Adnan Anders 
/m/24b995f1,Robin Finck  
/m/8283ce29,Robin Hawkins 
/m/0062a55c,Robin Morgan
/m/89ca4b63,Robin Moulder 
/m/5a3905eb,Robin Shahar
/m/1a7a9326,Robin Trower
/m/3ffe3793,Robin Washington
/m/7abd035e,Robin Williams
/m/31e092e3,Robin Zander  
/m/35b25c24,"Robinson, Stephen K."
/m/e1eb1d31,Rocco Salzano
/m/7ab27ec7,Rocco Siffredi
/m/3c91238b,Rock Lee
/m/ac38d56f,Rock Whittington  
/m/1a462d90,Rockette Morton 
/m/d405e306,Rocky
/m/e7e8f204,Rocky George  
/m/ed69b814,Rocky Gray  
/m/5f38cd71,Rod Argent 
/m/499e291c,Rod Clements 
/m/11bd7023,Rod Jones  
/m/4deea9c9,Rod Morgenstein
/m/34a5a232,Rod Serling
/m/27142cf1,Rod Steiger
/m/d87a9269,Rod Stewart
/m/777c8747,"Roddy ""Radiation"" Byers  "
/m/c1719b31,Roddy Bottum 
/m/877f1144,Rodney Dangerfield
/m/7277e99d,Rodney Frelinghuysen
/m/ec8f1162,Rodney Holmes
/m/001045ce,Rodney Sheppard  
/m/471a7782,Rodrigo González 
/m/b600d18d,Roger Clemens
/m/a606061c,Roger Corman
/m/6be269d3,Roger Davies
/m/59628b16,Roger Glover 
/m/d5e71b13,Roger Manganelli 
/m/a44208b9,Roger McGuinn  
/m/bbf08f43,Roger Miret 
/m/16b9ac70,Roger Montgomery <---- A friend of i-drum.com
/m/f28c9d4a,Roger Odell
/m/e48803bd,Roger O'Donnell 
/m/795cebc9,Roger Patterson 
/m/8f75b5ba,Roger Powell 
/m/3e64642a,Roger Rabbit
/m/2ee0ce97,Roger Rees
/m/3b414602,Roger Taylor
/m/a8f67736,Roger W. Straus Jr.
/m/9c980d61,Roger Waters
/m/b665f4c8,Rogerio Jardim
/m/ae412534,Rogue
/m/cb0755ee,Roland Bautista  
/m/711ed89e,Roland Burris
/m/7baf05d8,Roland de Lassus
/m/bc3a673a,Roland Dyens 
/m/e8c1b601,Roland Orzabal  
/m/40d23678,Roma Downey  
/m/ad8718ed,Roman Abramovich
/m/57e2aef2,Roman Dzindzichashvili
/m/54234870,Roman Jakobson
/m/32243ebc,Roman Miroshnichenko 
/m/54870e64,Roman Polansky
/m/87e7c1c5,Romeo
/m/a0ed749e,Romilda Vane
/m/5d93b6d4,"Ron ""Pigpen"" McKernan "
/m/87b27bf4,Ron Arad
/m/de10d287,Ron Asheton
/m/3b854c70,Ron Blair 
/m/6c878c5e,Ron Block  
/m/0db1b429,Ron Blomberg
/m/8b634c8a,Ron Burgundy 
/m/ca9254ee,Ron Casey
/m/7cd6151a,Ron Field
/m/80da7058,Ron Henderson
/m/4baf40f2,Ron Jeremy
/m/e0581954,Ron Leibman
/m/cfca83d3,Ron Mael
/m/9723fcf4,Ron McGovney 
/m/e2ca6efd,Ron Mix
/m/ed0bba04,Ron Paul
/m/3a760a87,Ron Perelman
/m/17bc159e,Ron Perlman
/m/a6179053,Ron Popeil
/m/177a5b01,Ron Rifkin
/m/76c71a84,Ron Silver
/m/7c682e81,Ron Sommer
/m/3ab5d836,Ron Strykert  
/m/1707c822,Ron Van
/m/e5d51a40,Ron Weasley
/m/59de78e5,Ron Wikso
/m/ea280d3d,Ron Wood  
/m/fb8b6ed2,Ron Wyden
/m/a7546205,Ron Ziegler
/m/f1419f7d,Ronald Dworkin
/m/1f9ba0ce,Ronald Goldman
/m/abca205d,Ronald Lauder
/m/f6413b39,Ronald McDonald
/m/b6144bb9,Ronald O. Perelman
/m/9ce3af3e,Ronald Reagan
/m/16a050ab,Ronald Shannon Jackson
/m/f561fb74,Ronaldinho
/m/ebaeef1f,Roni Benise 
/m/0e3871bb,Ronnie Gilbert
/m/731a3aba,Ronnie James Dio
/m/14f38188,Ronnie Lane 
/m/0ce7cebd,Ronnie Milsap
/m/6029a699,Ronnie Montrose  
/m/4eadc3a4,Roobarb
/m/c14e9dd2,Roope Latvala  
/m/d85627a8,Rory Gallagher
/m/f99a451a,Rory Gilmore
/m/f856a9d3,Rosa Luxemburg
/m/77a01ef8,Rosa Parks
/m/af55ab58,Rosalie Abella
/m/961217d1,Rosalind Franklin
/m/4d491973,Rosalyn Sussman Yalow
/m/768d0f23,Rosalyn Tureck
/m/049a2164,Rosalyn Yalow
/m/34437b54,Rosanna Arquette
/m/6612f86f,Rose Kushner
/m/2d279f49,Rose Michtom
/m/cc5e444a,Rose Zeller
/m/32ad548e,Roseanne Barr
/m/de070249,Roseanne Conner 
/m/6cfe5098,Rosie Grier 
/m/cd81c697,Rosko Gee 
/m/32bfa057,Ross Bleckner
/m/812f5e4d,Ross Friedman
/m/1e4594e3,Ross Perot
/m/2cbd421e,Ross the Boss
/m/bfaaad92,Ross Valory 
/m/a47d3942,Rowdy Roddy Piper
/m/9b7a957d,Rowena Ravenclaw
/m/62c10aee,Roy Bittan
/m/114973c7,Roy Bittan 
/m/f2581a9e,Roy Blumenfeld of The Blues Project
/m/8783f39d,Roy Buchanan 
/m/00e67b3e,Roy C. Bennett
/m/6d480f64,Roy Chernock
/m/cb306d1c,Roy Clark 
/m/b57ff78d,Roy Cohn
/m/927b4c8c,Roy Estrada 
/m/cf009f84,Roy Harper
/m/a253a1b6,Roy Lichtenstein
/m/4bf85880,Roy Mustang 
/m/c7b6484b,Roy Neuberger
/m/a8623a65,Roy Orbison 
/m/1cad5303,Roy Rogers  
/m/891e310e,Roy Wilkins
/m/7c5806a8,Roy Z  
/m/0aa7efee,Roz Chast
/m/63db5535,Rube Goldberg
/m/c3e643aa,Ruben Studdard  
/m/b16a964e,Rubeus Hagrid
/m/e1ca1dec,Rudi Gernreich
/m/817eea82,Rudolf Diesel 
/m/b49533d2,Rudolf Friml
/m/7891c1b2,Rudolf Schoenheimer
/m/dc5b73cf,Rudolf Spielmann
/m/8cf4851b,Rudolf Vrba
/m/02f5c853,Rudolph A. Marcus
/m/76e13d0b,Rudolph Charousek
/m/a3231ad9,Rudolph Schenker  
/m/319de960,Rudolph Serkin
/m/02d28093,Rudolph the Red Nosed Reindeer
/m/ac3d2cf8,Rudy Boschwitz
/m/5aa239d4,Rudy Giuliani
/m/a064e5ed,Rudy Sarzo 
/m/d542874e,Rudyard Kipling
/m/a438b4c5,Rufus Isaacs
/m/d515f045,Rufus Scrimgeour
/m/ded50cd4,Ruggero Raimondi
/m/2f82fdcc,Rupert Grint
/m/8801f1a7,Rupert Murdoch
/m/91bc4ead,Rush Limbaugh
/m/6c20519d,Ruskin Bond
/m/ab1f5158,Russ Blades
/m/d6340247,Russ Miller
/m/781a1e07,Russ Tamblyn  
/m/925ed857,Russel Feingold
/m/4109d7fc,Russell Batiste
/m/8e440541,Russell Crowe
/m/07501356,Russell Kunkel 
/m/67efa611,Russell Leetch 
/m/459d5dd4,Russell Lissack  
/m/6d5498fb,Russell Mael
/m/1533b682,Rustee Allen 
/m/4196a815,Rusty Cooley ) 
/m/c77455af,Ruth Bader Ginsburg
/m/d624ad62,Ruth Barcan Marcus
/m/a31acfd3,Ruth Cohn
/m/3148a49c,Ruth Handler
/m/bf9b6917,Ruth Westheimer
/m/556f477f,Ruud Adrianus Jolie  
/m/03433b59,RX-24 
/m/870c5106,Ry Cooder  
/m/cbce43ab,"Ryan ""Judas"" DePaolo "
/m/8b4d8626,Ryan Adams
/m/b5b15b0a,Ryan Giggs 
/m/452d3e64,Ryan Gosling
/m/83af2390,Ryan Griffiths  
/m/eecf7d8b,Ryan Higa
/m/b607b522,Ryan Hoyle
/m/6e80585b,Ryan Key  
/m/58c7b954,Ryan Martinie 
/m/42c8ed0c,Ryan Mendez  
/m/ab5defd7,Ryan Miller
/m/dcbc5ae5,Ryan Peake  
/m/b3414721,Ryan Ross  
/m/2bafc34b,Ryan Shupe  
/m/c6ae60d6,Ryan Sinn 
/m/57b9a58f,Ryan Tedder  
/m/7f826087,Ryne Hart Bonke
/m/851e3138,Ryo Asuka
/m/59e106c9,Ryo Kawasaki 
/m/e4d2d960,Ryo Owatari  
/m/65687571,Ryoko Hakubi  
/m/af207306,Ryoko 
/m/f249aa70,Ryuusaku Murasame 
/m/17c4d7f6,S. J. Perelman
/m/84d01d3a,Saadia ben Joseph al-Fayumi
/m/bd83092b,Saadia Gaon
/m/55a1c8fd,Sabrina Bryan
/m/3db3720d,Sabu 
/m/84cff582,Sacha Baron-Cohen
/m/b7e2b741,Sad Sack
/m/24df8768,Sada Jacobson
/m/9e4e0774,Saddam Hussein
/m/590afccf,Saharon Shelah
/m/16a09865,Sakito  
/m/80286566,Sakura Kinomoto 
/m/4a122058,Salacious Crumb
/m/0b004d71,Salazar Slytherin
/m/0dbec1dd,Salima Pasha
/m/d7dcc973,Sally Jessy Raphael
/m/5d5d1952,Sally Ride
/m/ce0f2cf2,Sally-Anne Perks
/m/6a3c8f5e,Salma Hayek
/m/1f7aaa26,Salman Rushdie
/m/69fd180a,Salo Flohr
/m/1f88d84c,Salomon Bochner
/m/2ff1e595,Salomon Morel
/m/1b12776c,Salomone Rossi
/m/a2cd32f3,Salvador Dalí
/m/4b0ed386,Salvador Luria
/m/2e103ba9,Sam Aliano
/m/1d65a9a9,Sam Beam  
/m/dfad3f9b,Sam Dash
/m/23aaaa27,Sam Dreben
/m/ae7876dc,Sam Farrar 
/m/ec0bbd82,Sam Fuller
/m/2858ed2d,Sam Glucksberg
/m/f117239b,Sam Goldwyn
/m/ffe638b0,Sam Jaffe
/m/78f7dc7d,Sam Katz
/m/c35c6f42,Sam Katzman
/m/ed3be66f,Sam Levine
/m/5987c0e0,Sam Lynch
/m/49329960,Sam Mendes
/m/234c4922,Sam Raimi
/m/b37c744a,Sam Rivers 
/m/1e951e61,Sam Seder
/m/9e6eaa82,Sam Totman  
/m/927b64f5,Sam Ulano
/m/bd57cb8e,Sam Waksal
/m/c06808a8,Sam Walton 
/m/eb59ab0a,Sam Wannamaker
/m/aa69336b,Samer el Nahhal 
/m/b43484d7,Sami Lopakka  
/m/847624b2,Sami Vänskä 
/m/244693f6,Sami Yaffa 
/m/e3e7f276,Sammy Cahn
/m/120fa56b,Sammy Davis Jr.
/m/071aeff6,Sammy Fain
/m/1fba7cfd,Samson Raphael Hirsch
/m/4f985f1c,Samuel Avital
/m/3d2216d8,Samuel ben Judah ibn Tibbon
/m/9bcc06c4,Samuel Berger
/m/cbcd125c,Samuel Blum
/m/57040e0d,Samuel Bronfman
/m/c10c8d5a,Samuel Byck
/m/55d8ae06,Samuel Eilenberg
/m/ae5a53e5,Samuel Fuller
/m/c8f2c6e6,Samuel Goldwyn
/m/689596a0,Samuel Gompers
/m/b8f96591,Samuel Goudsmit
/m/924fe775,Samuel H. Shapiro
/m/11167cf6,Samuel Hirsch
/m/823dbf71,Samuel Holdheim
/m/edb2477b,Samuel I Newhouse Jr
/m/e99e1024,Samuel Irving Newhouse
/m/86ab171d,Samuel J. LeFrak
/m/3d2e3c2e,Samuel J. Popeil
/m/71f0f75f,Samuel Johnson
/m/be636f12,Samuel Kolstein
/m/6f47c4ed,Samuel Lehrman
/m/f980d682,Samuel Morse 
/m/869a9844,Samuel Reshevsky
/m/e0ff2013,Samuel Sachs
/m/218ac2d5,Samuel Usque
/m/fc55d2dc,Samurai Jack
/m/2dd4c800,Samwise Gamgee 
/m/7e5d6f9e,Sander Gommans  
/m/3152d349,Sander Levin
/m/4d85a9b8,Sandra Bernhard
/m/776132d8,Sandra Bullock
/m/45a6b24f,Sandra Day O'Conner
/m/a4df5ad3,Sandro Baldi
/m/77cc3561,Sandy Berger
/m/15b6bdcd,Sandy Duncan
/m/4afd4e39,Sandy Gennaro
/m/d3d100c4,Sandy Koufax
/m/af0b4473,Sandy Lerner
/m/7d90231c,Sandy Levin
/m/56e3b02f,Sandy Nelson
/m/b2eab1ba,Sandy Pearlman of Blue Oyster Cult
/m/13790f63,Sandy Weill
/m/fbc425b0,Sandy Yagoda
/m/9fa3fe66,Sanford Berman
/m/ae0160b3,Sanford J. Grossman
/m/dbe65c49,Sanford Meisner
/m/7ab7df3f,Santa Claus
/m/93d29597,Santosh Sivan
/m/6009c9be,Sara DeCosta
/m/6bdf1e84,Sara Gilbert
/m/cad6c1e8,Sara Jane Moore
/m/3c4ec516,Sara Jessica Parker
/m/7a03509e,Sara Paxton
/m/4e0ccc62,Sara Whalen
/m/a1440632,Sarah Aaronsohn
/m/1e941fad,Sarah Bernhardt
/m/40c04779,Sarah Bolger
/m/df17191a,Sarah Connor
/m/62c82551,Sarah Foner
/m/53666458,Sarah Gertrude Millin
/m/4cf15a0b,Sarah Hughes
/m/c0702502,Sarah Jessica Parker
/m/77b1f30e,Sarah Michelle Gellar
/m/0b3a1445,Sarah Palin
/m/825c34f9,Sarah Silverman
/m/64e0f4c3,Saruman
/m/ae47a0aa,Sascha Knopf
/m/5ef6a017,Sascha Paeth 
/m/8231189d,Sasha Cohen
/m/62203d10,Sasuke 
/m/455a3d1c,"Satcher, Robert L., Jr."
/m/29dc337b,Saul Alinsky
/m/d5f0dcf3,Saul Bellow
/m/2a7fe9bb,Saul Kripke
/m/f5b8f398,Saul Lieberman
/m/04d79b1a,Saul of Tarsus
/m/5a87d6ea,Saul Rubinek
/m/0819273c,Saul Steinberg
/m/11f50231,Sauron
/m/731b5411,Saviely Tartakover
/m/f04be172,Scabbers
/m/7fdca72f,Scarl 
/m/fa044c44,Scarlet Witch
/m/b22622f6,Scarlett Johansson
/m/fdc5a66d,Scott Amendola 
/m/e85497c4,Scott Asheton
/m/6160699a,Scott Caan
/m/0ec5a2ab,Scott Cohen
/m/6c57dbac,Scott Ford 
/m/61874300,Scott Glenn
/m/26f7694f,Scott Gorham  
/m/a19f70a8,Scott Ian  
/m/37d8966a,Scott Kempner
/m/9362317f,Scott Klopfenstein  
/m/281d4611,Scott Levy
/m/424b104e,Scott Lucas  
/m/9072e3ae,Scott Owen 
/m/145cac91,Scott Reeder 
/m/300b47da,Scott Shields  
/m/14653687,Scott Shriner 
/m/c806ddcb,Scott Simpson  
/m/f31ac3eb,Scott Smith 
/m/4a37227a,Scott Sorry 
/m/ccb0f260,Scott Storch
/m/68b6f51f,Scott Thunes 
/m/b042fcf1,Scott Turow
/m/8dfcaf33,Scott Walker
/m/3c587cd0,Scott Weinger
/m/6dc8ba04,Scott Wolf
/m/68a99446,Scotty Moore 
/m/8fdb0edd,Scratchy
/m/6518dd61,Seamus Finnigan
/m/a1fcd3a3,Sean Christians 
/m/016e9833,Sean Connery
/m/faafb835,Sean Flynn-Amir
/m/9079f0d4,Sean Hayter  
/m/ac10c514,Sean Kingston  
/m/fcc64a31,Sean Kinney
/m/3aa7ea9c,Sean Lennon 
/m/bafe00f4,Sean Malone 
/m/baabf58c,Sean Moore
/m/2f022d50,Sean O'Rourke
/m/b9fbeb7e,Sean Paul
/m/5bf27b69,Sean Penn
/m/024e4ba1,Sean Watkins  
/m/677750d4,Sean Yseult 
/m/2cd7df19,Sebastian Deisler 
/m/0fb98dd2,Sebastian Steinberg 
/m/59c30866,Sebastian Whittaker
/m/0e2533f6,Sebastien Lefebvre  
/m/0dae7e59,Sebulba
/m/6fd8b549,Seizou Tachibana 
/m/0a02610c,Selena Gomez 
/m/1f22fbc9,"Sellers, Piers J."
/m/0641b9af,Selma Blair
/m/6db87d9c,Selman Waksman
/m/5cd40d8f,Semyon Alapin
/m/e4c11729,Semyon Furman
/m/f080f086,Senator Dianne Feinstein
/m/6bf7f4cf,Senda Berenson
/m/26abc5d7,Senor Abravanel
/m/2b9bac75,Serena Williams
/m/2bd50028,Serge Echigo 
/m/ee418bd0,Serge Gainsbourg
/m/5d22e0e2,Serge Prokofiev 
/m/37b0ef43,Serge Stavisky
/m/4e325172,Sergei Einstein
/m/f100dfba,Sergei Parajanov
/m/15cfcc6a,Sergei Rachmaninoff  
/m/c43918fe,Sergei Slonimsky
/m/1a4519f9,Sergey Brin
/m/288b5634,Sergio Assad 
/m/a07ca4d2,Sergio Bellotti
/m/f29f1be3,Sergio Di Natale
/m/bb28e081,Sergio Leone
/m/6535eb6d,Sergio Vega 
/m/7c1bc3ee,Serj Tankian 
/m/400344bd,Seth Green
/m/d12008b1,Seth Justman of The J. Geils Band
/m/0b80f362,Severina Vuckovic
/m/97e76381,Seymore Butts
/m/9424df15,Seymour Cassel
/m/b19e1efc,Seymour Hersh
/m/8e260de8,Seymour I. Rubinstein
/m/f1d0a72c,Seymour L. Essrog
/m/3fcbf4b7,Seymour Martin Lipset
/m/60d7875d,Seymour Papert
/m/cf2f61ca,Sforno
/m/0f26c128,Shaak Ti
/m/6c4d4fda,Shabtai Tzvi
/m/276bc6b6,Shae-Lynn Bourne
/m/7bca5428,Shafi Goldwasser
/m/9144b4f0,Shaggy
/m/80fa1026,Shah Rukh Khan
/m/259a8d89,Shakira
/m/d61795ec,Shalom Aleichem
/m/2d9d872a,Shalom Harlow
/m/1d606e04,Shammai
/m/8681cc12,Shane Embury 
/m/0a7b63ef,Shane Gallagher 
/m/763b1c9d,Shane Lee  
/m/f20c14a1,Shanen Doherty
/m/326bcea9,Shania Twain
/m/28b4082c,Shanne Bradley 
/m/2da52f1c,Shannon Curfman 
/m/d715cd2e,Shannon Sharp
/m/9402ce0d,Shannon Walker
/m/8924ae6e,Shapiro Keats  
/m/596a2939,Shaquille O'Neal
/m/f7968e32,Share Pedersen 
/m/ac04eac8,Shari Lewis
/m/b753baa8,Sharlee d'Angelo 
/m/a21d5dda,Sharmell Sullivan
/m/c17dc4fd,Sharon Osbourne
/m/620d6768,Sharon Stone
/m/bbdadd40,Shaul Mofaz
/m/6626ce1a,Shaun Cooper 
/m/914a8dd5,Shaun White
/m/12399110,Shavo Odadjian 
/m/6b6f47fe,Shawn Dale Barnett
/m/8d5598ed,Shawn Economaki 
/m/ea47312a,Shawn Green
/m/5b77ae3a,Shawn Johnson
/m/dea8c741,Shawn Lane
/m/7c293c59,Shawn Levy
/m/bc66e295,Shawn McLaughlin
/m/a29cc643,Shawn Michaels
/m/d981bf63,Shawn Stern
/m/838ce0c6,Shecky Greene
/m/caadd5eb,She-Hulk
/m/b4fd1b19,Sheila Chipperfield 
/m/47e419f7,Sheila E.
/m/4a423c85,Sheila Taormina 
/m/03fa0985,Shel Silverstein
/m/0f756cff,Sheldon Adelson
/m/aee78287,Sheldon Glashow
/m/53c25e7b,Sheldon Harnick
/m/d15272b9,Sheldon Lee Glashow
/m/939a9f34,Sheldon Leonard
/m/220f73d1,Sheldon Reynolds  
/m/655d1619,Shell Silverstein
/m/51e42111,Shelley Berkley
/m/ea76eaa8,Shelley Berman
/m/056a0b4f,Shelley Morrison
/m/fee3a931,Shelley Winters
/m/641b0201,Shelly Manne
/m/ca8523a3,Shelob
/m/62c5e96f,Shelton Benjamin
/m/53f804d9,Shemaya
/m/77a33ce6,Shemp Howard
/m/4d35916a,Sherman
/m/d073e160,Sherrie Austin
/m/792dd784,Sherrill Milnes
/m/7cfcd30b,Sherwin Wine
/m/faf2b765,Sherwood Schwartz
/m/8e972222,Sheryl Crow
/m/5a1c9bfd,Shia LaBeouf
/m/b0ba1d7e,Shigure Sohma
/m/61eeeb9f,Shikibu-taifu Yasumasa Sakakibara 
/m/de7cd675,Shimon ben Shetach
/m/e61509cd,Shimon Moore  
/m/038a9b6e,Shimon Peres
/m/0e9b83a4,Shin  
/m/3e404435,Shinji Ikari 
/m/76423d6f,Shiri Appleby
/m/8e523e58,Shirley MacLaine
/m/7c297f32,Shirley Polykoff
/m/f48a38ec,Shirley Porter
/m/f0e53eaa,Shirley Povich
/m/b3642d41,Shirley Temple
/m/eb64fb3a,Shlomo Ben Yosef
/m/6fc35e1f,Shlomo Carlebach
/m/2a64524f,Shmuel Howard
/m/1d7d8a80,Shmuel Yosef Agnon
/m/339d0b51,Shneur Zalman of Liadi
/m/8d338a97,Sho Fukamachi 
/m/f74e770b,Sholem Aleichem
/m/c5778cff,Sholem Asch
/m/9ddbc4bf,Sholom Dovber
/m/ea35dbd9,Shraga Feivel Mendlowitz
/m/f9e3e865,Shrek
/m/e5ae1ada,Shrimp Howard
/m/70cfa8e7,Shulamit Ran
/m/d9f60ee9,Shunsuke Nakamura 
/m/c0502fa1,Sick Puppies
/m/56f2ff5c,Sid Barret
/m/0704c420,Sid Caesar
/m/41676d50,Sid Einfeld
/m/a9f5db7a,Sid Gillman
/m/8145b786,Sid James
/m/8f81936d,Sid Luckman
/m/10b395a4,Sid Tepper
/m/3e1184dd,Sid Vicious
/m/9860882a,Sideshow Bob
/m/049dd188,Sidney Altman
/m/f83e0a75,Sidney Blumenthal
/m/89966ab6,Sidney Bradford
/m/f9196ff0,Sidney Franklin
/m/ea1c5efd,Sidney Hillman
/m/67626335,Sidney Hook
/m/72435f3b,Sidney Kimmel
/m/7c9689f9,Sidney Kingsley
/m/344f87f5,Sidney Lumet
/m/13655f1b,Sidney Poitier
/m/be7be6ba,Sidney Pollack
/m/3d1418d2,Sidney Reilly
/m/e1e6e711,Sidney Sheldon
/m/1ad8e11e,Sidney Shulemson
/m/02a1c6db,Siegbert Tarrasch
/m/01e428f3,Siegfried Sassoon
/m/b678db7c,Sienna Miller
/m/1db11a70,Sigmund Freud
/m/625fb719,Sigmund Romberg
/m/3efa5284,Sigourney Weaver
/m/128d84ed,Silvan Shalom
/m/95b47240,Silver Surfer
/m/fb004570,Silvia Sidney
/m/d4710d88,Silvio Berlusconi
/m/8d0e3879,Simba
/m/95fb5497,Simeon bar Yohai
/m/78ed50b4,Simeon Dimanstein
/m/2a8137ec,Simon Andersson 
/m/c2d7f5c1,Simon Ash
/m/ad0f66b6,Simon Bamberger
/m/0f3d5fc9,Simon bar Kokhba
/m/055f9d92,Simon ben Yohai
/m/2b3eb3de,Simon Berriman
/m/46d936a4,Simon Gallup 
/m/50afddbe,Simon Guggenheim
/m/2bf9b1bc,Simon Jones 
/m/3992c469,Simon Keenlyside
/m/1c93e119,Simon Kirke
/m/8e7f5f56,Simon Kuznets
/m/1b6bb9cc,Simon of Galilee
/m/bcb06ffa,Simon Phillips
/m/71b774c2,Simon Ramo
/m/a9474b06,Simon Rex
/m/98a6c632,Simon Tong  
/m/a17aecdb,Simon Townshend  
/m/d758afcf,Simon Wiesenthal
/m/f46a68fe,Simon Winawer
/m/8bf0d4c6,Simone Signoret
/m/f9c66c57,Simone Weil
/m/a9ab98ba,Sinclair Lewis
/m/7a9824ab,Sir Nicholas De Mimsey Porpington
/m/c805194e,Sirius Black
/m/59197446,Sisely Treasure 
/m/08dbba59,Skinner 
/m/bc7225db,Skip Bertman
/m/c6934b5d,Skip Hadden
/m/26523751,Skwisgaar Skwigelf  
/m/358cfe58,Slash
/m/746191d9,Sleepthief
/m/5d9a2f28,Slim Whitman 
/m/85a3bdfe,Slumber Party Girls
/m/9d8269ac,Smithers 
/m/ba986d6c,Smokey Robinso 
/m/92935c59,Smurfs
/m/bf8a3464,"Snap, Crackle and Pop"
/m/60fad61b,Sneakers O'Toole
/m/23812c52,Snidely Whiplash
/m/968c10f8,Snoop Dogg
/m/a61c650b,Snoopy
/m/dafa3a73,Snow White and the Seven Dwarfs
/m/e4e46268,Snowy Shaw 
/m/ca70b6fd,Snowy White  
/m/41c5cdc0,Sol LeWitt
/m/53a86fd2,Sol Schiff
/m/2afc3e27,Sol Star
/m/9e74565a,Sol Yurick
/m/291d50d4,Sola Akingbola 
/m/eae26b77,Sollie McElroy of The Flamingos
/m/793b7c74,"Solomon ""Soul Glow Activator"" Olds "
/m/2a5cf415,Solomon Asch
/m/88d6fa87,Solomon ben Yehuda ibn Gabirol
/m/d1bde054,Solomon Bush
/m/3709d131,Solomon Etting
/m/2c58a0e3,Solomon Feferman
/m/b09e6a0d,Solomon Golomb
/m/31e6cb61,Solomon H. Snyder
/m/b2bd0f85,Solomon Kullback
/m/efa3daac,Solomon Lefschetz
/m/f81d99a0,Solomon Mikhoels
/m/b9895006,Solomon Passy
/m/0f974a2a,Solomon Schechter
/m/862b8dce,Solomon Zeitlin
/m/ccd5614c,Sonia
/m/cefdcfad,Sonia Ganassi
/m/07bd079b,Sonia Sotomayor
/m/b916004e,Sonny Shroyer
/m/c41d4d24,Sons of the San Joaquin
/m/a28bbf7f,Sophia Loren
/m/c5d59d23,Sophie Okonedo
/m/bb9eac81,Sophie Tucker
/m/42091c4c,Søren Nystrøm Rasted 
/m/9ac7ae33,Sorrell Booke
/m/2522b497,Soundwave
/m/adf940a7,Soupy Sales
/m/5e2ee617,Speed Buggy
/m/c8d04bf8,Speed Racer
/m/913ba554,Spencer Dryden of Jefferson Airplane
/m/a29f603d,Spencer Raymond
/m/c149fef7,Spencer Tracy
/m/c97d0ad8,Spider Man
/m/d2238144,Spider Pork
/m/f8582dea,Spider-Man
/m/9378f6fa,Spike Jonze
/m/1650a23a,Spike Lee
/m/f42a85c5,Spike Slawson 
/m/773a3256,Spike Spiegel  
/m/37995b67,Spirited Away
/m/b6014244,Spiro Agnew
/m/7b81f2d0,SpongeBob Squarepants
/m/a025edbb,Sprouse Twins
/m/bae3daa5,Squiddly Diddly
/m/871cc558,Sri Aurobindo
/m/3851552c,Srul Irving Glick
/m/bed7ce8f,St. Teresa of Avila
/m/d8b55bf4,Stacey Keibler
/m/4cb21545,Stacy Ferguson
/m/76ce8b2e,Stacy Jones  
/m/1b4c23c9,Stalebread Lacombe
/m/dd5b11a3,Stan Brakhage
/m/6cddeaa0,Stan Freberg
/m/926196a6,Stan Getz
/m/f074ae1c,Stan Lee
/m/1fa06348,Stan Lynch of Tom Petty and the Heartbreakers
/m/dc507790,Stan Marsh
/m/532b987e,Stan Thompson
/m/26a28b56,Stanford Olsen 
/m/885a8a62,Stanford Ovshinsky
/m/1b474e16,Stanislaw Jerzy Lec
/m/ca3aec40,Stanislaw Ulam
/m/04310b48,Stanley Bing
/m/fefc11cb,Stanley Cavell
/m/b8bb6af7,Stanley Clarke 
/m/e53777d7,Stanley Cohen
/m/1a42967a,Stanley Donen
/m/850bc432,Stanley Druckenmiller
/m/116f6236,Stanley Fish
/m/f117bf49,Stanley H. Hyman
/m/e1f0727b,Stanley Jordan 
/m/cba0b96e,Stanley Kramer
/m/19ad70b7,Stanley Kubrick
/m/bf033125,Stanley Kunitz
/m/ac53c746,Stanley Levison
/m/109704fb,Stanley Marcus
/m/f7f1f385,Stanley Milgram
/m/701f888c,Stanley Miller
/m/35ba3a83,Stanley Mosk
/m/a664ee4e,Stanley Prusiner
/m/6b50cb4e,Stanley Schachter 
/m/ad2ed6be,Stanton Moore
/m/5ffcd788,Starfire
/m/9c17db3d,Starkiller
/m/868616d2,Steely Dan
/m/caa762cf,Stefan Grossman
/m/c10db80f,Stefan Lessard 
/m/6f7a3c2f,Stefan Olsdal 
/m/dca00bf6,Stefan Zweig
/m/4cd98442,Stefano Bertolotti
/m/094e0369,Stefano Incani
/m/fe963158,Stefano Paolini
/m/f2e44e53,Stefano Pesapane
/m/8520daf8,Stefy
/m/5943921f,Steinar Eikum 
/m/297cd84a,Stella Adler
/m/3479c60e,Stella McCartney
/m/559141bd,Stephan Jenkins  
/m/4c79b930,Stephane Bertrand
/m/4e634f3d,Stephane Chamberland
/m/60cc6a6d,Stephanie McIntosh
/m/f104a215,Stephanie McMahon
/m/7ce70839,Stephanie Meyer
/m/f84fa91d,Stephanie Zimbalist
/m/faa0b647,Stephen Ambrose
/m/6d7e73c5,Stephen Appiah 
/m/26fe53fe,Stephen Baldwin
/m/b743d71b,Stephen Belson
/m/5200f82d,Stephen Bladd of The J. Geils Band
/m/27cb9916,Stephen Carpenter  
/m/33665741,Stephen Christian  
/m/babb1d7a,Stephen Colbert
/m/178737ee,Stephen Dorff
/m/3396be7e,Stephen Egerton  
/m/8682de9c,Stephen Elliott
/m/810b9c9f,Stephen Fry
/m/b2cda1d6,Stephen Furst
/m/400925b6,Stephen G. Breyer
/m/4e43bbc2,Stephen Hawking
/m/c75abe6e,Stephen Hill
/m/5cab8ff9,Stephen Jay Gould
/m/9d0f1bdd,Stephen King
/m/f8b0e074,Stephen Lang
/m/512eb69a,Stephen Macht
/m/53abd2d0,Stephen Malkmus  
/m/fdbf104d,Stephen McNally  
/m/2f5ef738,Stephen Perkins
/m/a94f272c,Stephen S. Wise
/m/b595ae17,Stephen Schwartz
/m/f478f861,Stephen Solarz
/m/99ac0386,Stephen Sondheim
/m/76017f83,Stephen Spender
/m/87c8bfc5,Stephen Spielberg
/m/16041cea,Stephen Stills  
/m/6f9c3b24,Stephen Wiesner
/m/64f186dc,Stephen Wozniak
/m/70957b49,Sterling Morrison  
/m/6652ebe7,Stet Howland
/m/ea860018,"Steve ""The Colonel"" Cropper  "
/m/ee668a20,Steve Alexander 
/m/99636261,Steve Amerson  
/m/3c551963,Steve Austin
/m/f2f0e07b,Steve Bailey 
/m/c8eb2da2,Steve Ballmer
/m/5ba5c8ec,Steve Barney
/m/f5b32bf2,Steve Barri
/m/fb0fc04b,Steve Bartek  
/m/dc5d04e0,Steve Berlin
/m/09d93e9c,Steve Bond
/m/40510c93,Steve Boone 
/m/ab7ed8f9,Steve Borden
/m/9ee9dbcb,Steve Carrel
/m/25244130,Steve Chen
/m/25d6075d,Steve Clark  
/m/1cd54f6e,Steve Craddock 
/m/e09cf562,Steve Currie 
/m/83405f96,Steve Davis
/m/86f2a00d,Steve Diggle  
/m/1009dc9a,Steve Diggle 
/m/ab738ffd,Steve DiGiorgio 
/m/4e0d0703,Objects
/m/5ef65c02,Animal